Workbook
Name ____str1: #REF!
Name ____str1: #REF!
Name ____str1: #REF!
Name ____str1: #REF!
Name ____str1: #REF!
Name ____str1: #REF!
Name ____str1: #REF!
Name ____str2: #REF!
Name ____str2: #REF!
Name ____str2: #REF!
Name ____str2: #REF!
Name ____str2: #REF!
Name ____str2: #REF!
Name ____str3: #REF!
Name ____str3: #REF!
Name ____str3: #REF!
Name ____str3: #REF!
Name ____str3: #REF!
Name ____str3: #REF!
Name ___str1: #REF!
Name ___str2: #REF!
Name ___str3: #REF!
Name __str1: #REF!
Name __str2: #REF!
Name __str3: #REF!
Name _1Excel_BuiltIn_Print_Area_1_1: #REF!
Name _str1: #REF!
Name _str1: #REF!
Name _str1: #REF!
Name _str1: #REF!
Name _str1: #REF!
Name _str1: #REF!
Name _str2: #REF!
Name _str2: #REF!
Name _str2: #REF!
Name _str2: #REF!
Name _str3: #REF!
Name _str3: #REF!
Name A: #REF!
Name A: #REF!
Name A: #REF!
Name A: #REF!
Name A: #REF!
Name A: #REF!
Name A: #REF!
Name A: #REF!
Name A: #REF!
Name ABL: #REF!
Name ada: #REF!
Name ada: #REF!
Name ada: #REF!
Name ada: #REF!
Name ada: #REF!
Name ada: #REF!
Name ada: #REF!
Name ARCH_LAB: #REF!
Name ARCH_LAB: #REF!
Name ARCH_LAB: #REF!
Name ARCH_LAB: #REF!
Name ARCH_LAB: #REF!

Sheet OKMD
A1: WBS-1 | B1: WBS-2 | C1: WBS-3 | D1: WBS-4 | E1: Description | G1: Unit | H1: Qty | I1: Material | J1: Labor | K1: Amount
E2: {=_xlfn.LET(_xlpm.c,'RC1_Structure_RE'!C31, _xlpm.b, 'RC1_Structure_RE'!B31, IF(_xlpm.c<>"", _xlpm.c, _xlpm.b))} -> งานเสาเข็ม Pile wall และระบบค้ำยันใต้ดิน
A3: STR | B3: Sub-Structure | C3: Pilling | D3: Pilling | E3: {=_xlfn.LET(_xlpm.c,'RC1_Structure_RE'!C32, _xlpm.b, 'RC1_Structure_RE'!B32, IF(_xlpm.c<>"", _xlpm.c, _xlpm.b))} -> งานเสาเข็มอาคาร
A4: STR | B4: Sub-Structure | C4: Pilling | D4: Pilling | E4: {=_xlfn.LET(_xlpm.c,'RC1_Structure_RE'!C33, _xlpm.b, 'RC1_Structure_RE'!B33, IF(_xlpm.c<>"", _xlpm.c, _xlpm.b))} -> เสาเข็มเจาะชนิดเปียก Type-1 Dia 0.60 Pile Tip -35.00 m. | G4: ='RC1_Structure_RE'!F33 -> ต้น | H4: ='RC1_Structure_RE'!E33 -> 537 | I4: ='RC1_Structure_RE'!I33 -> 37149202 | J4: ='RC1_Structure_RE'!L33 -> 0 | K4: ='RC1_Structure_RE'!M33 -> 37149202
A5: STR | B5: Sub-Structure | C5: Pilling | D5: Pilling | E5: {=_xlfn.LET(_xlpm.c,'RC1_Structure_RE'!C34, _xlpm.b, 'RC1_Structure_RE'!B34, IF(_xlpm.c<>"", _xlpm.c, _xlpm.b))} -> เสาเข็มเจาะชนิดเปียก Type-2 Dia 0.60 Pile Tip -35.00 m. | G5: ='RC1_Structure_RE'!F34 -> ต้น | H5: ='RC1_Structure_RE'!E34 -> 9 | I5: ='RC1_Structure_RE'!I34 -> 687141.29 | J5: ='RC1_Structure_RE'!L34 -> 0 | K5: ='RC1_Structure_RE'!M34 -> 687141.29
A6: STR | B6: Sub-Structure | C6: Pilling | D6: Pilling | E6: {=_xlfn.LET(_xlpm.c,'RC1_Structure_RE'!C35, _xlpm.b, 'RC1_Structure_RE'!B35, IF(_xlpm.c<>"", _xlpm.c, _xlpm.b))} -> งานตัดหัวเสาเข็ม | G6: ='RC1_Structure_RE'!F35 -> ต้น | H6: ='RC1_Structure_RE'!E35 -> 537 | I6: ='RC1_Structure_RE'!I35 -> 0 | J6: ='RC1_Structure_RE'!L35 -> 301227.37 | K6: ='RC1_Structure_RE'!M35 -> 301227.37
A7: STR | B7: Sub-Structure | C7: Pilling | D7: Pilling | E7: {=_xlfn.LET(_xlpm.c,'RC1_Structure_RE'!C36, _xlpm.b, 'RC1_Structure_RE'!B36, IF(_xlpm.c<>"", _xlpm.c, _xlpm.b))} -> งานทดสอบเสาเข็ม | G7: ='RC1_Structure_RE'!F36 -> 0 | H7: ='RC1_Structure_RE'!E36 -> 0 | I7: ='RC1_Structure_RE'!I36 -> 0 | J7: ='RC1_Structure_RE'!L36 -> 0 | K7: ='RC1_Structure_RE'!M36 -> 0
A8: STR | B8: Sub-Structure | C8: Pilling | D8: Pilling | E8: {=_xlfn.LET(_xlpm.c,'RC1_Structure_RE'!C37, _xlpm.b, 'RC1_Structure_RE'!B37, IF(_xlpm.c<>"", _xlpm.c, _xlpm.b))} -> DYNAMIC LOAD TEST | G8: ='RC1_Structure_RE'!F37 -> ต้น | H8: ='RC1_Structure_RE'!E37 -> 3 | I8: ='RC1_Structure_RE'!I37 -> 11218.897 | J8: ='RC1_Structure_RE'!L37 -> 0 | K8: ='RC1_Structure_RE'!M37 -> 11218.897
A9: STR | B9: Sub-Structure | C9: Pilling | D9: Pilling | E9: {=_xlfn.LET(_xlpm.c,'RC1_Structure_RE'!C38, _xlpm.b, 'RC1_Structure_RE'!B38, IF(_xlpm.c<>"", _xlpm.c, _xlpm.b))} -> SEISMIC TEST | G9: ='RC1_Structure_RE'!F38 -> ต้น | H9: ='RC1_Structure_RE'!E38 -> 546 | I9: ='RC1_Structure_RE'!I38 -> 0 | J9: ='RC1_Structure_RE'!L38 -> 61255.175 | K9: ='RC1_Structure_RE'!M38 -> 61255.175
A10: STR | B10: Sub-Structure | C10: Soil Protection | D10: Pile Wall | E10: {=_xlfn.LET(_xlpm.c,'RC1_Structure_RE'!C39, _xlpm.b, 'RC1_Structure_RE'!B39, IF(_xlpm.c<>"", _xlpm.c, _xlpm.b))} -> งานเสาเข็ม Pilewall | G10: ='RC1_Structure_RE'!F39 -> 0 | H10: ='RC1_Structure_RE'!E39 -> 0 | I10: ='RC1_Structure_RE'!I39 -> 0 | J10: ='RC1_Structure_RE'!L39 -> 0 | K10: ='RC1_Structure_RE'!M39 -> 0
A11: STR | B11: Sub-Structure | C11: Soil Protection | D11: Pile Wall | E11: {=_xlfn.LET(_xlpm.c,'RC1_Structure_RE'!C40, _xlpm.b, 'RC1_Structure_RE'!B40, IF(_xlpm.c<>"", _xlpm.c, _xlpm.b))} -> เสาเข็มเจาะชนิดเปียก Type-1 Dia 0.60 x 18 m. | G11: ='RC1_Structure_RE'!F40 -> ต้น | H11: ='RC1_Structure_RE'!E40 -> 608 | I11: ='RC1_Structure_RE'!I40 -> 27376168 | J11: ='RC1_Structure_RE'!L40 -> 0 | K11: ='RC1_Structure_RE'!M40 -> 27376168
A12: STR | B12: Sub-Structure | C12: Soil Protection | D12: Pile Wall | E12: {=_xlfn.LET(_xlpm.c,'RC1_Structure_RE'!C41, _xlpm.b, 'RC1_Structure_RE'!B41, IF(_xlpm.c<>"", _xlpm.c, _xlpm.b))} -> เสาเข็มเจาะชนิดเปียก Type-2 Dia 0.60 x 18 m. | G12: ='RC1_Structure_RE'!F41 -> ต้น | H12: ='RC1_Structure_RE'!E41 -> 67 | I12: ='RC1_Structure_RE'!I41 -> 3164138.3 | J12: ='RC1_Structure_RE'!L41 -> 0 | K12: ='RC1_Structure_RE'!M41 -> 3164138.3
E30: {=_xlfn.LET(_xlpm.c,'RC1_Structure_RE'!C59, _xlpm.b, 'RC1_Structure_RE'!B59, IF(_xlpm.c<>"", _xlpm.c, _xlpm.b))} -> งานโครงสร้างฐานรากและชั้นใต้ดิน | G30: ='RC1_Structure_RE'!F59 -> 0 | H30: ='RC1_Structure_RE'!E59 -> 0 | I30: ='RC1_Structure_RE'!I59 -> 0 | J30: ='RC1_Structure_RE'!L59 -> 0 | K30: ='RC1_Structure_RE'!M59 -> 0
A31: STR | B31: Sub-Structure | C31: Foundation | D31: Foundation | E31: {=_xlfn.LET(_xlpm.c,'RC1_Structure_RE'!C60, _xlpm.b, 'RC1_Structure_RE'!B60, IF(_xlpm.c<>"", _xlpm.c, _xlpm.b))} -> โครงสร้างฐานราก | G31: ='RC1_Structure_RE'!F60 -> 0 | H31: ='RC1_Structure_RE'!E60 -> 0 | I31: ='RC1_Structure_RE'!I60 -> 0 | J31: ='RC1_Structure_RE'!L60 -> 0 | K31: ='RC1_Structure_RE'!M60 -> 0
A32: STR | B32: Sub-Structure | C32: Foundation | D32: Foundation | E32: {=_xlfn.LET(_xlpm.c,'RC1_Structure_RE'!C61, _xlpm.b, 'RC1_Structure_RE'!B61, IF(_xlpm.c<>"", _xlpm.c, _xlpm.b))} -> งานขุดดิน และถมกลับ | G32: ='RC1_Structure_RE'!F61 -> ลบ.ม. | H32: ='RC1_Structure_RE'!E61 -> 6016 | I32: ='RC1_Structure_RE'!I61 -> 0 | J32: ='RC1_Structure_RE'!L61 -> 629933.56 | K32: ='RC1_Structure_RE'!M61 -> 629933.56
A33: STR | B33: Sub-Structure | C33: Foundation | D33: Foundation | E33: {=_xlfn.LET(_xlpm.c,'RC1_Structure_RE'!C62, _xlpm.b, 'RC1_Structure_RE'!B62, IF(_xlpm.c<>"", _xlpm.c, _xlpm.b))} -> งานทรายหยาบบดอัดแน่น | G33: ='RC1_Structure_RE'!F62 -> ลบ.ม. | H33: ='RC1_Structure_RE'!E62 -> 80 | I33: ='RC1_Structure_RE'!I62 -> 38019.345 | J33: ='RC1_Structure_RE'!L62 -> 7778.435 | K33: ='RC1_Structure_RE'!M62 -> 45797.78
A34: STR | B34: Sub-Structure | C34: Foundation | D34: Foundation | E34: {=_xlfn.LET(_xlpm.c,'RC1_Structure_RE'!C63, _xlpm.b, 'RC1_Structure_RE'!B63, IF(_xlpm.c<>"", _xlpm.c, _xlpm.b))} -> งานคอนกรีตหยาบ | G34: ='RC1_Structure_RE'!F63 -> ลบ.ม. | H34: ='RC1_Structure_RE'!E63 -> 160 | I34: ='RC1_Structure_RE'!I63 -> 367979.81 | J34: ='RC1_Structure_RE'!L63 -> 63723.332 | K34: ='RC1_Structure_RE'!M63 -> 431703.14
A35: STR | B35: Sub-Structure | C35: Foundation | D35: Foundation | E35: {=_xlfn.LET(_xlpm.c,'RC1_Structure_RE'!C64, _xlpm.b, 'RC1_Structure_RE'!B64, IF(_xlpm.c<>"", _xlpm.c, _xlpm.b))} -> งานเหล็กเสริม | G35: ='RC1_Structure_RE'!F64 -> 0 | H35: ='RC1_Structure_RE'!E64 -> 0 | I35: ='RC1_Structure_RE'!I64 -> 0 | J35: ='RC1_Structure_RE'!L64 -> 0 | K35: ='RC1_Structure_RE'!M64 -> 0
A36: STR | B36: Sub-Structure | C36: Foundation | D36: Foundation | E36: {=_xlfn.LET(_xlpm.c,'RC1_Structure_RE'!C65, _xlpm.b, 'RC1_Structure_RE'!B65, IF(_xlpm.c<>"", _xlpm.c, _xlpm.b))} -> ขนาดเส้นผ่านศูนย์กลาง 12 ม.ม. SD-50 | G36: ='RC1_Structure_RE'!F65 -> กก. | H36: ='RC1_Structure_RE'!E65 -> 6914 | I36: ='RC1_Structure_RE'!I65 -> 125723.91 | J36: ='RC1_Structure_RE'!L65 -> 23270.235 | K36: ='RC1_Structure_RE'!M65 -> 148994.15
A37: STR | B37: Sub-Structure | C37: Foundation | D37: Foundation | E37: {=_xlfn.LET(_xlpm.c,'RC1_Structure_RE'!C66, _xlpm.b, 'RC1_Structure_RE'!B66, IF(_xlpm.c<>"", _xlpm.c, _xlpm.b))} -> ขนาดเส้นผ่านศูนย์กลาง 16 ม.ม. SD-50 | G37: ='RC1_Structure_RE'!F66 -> กก. | H37: ='RC1_Structure_RE'!E66 -> 13573 | I37: ='RC1_Structure_RE'!I66 -> 244273.01 | J37: ='RC1_Structure_RE'!L66 -> 45682.225 | K37: ='RC1_Structure_RE'!M66 -> 289955.23
A38: STR | B38: Sub-Structure | C38: Foundation | D38: Foundation | E38: {=_xlfn.LET(_xlpm.c,'RC1_Structure_RE'!C67, _xlpm.b, 'RC1_Structure_RE'!B67, IF(_xlpm.c<>"", _xlpm.c, _xlpm.b))} -> ขนาดเส้นผ่านศูนย์กลาง 20 ม.ม. SD-50 | G38: ='RC1_Structure_RE'!F67 -> กก. | H38: ='RC1_Structure_RE'!E67 -> 13680 | I38: ='RC1_Structure_RE'!I67 -> 246198.69 | J38: ='RC1_Structure_RE'!L67 -> 39647.58 | K38: ='RC1_Structure_RE'!M67 -> 285846.27
A39: STR | B39: Sub-Structure | C39: Foundation | D39: Foundation | E39: {=_xlfn.LET(_xlpm.c,'RC1_Structure_RE'!C68, _xlpm.b, 'RC1_Structure_RE'!B68, IF(_xlpm.c<>"", _xlpm.c, _xlpm.b))} -> ขนาดเส้นผ่านศูนย์กลาง 25 ม.ม. SD-50 | G39: ='RC1_Structure_RE'!F68 -> กก. | H39: ='RC1_Structure_RE'!E68 -> 64375 | I39: ='RC1_Structure_RE'!I68 -> 1158555.6 | J39: ='RC1_Structure_RE'!L68 -> 186572.59 | K39: ='RC1_Structure_RE'!M68 -> 1345128.2
A40: STR | B40: Sub-Structure | C40: Foundation | D40: Foundation | E40: {=_xlfn.LET(_xlpm.c,'RC1_Structure_RE'!C69, _xlpm.b, 'RC1_Structure_RE'!B69, IF(_xlpm.c<>"", _xlpm.c, _xlpm.b))} -> ขนาดเส้นผ่านศูนย์กลาง 28 ม.ม. SD-50 | G40: ='RC1_Structure_RE'!F69 -> กก. | H40: ='RC1_Structure_RE'!E69 -> 3222 | I40: ='RC1_Structure_RE'!I69 -> 57986.269 | J40: ='RC1_Structure_RE'!L69 -> 9338.0486 | K40: ='RC1_Structure_RE'!M69 -> 67324.318
A41: STR | B41: Sub-Structure | C41: Foundation | D41: Foundation | E41: {=_xlfn.LET(_xlpm.c,'RC1_Structure_RE'!C70, _xlpm.b, 'RC1_Structure_RE'!B70, IF(_xlpm.c<>"", _xlpm.c, _xlpm.b))} -> ลวดผูกเหล็ก | G41: ='RC1_Structure_RE'!F70 -> กก. | H41: ='RC1_Structure_RE'!E70 -> 1832 | I41: ='RC1_Structure_RE'!I70 -> 46415.567 | J41: ='RC1_Structure_RE'!L70 -> 0 | K41: ='RC1_Structure_RE'!M70 -> 46415.567
A42: STR | B42: Sub-Structure | C42: Foundation | D42: Foundation | E42: {=_xlfn.LET(_xlpm.c,'RC1_Structure_RE'!C71, _xlpm.b, 'RC1_Structure_RE'!B71, IF(_xlpm.c<>"", _xlpm.c, _xlpm.b))} -> งานไม้แบบ | G42: ='RC1_Structure_RE'!F71 -> 0 | H42: ='RC1_Structure_RE'!E71 -> 0 | I42: ='RC1_Structure_RE'!I71 -> 0 | J42: ='RC1_Structure_RE'!L71 -> 0 | K42: ='RC1_Structure_RE'!M71 -> 0
... A199: STR | B199: Sub-Structure | C199: Underground Tank | D199: Gutter | E199: {=_xlfn.LET(_xlpm.c,'RC1_Structure_RE'!C228, _xlpm.b, 'RC1_Structure_RE'!B228, IF(_xlpm.c<>"", _xlpm.c, _xlpm.b))} -> งานคอนกรีตโครงสร้าง 320 ksc.ผสมน้ำยากันซึม | G199: ='RC1_Structure_RE'!F228 -> ลบ.ม. | H199: ='RC1_Structure_RE'!E228 -> 136.8 | I199: ='RC1_Structure_RE'!I228 -> 289043.65 | J199: ='RC1_Structure_RE'!L228 -> 66377.723 | K199: ='RC1_Structure_RE'!M228 -> 355421.37
E216: {=_xlfn.LET(_xlpm.c,'RC1_Structure_RE'!C245, _xlpm.b, 'RC1_Structure_RE'!B245, IF(_xlpm.c<>"", _xlpm.c, _xlpm.b))} -> งานโครงสร้าง คาน พื้น เสา ผนังชั้น 1
E217: {=_xlfn.LET(_xlpm.c,'RC1_Structure_RE'!C246, _xlpm.b, 'RC1_Structure_RE'!B246, IF(_xlpm.c<>"", _xlpm.c, _xlpm.b))} -> 0 | G217: ='RC1_Structure_RE'!F246 -> 0 | H217: ='RC1_Structure_RE'!E246 -> 0 | I217: ='RC1_Structure_RE'!I246 -> 0 | J217: ='RC1_Structure_RE'!L246 -> 0 | K217: ='RC1_Structure_RE'!M246 -> 0
A218: STR | B218: Super Structure | C218: Gr.Floor | D218: Beam | E218: {=_xlfn.LET(_xlpm.c,'RC1_Structure_RE'!C247, _xlpm.b, 'RC1_Structure_RE'!B247, IF(_xlpm.c<>"", _xlpm.c, _xlpm.b))} -> โครงสร้างคาน ชั้น 1 | G218: ='RC1_Structure_RE'!F247 -> 0 | H218: ='RC1_Structure_RE'!E247 -> 0 | I218: ='RC1_Structure_RE'!I247 -> 0 | J218: ='RC1_Structure_RE'!L247 -> 0 | K218: ='RC1_Structure_RE'!M247 -> 0
A219: STR | B219: Super Structure | C219: Gr.Floor | D219: Beam | E219: {=_xlfn.LET(_xlpm.c,'RC1_Structure_RE'!C248, _xlpm.b, 'RC1_Structure_RE'!B248, IF(_xlpm.c<>"", _xlpm.c, _xlpm.b))} -> งานขุดดิน และถมกลับ | G219: ='RC1_Structure_RE'!F248 -> ลบ.ม. | H219: ='RC1_Structure_RE'!E248 -> 231 | I219: ='RC1_Structure_RE'!I248 -> 0 | J219: ='RC1_Structure_RE'!L248 -> 24187.941 | K219: ='RC1_Structure_RE'!M248 -> 24187.941
A220: STR | B220: Super Structure | C220: Gr.Floor | D220: Beam | E220: {=_xlfn.LET(_xlpm.c,'RC1_Structure_RE'!C249, _xlpm.b, 'RC1_Structure_RE'!B249, IF(_xlpm.c<>"", _xlpm.c, _xlpm.b))} -> งานทรายหยาบบดอัดแน่น | G220: ='RC1_Structure_RE'!F249 -> ลบ.ม. | H220: ='RC1_Structure_RE'!E249 -> 7 | I220: ='RC1_Structure_RE'!I249 -> 3326.6927 | J220: ='RC1_Structure_RE'!L249 -> 680.61306 | K220: ='RC1_Structure_RE'!M249 -> 4007.3057
A221: STR | B221: Super Structure | C221: Gr.Floor | D221: Beam | E221: {=_xlfn.LET(_xlpm.c,'RC1_Structure_RE'!C250, _xlpm.b, 'RC1_Structure_RE'!B250, IF(_xlpm.c<>"", _xlpm.c, _xlpm.b))} -> งานคอนกรีตหยาบ | G221: ='RC1_Structure_RE'!F250 -> ลบ.ม. | H221: ='RC1_Structure_RE'!E250 -> 7 | I221: ='RC1_Structure_RE'!I250 -> 16099.117 | J221: ='RC1_Structure_RE'!L250 -> 2787.8958 | K221: ='RC1_Structure_RE'!M250 -> 18887.012
A222: STR | B222: Super Structure | C222: Gr.Floor | D222: Beam | E222: {=_xlfn.LET(_xlpm.c,'RC1_Structure_RE'!C251, _xlpm.b, 'RC1_Structure_RE'!B251, IF(_xlpm.c<>"", _xlpm.c, _xlpm.b))} -> งานเหล็กเสริม | G222: ='RC1_Structure_RE'!F251 -> 0 | H222: ='RC1_Structure_RE'!E251 -> 0 | I222: ='RC1_Structure_RE'!I251 -> 0 | J222: ='RC1_Structure_RE'!L251 -> 0 | K222: ='RC1_Structure_RE'!M251 -> 0
A223: STR | B223: Super Structure | C223: Gr.Floor | D223: Beam | E223: {=_xlfn.LET(_xlpm.c,'RC1_Structure_RE'!C252, _xlpm.b, 'RC1_Structure_RE'!B252, IF(_xlpm.c<>"", _xlpm.c, _xlpm.b))} -> ขนาดเส้นผ่านศูนย์กลาง 9 ม.ม. SR-24 | G223: ='RC1_Structure_RE'!F252 -> กก. | H223: ='RC1_Structure_RE'!E252 -> 29 | I223: ='RC1_Structure_RE'!I252 -> 531.40173 | J223: ='RC1_Structure_RE'!L252 -> 119.29427 | K223: ='RC1_Structure_RE'!M252 -> 650.696
A224: STR | B224: Super Structure | C224: Gr.Floor | D224: Beam | E224: {=_xlfn.LET(_xlpm.c,'RC1_Structure_RE'!C253, _xlpm.b, 'RC1_Structure_RE'!B253, IF(_xlpm.c<>"", _xlpm.c, _xlpm.b))} -> ขนาดเส้นผ่านศูนย์กลาง 12 ม.ม. SD-50 | G224: ='RC1_Structure_RE'!F253 -> กก. | H224: ='RC1_Structure_RE'!E253 -> 21547 | I224: ='RC1_Structure_RE'!I253 -> 391809.82 | J224: ='RC1_Structure_RE'!L253 -> 72520.069 | K224: ='RC1_Structure_RE'!M253 -> 464329.89
A225: STR | B225: Super Structure | C225: Gr.Floor | D225: Beam | E225: {=_xlfn.LET(_xlpm.c,'RC1_Structure_RE'!C254, _xlpm.b, 'RC1_Structure_RE'!B254, IF(_xlpm.c<>"", _xlpm.c, _xlpm.b))} -> ขนาดเส้นผ่านศูนย์กลาง 16 ม.ม. SD-50 | G225: ='RC1_Structure_RE'!F254 -> กก. | H225: ='RC1_Structure_RE'!E254 -> 22957 | I225: ='RC1_Structure_RE'!I254 -> 413156.67 | J225: ='RC1_Structure_RE'!L254 -> 77265.663 | K225: ='RC1_Structure_RE'!M254 -> 490422.33
A226: STR | B226: Super Structure | C226: Gr.Floor | D226: Beam | E226: {=_xlfn.LET(_xlpm.c,'RC1_Structure_RE'!C255, _xlpm.b, 'RC1_Structure_RE'!B255, IF(_xlpm.c<>"", _xlpm.c, _xlpm.b))} -> ขนาดเส้นผ่านศูนย์กลาง 20 ม.ม. SD-50 | G226: ='RC1_Structure_RE'!F255 -> กก. | H226: ='RC1_Structure_RE'!E255 -> 1765 | I226: ='RC1_Structure_RE'!I255 -> 31764.67 | J226: ='RC1_Structure_RE'!L255 -> 5115.3494 | K226: ='RC1_Structure_RE'!M255 -> 36880.019
A227: STR | B227: Super Structure | C227: Gr.Floor | D227: Beam | E227: {=_xlfn.LET(_xlpm.c,'RC1_Structure_RE'!C256, _xlpm.b, 'RC1_Structure_RE'!B256, IF(_xlpm.c<>"", _xlpm.c, _xlpm.b))} -> ขนาดเส้นผ่านศูนย์กลาง 25 ม.ม. SD-50 | G227: ='RC1_Structure_RE'!F256 -> กก. | H227: ='RC1_Structure_RE'!E256 -> 6517 | I227: ='RC1_Structure_RE'!I256 -> 117286.32 | J227: ='RC1_Structure_RE'!L256 -> 18887.667 | K227: ='RC1_Structure_RE'!M256 -> 136173.98
A228: STR | B228: Super Structure | C228: Gr.Floor | D228: Beam | E228: {=_xlfn.LET(_xlpm.c,'RC1_Structure_RE'!C257, _xlpm.b, 'RC1_Structure_RE'!B257, IF(_xlpm.c<>"", _xlpm.c, _xlpm.b))} -> ลวดผูกเหล็ก | G228: ='RC1_Structure_RE'!F257 -> กก. | H228: ='RC1_Structure_RE'!E257 -> 951 | I228: ='RC1_Structure_RE'!I257 -> 24094.544 | J228: ='RC1_Structure_RE'!L257 -> 0 | K228: ='RC1_Structure_RE'!M257 -> 24094.544
A229: STR | B229: Super Structure | C229: Gr.Floor | D229: Beam | E229: {=_xlfn.LET(_xlpm.c,'RC1_Structure_RE'!C258, _xlpm.b, 'RC1_Structure_RE'!B258, IF(_xlpm.c<>"", _xlpm.c, _xlpm.b))} -> งานไม้แบบ | G229: ='RC1_Structure_RE'!F258 -> 0 | H229: ='RC1_Structure_RE'!E258 -> 0 | I229: ='RC1_Structure_RE'!I258 -> 0 | J229: ='RC1_Structure_RE'!L258 -> 0 | K229: ='RC1_Structure_RE'!M258 -> 0
... A252: STR | B252: Super Structure | C252: Gr.Floor | D252: PC Slab | E252: {=_xlfn.LET(_xlpm.c,'RC1_Structure_RE'!C281, _xlpm.b, 'RC1_Structure_RE'!B281, IF(_xlpm.c<>"", _xlpm.c, _xlpm.b))} -> งานระบบพื้นอัดแรง (Post tension 0.23m. Thk.) | G252: ='RC1_Structure_RE'!F281 -> ตร.ม. | H252: ='RC1_Structure_RE'!E281 -> 2334 | I252: ='RC1_Structure_RE'!I281 -> 981933.92 | J252: ='RC1_Structure_RE'!L281 -> 0 | K252: ='RC1_Structure_RE'!M281 -> 981933.92
E253: {=_xlfn.LET(_xlpm.c,'RC1_Structure_RE'!C282, _xlpm.b, 'RC1_Structure_RE'!B282, IF(_xlpm.c<>"", _xlpm.c, _xlpm.b))} -> 0 | G253: ='RC1_Structure_RE'!F282 -> 0 | H253: ='RC1_Structure_RE'!E282 -> 0 | I253: ='RC1_Structure_RE'!I282 -> 0 | J253: ='RC1_Structure_RE'!L282 -> 0 | K253: ='RC1_Structure_RE'!M282 -> 0
A254: STR | B254: Super Structure | C254: Gr.Floor | D254: Column | E254: {=_xlfn.LET(_xlpm.c,'RC1_Structure_RE'!C283, _xlpm.b, 'RC1_Structure_RE'!B283, IF(_xlpm.c<>"", _xlpm.c, _xlpm.b))} -> โครงสร้างเสา ชั้น 1 | G254: ='RC1_Structure_RE'!F283 -> 0 | H254: ='RC1_Structure_RE'!E283 -> 0 | I254: ='RC1_Structure_RE'!I283 -> 0 | J254: ='RC1_Structure_RE'!L283 -> 0 | K254: ='RC1_Structure_RE'!M283 -> 0
A255: STR | B255: Super Structure | C255: Gr.Floor | D255: Column | E255: {=_xlfn.LET(_xlpm.c,'RC1_Structure_RE'!C284, _xlpm.b, 'RC1_Structure_RE'!B284, IF(_xlpm.c<>"", _xlpm.c, _xlpm.b))} -> งานเหล็กเสริม | G255: ='RC1_Structure_RE'!F284 -> 0 | H255: ='RC1_Structure_RE'!E284 -> 0 | I255: ='RC1_Structure_RE'!I284 -> 0 | J255: ='RC1_Structure_RE'!L284 -> 0 | K255: ='RC1_Structure_RE'!M284 -> 0
A256: STR | B256: Super Structure | C256: Gr.Floor | D256: Column | E256: {=_xlfn.LET(_xlpm.c,'RC1_Structure_RE'!C285, _xlpm.b, 'RC1_Structure_RE'!B285, IF(_xlpm.c<>"", _xlpm.c, _xlpm.b))} -> ขนาดเส้นผ่านศูนย์กลาง 9 ม.ม. SR-24 | G256: ='RC1_Structure_RE'!F285 -> กก. | H256: ='RC1_Structure_RE'!E285 -> 2864 | I256: ='RC1_Structure_RE'!I285 -> 52480.502 | J256: ='RC1_Structure_RE'!L285 -> 11781.337 | K256: ='RC1_Structure_RE'!M285 -> 64261.84
A257: STR | B257: Super Structure | C257: Gr.Floor | D257: Column | E257: {=_xlfn.LET(_xlpm.c,'RC1_Structure_RE'!C286, _xlpm.b, 'RC1_Structure_RE'!B286, IF(_xlpm.c<>"", _xlpm.c, _xlpm.b))} -> ขนาดเส้นผ่านศูนย์กลาง 12 ม.ม. SD-50 | G257: ='RC1_Structure_RE'!F286 -> กก. | H257: ='RC1_Structure_RE'!E286 -> 1804 | I257: ='RC1_Structure_RE'!I286 -> 32803.867 | J257: ='RC1_Structure_RE'!L286 -> 6071.6668 | K257: ='RC1_Structure_RE'!M286 -> 38875.533
A258: STR | B258: Super Structure | C258: Gr.Floor | D258: Column | E258: {=_xlfn.LET(_xlpm.c,'RC1_Structure_RE'!C287, _xlpm.b, 'RC1_Structure_RE'!B287, IF(_xlpm.c<>"", _xlpm.c, _xlpm.b))} -> ขนาดเส้นผ่านศูนย์กลาง 16 ม.ม. SD-50 | G258: ='RC1_Structure_RE'!F287 -> กก. | H258: ='RC1_Structure_RE'!E287 -> 942 | I258: ='RC1_Structure_RE'!I287 -> 16953.155 | J258: ='RC1_Structure_RE'!L287 -> 3170.4602 | K258: ='RC1_Structure_RE'!M287 -> 20123.615
A259: STR | B259: Super Structure | C259: Gr.Floor | D259: Column | E259: {=_xlfn.LET(_xlpm.c,'RC1_Structure_RE'!C288, _xlpm.b, 'RC1_Structure_RE'!B288, IF(_xlpm.c<>"", _xlpm.c, _xlpm.b))} -> ขนาดเส้นผ่านศูนย์กลาง 20 ม.ม. SD-50 | G259: ='RC1_Structure_RE'!F288 -> กก. | H259: ='RC1_Structure_RE'!E288 -> 2700 | I259: ='RC1_Structure_RE'!I288 -> 48591.846 | J259: ='RC1_Structure_RE'!L288 -> 7825.1804 | K259: ='RC1_Structure_RE'!M288 -> 56417.026
A260: STR | B260: Super Structure | C260: Gr.Floor | D260: Column | E260: {=_xlfn.LET(_xlpm.c,'RC1_Structure_RE'!C289, _xlpm.b, 'RC1_Structure_RE'!B289, IF(_xlpm.c<>"", _xlpm.c, _xlpm.b))} -> ขนาดเส้นผ่านศูนย์กลาง 25 ม.ม. SD-50 | G260: ='RC1_Structure_RE'!F289 -> กก. | H260: ='RC1_Structure_RE'!E289 -> 10230 | I260: ='RC1_Structure_RE'!I289 -> 184109.1 | J260: ='RC1_Structure_RE'!L289 -> 29648.739 | K260: ='RC1_Structure_RE'!M289 -> 213757.84
A261: STR | B261: Super Structure | C261: Gr.Floor | D261: Column | E261: {=_xlfn.LET(_xlpm.c,'RC1_Structure_RE'!C290, _xlpm.b, 'RC1_Structure_RE'!B290, IF(_xlpm.c<>"", _xlpm.c, _xlpm.b))} -> ขนาดเส้นผ่านศูนย์กลาง 28 ม.ม. SD-50 | G261: ='RC1_Structure_RE'!F290 -> กก. | H261: ='RC1_Structure_RE'!E290 -> 5232 | I261: ='RC1_Structure_RE'!I290 -> 94160.199 | J261: ='RC1_Structure_RE'!L290 -> 15163.461 | K261: ='RC1_Structure_RE'!M290 -> 109323.66
A262: STR | B262: Super Structure | C262: Gr.Floor | D262: Column | E262: {=_xlfn.LET(_xlpm.c,'RC1_Structure_RE'!C291, _xlpm.b, 'RC1_Structure_RE'!B291, IF(_xlpm.c<>"", _xlpm.c, _xlpm.b))} -> ขนาดเส้นผ่านศูนย์กลาง 32 ม.ม. SD-50 | G262: ='RC1_Structure_RE'!F291 -> กก. | H262: ='RC1_Structure_RE'!E291 -> 14965 | I262: ='RC1_Structure_RE'!I291 -> 269324.8 | J262: ='RC1_Structure_RE'!L291 -> 43371.787 | K262: ='RC1_Structure_RE'!M291 -> 312696.59
A263: STR | B263: Super Structure | C263: Gr.Floor | D263: Column | E263: {=_xlfn.LET(_xlpm.c,'RC1_Structure_RE'!C292, _xlpm.b, 'RC1_Structure_RE'!B292, IF(_xlpm.c<>"", _xlpm.c, _xlpm.b))} -> ลวดผูกเหล็ก | G263: ='RC1_Structure_RE'!F292 -> กก. | H263: ='RC1_Structure_RE'!E292 -> 697 | I263: ='RC1_Structure_RE'!I292 -> 17659.198 | J263: ='RC1_Structure_RE'!L292 -> 0 | K263: ='RC1_Structure_RE'!M292 -> 17659.198
A264: STR | B264: Super Structure | C264: Gr.Floor | D264: Column | E264: {=_xlfn.LET(_xlpm.c,'RC1_Structure_RE'!C293, _xlpm.b, 'RC1_Structure_RE'!B293, IF(_xlpm.c<>"", _xlpm.c, _xlpm.b))} -> งานไม้แบบ | G264: ='RC1_Structure_RE'!F293 -> 0 | H264: ='RC1_Structure_RE'!E293 -> 0 | I264: ='RC1_Structure_RE'!I293 -> 0 | J264: ='RC1_Structure_RE'!L293 -> 0 | K264: ='RC1_Structure_RE'!M293 -> 0
A265: STR | B265: Super Structure | C265: Gr.Floor | D265: Column | E265: {=_xlfn.LET(_xlpm.c,'RC1_Structure_RE'!C294, _xlpm.b, 'RC1_Structure_RE'!B294, IF(_xlpm.c<>"", _xlpm.c, _xlpm.b))} -> ไม้แบบ ค้ำยัน นั่งร้าน (อาคาร 4 ชั้นขึ้นไป ใช้ 50%) | G265: ='RC1_Structure_RE'!F294 -> ตร.ม. | H265: ='RC1_Structure_RE'!E294 -> 389 | I265: ='RC1_Structure_RE'!I294 -> 89174.147 | J265: ='RC1_Structure_RE'!L294 -> 0 | K265: ='RC1_Structure_RE'!M294 -> 89174.147
... A316: STR | B316: Super Structure | C316: Gr.Floor | D316: Amphitheater | E316: {=_xlfn.LET(_xlpm.c,'RC1_Structure_RE'!C345, _xlpm.b, 'RC1_Structure_RE'!B345, IF(_xlpm.c<>"", _xlpm.c, _xlpm.b))} -> งานคอนกรีตโครงสร้าง 320 ksc.ผสมน้ำยากันซึม | G316: ='RC1_Structure_RE'!F345 -> ลบ.ม. | H316: ='RC1_Structure_RE'!E345 -> 105 | I316: ='RC1_Structure_RE'!I345 -> 221853.68 | J316: ='RC1_Structure_RE'!L345 -> 50947.814 | K316: ='RC1_Structure_RE'!M345 -> 272801.49
E330: {=_xlfn.LET(_xlpm.c,'RC1_Structure_RE'!C359, _xlpm.b, 'RC1_Structure_RE'!B359, IF(_xlpm.c<>"", _xlpm.c, _xlpm.b))} -> งานโครงสร้าง คาน พื้น เสา ผนังชั้น 2 | G330: ='RC1_Structure_RE'!F359 -> 0 | H330: ='RC1_Structure_RE'!E359 -> 0 | I330: ='RC1_Structure_RE'!I359 -> 0 | J330: ='RC1_Structure_RE'!L359 -> 0 | K330: ='RC1_Structure_RE'!M359 -> 0
A331: STR | B331: Super Structure | C331: 2nd.Floor | D331: Bean | E331: {=_xlfn.LET(_xlpm.c,'RC1_Structure_RE'!C360, _xlpm.b, 'RC1_Structure_RE'!B360, IF(_xlpm.c<>"", _xlpm.c, _xlpm.b))} -> โครงสร้างคาน ชั้น 2 | G331: ='RC1_Structure_RE'!F360 -> 0 | H331: ='RC1_Structure_RE'!E360 -> 0 | I331: ='RC1_Structure_RE'!I360 -> 0 | J331: ='RC1_Structure_RE'!L360 -> 0 | K331: ='RC1_Structure_RE'!M360 -> 0
A332: STR | B332: Super Structure | C332: 2nd.Floor | D332: Bean | E332: {=_xlfn.LET(_xlpm.c,'RC1_Structure_RE'!C361, _xlpm.b, 'RC1_Structure_RE'!B361, IF(_xlpm.c<>"", _xlpm.c, _xlpm.b))} -> งานเหล็กเสริม | G332: ='RC1_Structure_RE'!F361 -> 0 | H332: ='RC1_Structure_RE'!E361 -> 0 | I332: ='RC1_Structure_RE'!I361 -> 0 | J332: ='RC1_Structure_RE'!L361 -> 0 | K332: ='RC1_Structure_RE'!M361 -> 0
A333: STR | B333: Super Structure | C333: 2nd.Floor | D333: Bean | E333: {=_xlfn.LET(_xlpm.c,'RC1_Structure_RE'!C362, _xlpm.b, 'RC1_Structure_RE'!B362, IF(_xlpm.c<>"", _xlpm.c, _xlpm.b))} -> ขนาดเส้นผ่านศูนย์กลาง 9 ม.ม. SR-24 | G333: ='RC1_Structure_RE'!F362 -> กก. | H333: ='RC1_Structure_RE'!E362 -> 283 | I333: ='RC1_Structure_RE'!I362 -> 5185.748 | J333: ='RC1_Structure_RE'!L362 -> 1164.1475 | K333: ='RC1_Structure_RE'!M362 -> 6349.8955
A334: STR | B334: Super Structure | C334: 2nd.Floor | D334: Bean | E334: {=_xlfn.LET(_xlpm.c,'RC1_Structure_RE'!C363, _xlpm.b, 'RC1_Structure_RE'!B363, IF(_xlpm.c<>"", _xlpm.c, _xlpm.b))} -> ขนาดเส้นผ่านศูนย์กลาง 12 ม.ม. SD-50 | G334: ='RC1_Structure_RE'!F363 -> กก. | H334: ='RC1_Structure_RE'!E363 -> 20449 | I334: ='RC1_Structure_RE'!I363 -> 371843.83 | J334: ='RC1_Structure_RE'!L363 -> 68824.565 | K334: ='RC1_Structure_RE'!M363 -> 440668.39
A335: STR | B335: Super Structure | C335: 2nd.Floor | D335: Bean | E335: {=_xlfn.LET(_xlpm.c,'RC1_Structure_RE'!C364, _xlpm.b, 'RC1_Structure_RE'!B364, IF(_xlpm.c<>"", _xlpm.c, _xlpm.b))} -> ขนาดเส้นผ่านศูนย์กลาง 16 ม.ม. SD-50 | G335: ='RC1_Structure_RE'!F364 -> กก. | H335: ='RC1_Structure_RE'!E364 -> 31519 | I335: ='RC1_Structure_RE'!I364 -> 567246.81 | J335: ='RC1_Structure_RE'!L364 -> 106082.52 | K335: ='RC1_Structure_RE'!M364 -> 673329.33
A336: STR | B336: Super Structure | C336: 2nd.Floor | D336: Bean | E336: {=_xlfn.LET(_xlpm.c,'RC1_Structure_RE'!C365, _xlpm.b, 'RC1_Structure_RE'!B365, IF(_xlpm.c<>"", _xlpm.c, _xlpm.b))} -> ขนาดเส้นผ่านศูนย์กลาง 20 ม.ม. SD-50 | G336: ='RC1_Structure_RE'!F365 -> กก. | H336: ='RC1_Structure_RE'!E365 -> 8460 | I336: ='RC1_Structure_RE'!I365 -> 152254.45 | J336: ='RC1_Structure_RE'!L365 -> 24518.898 | K336: ='RC1_Structure_RE'!M365 -> 176773.35
A337: STR | B337: Super Structure | C337: 2nd.Floor | D337: Bean | E337: {=_xlfn.LET(_xlpm.c,'RC1_Structure_RE'!C366, _xlpm.b, 'RC1_Structure_RE'!B366, IF(_xlpm.c<>"", _xlpm.c, _xlpm.b))} -> ขนาดเส้นผ่านศูนย์กลาง 25 ม.ม. SD-50 | G337: ='RC1_Structure_RE'!F366 -> กก. | H337: ='RC1_Structure_RE'!E366 -> 349 | I337: ='RC1_Structure_RE'!I366 -> 6280.946 | J337: ='RC1_Structure_RE'!L366 -> 1011.477 | K337: ='RC1_Structure_RE'!M366 -> 7292.423
A338: STR | B338: Super Structure | C338: 2nd.Floor | D338: Bean | E338: {=_xlfn.LET(_xlpm.c,'RC1_Structure_RE'!C367, _xlpm.b, 'RC1_Structure_RE'!B367, IF(_xlpm.c<>"", _xlpm.c, _xlpm.b))} -> ขนาดเส้นผ่านศูนย์กลาง 28 ม.ม. SD-50 | G338: ='RC1_Structure_RE'!F367 -> กก. | H338: ='RC1_Structure_RE'!E367 -> 3385 | I338: ='RC1_Structure_RE'!I367 -> 60919.777 | J338: ='RC1_Structure_RE'!L367 -> 9810.4576 | K338: ='RC1_Structure_RE'!M367 -> 70730.235
A339: STR | B339: Super Structure | C339: 2nd.Floor | D339: Bean | E339: {=_xlfn.LET(_xlpm.c,'RC1_Structure_RE'!C368, _xlpm.b, 'RC1_Structure_RE'!B368, IF(_xlpm.c<>"", _xlpm.c, _xlpm.b))} -> ขนาดเส้นผ่านศูนย์กลาง 32 ม.ม. SD-50 | G339: ='RC1_Structure_RE'!F368 -> กก. | H339: ='RC1_Structure_RE'!E368 -> 24818 | I339: ='RC1_Structure_RE'!I368 -> 446649.05 | J339: ='RC1_Structure_RE'!L368 -> 71927.899 | K339: ='RC1_Structure_RE'!M368 -> 518576.95
A340: STR | B340: Super Structure | C340: 2nd.Floor | D340: Bean | E340: {=_xlfn.LET(_xlpm.c,'RC1_Structure_RE'!C369, _xlpm.b, 'RC1_Structure_RE'!B369, IF(_xlpm.c<>"", _xlpm.c, _xlpm.b))} -> ลวดผูกเหล็ก | G340: ='RC1_Structure_RE'!F369 -> กก. | H340: ='RC1_Structure_RE'!E369 -> 1607 | I340: ='RC1_Structure_RE'!I369 -> 40714.965 | J340: ='RC1_Structure_RE'!L369 -> 0 | K340: ='RC1_Structure_RE'!M369 -> 40714.965
A341: STR | B341: Super Structure | C341: 2nd.Floor | D341: Bean | E341: {=_xlfn.LET(_xlpm.c,'RC1_Structure_RE'!C370, _xlpm.b, 'RC1_Structure_RE'!B370, IF(_xlpm.c<>"", _xlpm.c, _xlpm.b))} -> งานไม้แบบ | G341: ='RC1_Structure_RE'!F370 -> 0 | H341: ='RC1_Structure_RE'!E370 -> 0 | I341: ='RC1_Structure_RE'!I370 -> 0 | J341: ='RC1_Structure_RE'!L370 -> 0 | K341: ='RC1_Structure_RE'!M370 -> 0
A342: STR | B342: Super Structure | C342: 2nd.Floor | D342: Bean | E342: {=_xlfn.LET(_xlpm.c,'RC1_Structure_RE'!C371, _xlpm.b, 'RC1_Structure_RE'!B371, IF(_xlpm.c<>"", _xlpm.c, _xlpm.b))} -> ไม้แบบ ค้ำยัน นั่งร้าน (อาคาร 4 ชั้นขึ้นไป ใช้ 50%) | G342: ='RC1_Structure_RE'!F371 -> ตร.ม. | H342: ='RC1_Structure_RE'!E371 -> 891 | I342: ='RC1_Structure_RE'!I371 -> 204252.35 | J342: ='RC1_Structure_RE'!L371 -> 0 | K342: ='RC1_Structure_RE'!M371 -> 204252.35
... A399: STR | B399: Super Structure | C399: 2nd.Floor | D399: Catwalk | E399: {=_xlfn.LET(_xlpm.c,'RC1_Structure_RE'!C428, _xlpm.b, 'RC1_Structure_RE'!B428, IF(_xlpm.c<>"", _xlpm.c, _xlpm.b))} -> งานทาสีกันไฟ Fireproof Coating ความหนาไม่น้อยกว่า 500 ไมครอน | G399: ='RC1_Structure_RE'!F428 -> ตร.ม. | H399: ='RC1_Structure_RE'!E428 -> 63 | I399: ='RC1_Structure_RE'!I428 -> 7656.8969 | J399: ='RC1_Structure_RE'!L428 -> 1766.9762 | K399: ='RC1_Structure_RE'!M428 -> 9423.8731
E420: {=_xlfn.LET(_xlpm.c,'RC1_Structure_RE'!C449, _xlpm.b, 'RC1_Structure_RE'!B449, IF(_xlpm.c<>"", _xlpm.c, _xlpm.b))} -> งานโครงสร้าง คาน พื้น เสา ผนังชั้น 3 | G420: ='RC1_Structure_RE'!F449 -> 0 | H420: ='RC1_Structure_RE'!E449 -> 0 | I420: ='RC1_Structure_RE'!I449 -> 0 | J420: ='RC1_Structure_RE'!L449 -> 0 | K420: ='RC1_Structure_RE'!M449 -> 0
E421: {=_xlfn.LET(_xlpm.c,'RC1_Structure_RE'!C450, _xlpm.b, 'RC1_Structure_RE'!B450, IF(_xlpm.c<>"", _xlpm.c, _xlpm.b))} -> 0 | G421: ='RC1_Structure_RE'!F450 -> 0 | H421: ='RC1_Structure_RE'!E450 -> 0 | I421: ='RC1_Structure_RE'!I450 -> 0 | J421: ='RC1_Structure_RE'!L450 -> 0 | K421: ='RC1_Structure_RE'!M450 -> 0
A422: STR | B422: Super Structure | C422: 3rd.Floor | D422: Beam | E422: {=_xlfn.LET(_xlpm.c,'RC1_Structure_RE'!C451, _xlpm.b, 'RC1_Structure_RE'!B451, IF(_xlpm.c<>"", _xlpm.c, _xlpm.b))} -> โครงสร้างคาน ชั้น 3 | G422: ='RC1_Structure_RE'!F451 -> 0 | H422: ='RC1_Structure_RE'!E451 -> 0 | I422: ='RC1_Structure_RE'!I451 -> 0 | J422: ='RC1_Structure_RE'!L451 -> 0 | K422: ='RC1_Structure_RE'!M451 -> 0
A423: STR | B423: Super Structure | C423: 3rd.Floor | D423: Beam | E423: {=_xlfn.LET(_xlpm.c,'RC1_Structure_RE'!C452, _xlpm.b, 'RC1_Structure_RE'!B452, IF(_xlpm.c<>"", _xlpm.c, _xlpm.b))} -> งานเหล็กเสริม | G423: ='RC1_Structure_RE'!F452 -> 0 | H423: ='RC1_Structure_RE'!E452 -> 0 | I423: ='RC1_Structure_RE'!I452 -> 0 | J423: ='RC1_Structure_RE'!L452 -> 0 | K423: ='RC1_Structure_RE'!M452 -> 0
A424: STR | B424: Super Structure | C424: 3rd.Floor | D424: Beam | E424: {=_xlfn.LET(_xlpm.c,'RC1_Structure_RE'!C453, _xlpm.b, 'RC1_Structure_RE'!B453, IF(_xlpm.c<>"", _xlpm.c, _xlpm.b))} -> ขนาดเส้นผ่านศูนย์กลาง 9 ม.ม. SR-24 | G424: ='RC1_Structure_RE'!F453 -> กก. | H424: ='RC1_Structure_RE'!E453 -> 244 | I424: ='RC1_Structure_RE'!I453 -> 4471.1042 | J424: ='RC1_Structure_RE'!L453 -> 1003.7173 | K424: ='RC1_Structure_RE'!M453 -> 5474.8215
A425: STR | B425: Super Structure | C425: 3rd.Floor | D425: Beam | E425: {=_xlfn.LET(_xlpm.c,'RC1_Structure_RE'!C454, _xlpm.b, 'RC1_Structure_RE'!B454, IF(_xlpm.c<>"", _xlpm.c, _xlpm.b))} -> ขนาดเส้นผ่านศูนย์กลาง 12 ม.ม. SD-50 | G425: ='RC1_Structure_RE'!F454 -> กก. | H425: ='RC1_Structure_RE'!E454 -> 30882 | I425: ='RC1_Structure_RE'!I454 -> 561557.1 | J425: ='RC1_Structure_RE'!L454 -> 103938.59 | K425: ='RC1_Structure_RE'!M454 -> 665495.69
A426: STR | B426: Super Structure | C426: 3rd.Floor | D426: Beam | E426: {=_xlfn.LET(_xlpm.c,'RC1_Structure_RE'!C455, _xlpm.b, 'RC1_Structure_RE'!B455, IF(_xlpm.c<>"", _xlpm.c, _xlpm.b))} -> ขนาดเส้นผ่านศูนย์กลาง 16 ม.ม. SD-50 | G426: ='RC1_Structure_RE'!F455 -> กก. | H426: ='RC1_Structure_RE'!E455 -> 29140 | I426: ='RC1_Structure_RE'!I455 -> 524431.99 | J426: ='RC1_Structure_RE'!L455 -> 98075.594 | K426: ='RC1_Structure_RE'!M455 -> 622507.59
A427: STR | B427: Super Structure | C427: 3rd.Floor | D427: Beam | E427: {=_xlfn.LET(_xlpm.c,'RC1_Structure_RE'!C456, _xlpm.b, 'RC1_Structure_RE'!B456, IF(_xlpm.c<>"", _xlpm.c, _xlpm.b))} -> ขนาดเส้นผ่านศูนย์กลาง 20 ม.ม. SD-50 | G427: ='RC1_Structure_RE'!F456 -> กก. | H427: ='RC1_Structure_RE'!E456 -> 4234 | I427: ='RC1_Structure_RE'!I456 -> 76199.213 | J427: ='RC1_Structure_RE'!L456 -> 12271.042 | K427: ='RC1_Structure_RE'!M456 -> 88470.255
A428: STR | B428: Super Structure | C428: 3rd.Floor | D428: Beam | E428: {=_xlfn.LET(_xlpm.c,'RC1_Structure_RE'!C457, _xlpm.b, 'RC1_Structure_RE'!B457, IF(_xlpm.c<>"", _xlpm.c, _xlpm.b))} -> ขนาดเส้นผ่านศูนย์กลาง 25 ม.ม. SD-50 | G428: ='RC1_Structure_RE'!F457 -> กก. | H428: ='RC1_Structure_RE'!E457 -> 4041 | I428: ='RC1_Structure_RE'!I457 -> 72725.796 | J428: ='RC1_Structure_RE'!L457 -> 11711.687 | K428: ='RC1_Structure_RE'!M457 -> 84437.482
A429: STR | B429: Super Structure | C429: 3rd.Floor | D429: Beam | E429: {=_xlfn.LET(_xlpm.c,'RC1_Structure_RE'!C458, _xlpm.b, 'RC1_Structure_RE'!B458, IF(_xlpm.c<>"", _xlpm.c, _xlpm.b))} -> ลวดผูกเหล็ก | G429: ='RC1_Structure_RE'!F458 -> กก. | H429: ='RC1_Structure_RE'!E458 -> 1234 | I429: ='RC1_Structure_RE'!I458 -> 31264.634 | J429: ='RC1_Structure_RE'!L458 -> 0 | K429: ='RC1_Structure_RE'!M458 -> 31264.634
A430: STR | B430: Super Structure | C430: 3rd.Floor | D430: Beam | E430: {=_xlfn.LET(_xlpm.c,'RC1_Structure_RE'!C459, _xlpm.b, 'RC1_Structure_RE'!B459, IF(_xlpm.c<>"", _xlpm.c, _xlpm.b))} -> งานไม้แบบ | G430: ='RC1_Structure_RE'!F459 -> 0 | H430: ='RC1_Structure_RE'!E459 -> 0 | I430: ='RC1_Structure_RE'!I459 -> 0 | J430: ='RC1_Structure_RE'!L459 -> 0 | K430: ='RC1_Structure_RE'!M459 -> 0
A431: STR | B431: Super Structure | C431: 3rd.Floor | D431: Beam | E431: {=_xlfn.LET(_xlpm.c,'RC1_Structure_RE'!C460, _xlpm.b, 'RC1_Structure_RE'!B460, IF(_xlpm.c<>"", _xlpm.c, _xlpm.b))} -> ไม้แบบ ค้ำยัน นั่งร้าน (อาคาร 4 ชั้นขึ้นไป ใช้ 50%) | G431: ='RC1_Structure_RE'!F460 -> ตร.ม. | H431: ='RC1_Structure_RE'!E460 -> 1209 | I431: ='RC1_Structure_RE'!I460 -> 277150.5 | J431: ='RC1_Structure_RE'!L460 -> 0 | K431: ='RC1_Structure_RE'!M460 -> 277150.5
A432: STR | B432: Super Structure | C432: 3rd.Floor | D432: Beam | E432: {=_xlfn.LET(_xlpm.c,'RC1_Structure_RE'!C461, _xlpm.b, 'RC1_Structure_RE'!B461, IF(_xlpm.c<>"", _xlpm.c, _xlpm.b))} -> ค่าแรงประกอบและติดตั้งไม้แบบหล่อคอนกรีต (ใช้ 100%) | G432: ='RC1_Structure_RE'!F461 -> ตร.ม. | H432: ='RC1_Structure_RE'!E461 -> 2417 | I432: ='RC1_Structure_RE'!I461 -> 0 | J432: ='RC1_Structure_RE'!L461 -> 273420.4 | K432: ='RC1_Structure_RE'!M461 -> 273420.4
A433: STR | B433: Super Structure | C433: 3rd.Floor | D433: Beam | E433: {=_xlfn.LET(_xlpm.c,'RC1_Structure_RE'!C462, _xlpm.b, 'RC1_Structure_RE'!B462, IF(_xlpm.c<>"", _xlpm.c, _xlpm.b))} -> ไม้เคร่า (ใช้ 30% ของไม้แบบ 1 ตร.ม.) | G433: ='RC1_Structure_RE'!F462 -> ลบ.ฟ. | H433: ='RC1_Structure_RE'!E462 -> 363 | I433: ='RC1_Structure_RE'!I462 -> 105008.37 | J433: ='RC1_Structure_RE'!L462 -> 0 | K433: ='RC1_Structure_RE'!M462 -> 105008.37
... A491: STR | B491: Super Structure | C491: 3rd.Floor | D491: Catwalk | E491: {=_xlfn.LET(_xlpm.c,'RC1_Structure_RE'!C520, _xlpm.b, 'RC1_Structure_RE'!B520, IF(_xlpm.c<>"", _xlpm.c, _xlpm.b))} -> งานทาสีกันไฟ Fireproof Coating ความหนาไม่น้อยกว่า 500 ไมครอน | G491: ='RC1_Structure_RE'!F520 -> ตร.ม. | H491: ='RC1_Structure_RE'!E520 -> 63 | I491: ='RC1_Structure_RE'!I520 -> 7656.8969 | J491: ='RC1_Structure_RE'!L520 -> 1766.9762 | K491: ='RC1_Structure_RE'!M520 -> 9423.8731
E510: {=_xlfn.LET(_xlpm.c,'RC1_Structure_RE'!C539, _xlpm.b, 'RC1_Structure_RE'!B539, IF(_xlpm.c<>"", _xlpm.c, _xlpm.b))} -> งานโครงสร้าง คาน พื้น เสา ผนังชั้น 3 (ชั้นลอย) | G510: ='RC1_Structure_RE'!F539 -> 0 | H510: ='RC1_Structure_RE'!E539 -> 0 | I510: ='RC1_Structure_RE'!I539 -> 0 | J510: ='RC1_Structure_RE'!L539 -> 0 | K510: ='RC1_Structure_RE'!M539 -> 0
E511: {=_xlfn.LET(_xlpm.c,'RC1_Structure_RE'!C540, _xlpm.b, 'RC1_Structure_RE'!B540, IF(_xlpm.c<>"", _xlpm.c, _xlpm.b))} -> 0 | G511: ='RC1_Structure_RE'!F540 -> 0 | H511: ='RC1_Structure_RE'!E540 -> 0 | I511: ='RC1_Structure_RE'!I540 -> 0 | J511: ='RC1_Structure_RE'!L540 -> 0 | K511: ='RC1_Structure_RE'!M540 -> 0
A512: STR | B512: Super Structure | C512: Mezz. | D512: Beam | E512: {=_xlfn.LET(_xlpm.c,'RC1_Structure_RE'!C541, _xlpm.b, 'RC1_Structure_RE'!B541, IF(_xlpm.c<>"", _xlpm.c, _xlpm.b))} -> โครงสร้างคาน ชั้น 3 (ชั้นลอย) | G512: ='RC1_Structure_RE'!F541 -> 0 | H512: ='RC1_Structure_RE'!E541 -> 0 | I512: ='RC1_Structure_RE'!I541 -> 0 | J512: ='RC1_Structure_RE'!L541 -> 0 | K512: ='RC1_Structure_RE'!M541 -> 0
A513: STR | B513: Super Structure | C513: Mezz. | D513: Beam | E513: {=_xlfn.LET(_xlpm.c,'RC1_Structure_RE'!C542, _xlpm.b, 'RC1_Structure_RE'!B542, IF(_xlpm.c<>"", _xlpm.c, _xlpm.b))} -> งานเหล็กเสริม | G513: ='RC1_Structure_RE'!F542 -> 0 | H513: ='RC1_Structure_RE'!E542 -> 0 | I513: ='RC1_Structure_RE'!I542 -> 0 | J513: ='RC1_Structure_RE'!L542 -> 0 | K513: ='RC1_Structure_RE'!M542 -> 0
A514: STR | B514: Super Structure | C514: Mezz. | D514: Beam | E514: {=_xlfn.LET(_xlpm.c,'RC1_Structure_RE'!C543, _xlpm.b, 'RC1_Structure_RE'!B543, IF(_xlpm.c<>"", _xlpm.c, _xlpm.b))} -> ขนาดเส้นผ่านศูนย์กลาง 9 ม.ม. SR-24 | G514: ='RC1_Structure_RE'!F543 -> กก. | H514: ='RC1_Structure_RE'!E543 -> 46 | I514: ='RC1_Structure_RE'!I543 -> 842.9131 | J514: ='RC1_Structure_RE'!L543 -> 189.22539 | K514: ='RC1_Structure_RE'!M543 -> 1032.1385
A515: STR | B515: Super Structure | C515: Mezz. | D515: Beam | E515: {=_xlfn.LET(_xlpm.c,'RC1_Structure_RE'!C544, _xlpm.b, 'RC1_Structure_RE'!B544, IF(_xlpm.c<>"", _xlpm.c, _xlpm.b))} -> ขนาดเส้นผ่านศูนย์กลาง 12 ม.ม. SD-50 | G515: ='RC1_Structure_RE'!F544 -> กก. | H515: ='RC1_Structure_RE'!E544 -> 689 | I515: ='RC1_Structure_RE'!I544 -> 12528.749 | J515: ='RC1_Structure_RE'!L544 -> 2318.9459 | K515: ='RC1_Structure_RE'!M544 -> 14847.695
A516: STR | B516: Super Structure | C516: Mezz. | D516: Beam | E516: {=_xlfn.LET(_xlpm.c,'RC1_Structure_RE'!C545, _xlpm.b, 'RC1_Structure_RE'!B545, IF(_xlpm.c<>"", _xlpm.c, _xlpm.b))} -> ขนาดเส้นผ่านศูนย์กลาง 16 ม.ม. SD-50 | G516: ='RC1_Structure_RE'!F545 -> กก. | H516: ='RC1_Structure_RE'!E545 -> 142 | I516: ='RC1_Structure_RE'!I545 -> 2555.5711 | J516: ='RC1_Structure_RE'!L545 -> 477.92499 | K516: ='RC1_Structure_RE'!M545 -> 3033.4961
A517: STR | B517: Super Structure | C517: Mezz. | D517: Beam | E517: {=_xlfn.LET(_xlpm.c,'RC1_Structure_RE'!C546, _xlpm.b, 'RC1_Structure_RE'!B546, IF(_xlpm.c<>"", _xlpm.c, _xlpm.b))} -> ขนาดเส้นผ่านศูนย์กลาง 20 ม.ม. SD-50 | G517: ='RC1_Structure_RE'!F546 -> กก. | H517: ='RC1_Structure_RE'!E546 -> 1442 | I517: ='RC1_Structure_RE'!I546 -> 25951.645 | J517: ='RC1_Structure_RE'!L546 -> 4179.226 | K517: ='RC1_Structure_RE'!M546 -> 30130.871
A518: STR | B518: Super Structure | C518: Mezz. | D518: Beam | E518: {=_xlfn.LET(_xlpm.c,'RC1_Structure_RE'!C547, _xlpm.b, 'RC1_Structure_RE'!B547, IF(_xlpm.c<>"", _xlpm.c, _xlpm.b))} -> ขนาดเส้นผ่านศูนย์กลาง 25 ม.ม. SD-50 | G518: ='RC1_Structure_RE'!F547 -> กก. | H518: ='RC1_Structure_RE'!E547 -> 213 | I518: ='RC1_Structure_RE'!I547 -> 3833.3567 | J518: ='RC1_Structure_RE'!L547 -> 617.31978 | K518: ='RC1_Structure_RE'!M547 -> 4450.6765
A519: STR | B519: Super Structure | C519: Mezz. | D519: Beam | E519: {=_xlfn.LET(_xlpm.c,'RC1_Structure_RE'!C548, _xlpm.b, 'RC1_Structure_RE'!B548, IF(_xlpm.c<>"", _xlpm.c, _xlpm.b))} -> ลวดผูกเหล็ก | G519: ='RC1_Structure_RE'!F548 -> กก. | H519: ='RC1_Structure_RE'!E548 -> 46 | I519: ='RC1_Structure_RE'!I548 -> 1165.4564 | J519: ='RC1_Structure_RE'!L548 -> 0 | K519: ='RC1_Structure_RE'!M548 -> 1165.4564
A520: STR | B520: Super Structure | C520: Mezz. | D520: Beam | E520: {=_xlfn.LET(_xlpm.c,'RC1_Structure_RE'!C549, _xlpm.b, 'RC1_Structure_RE'!B549, IF(_xlpm.c<>"", _xlpm.c, _xlpm.b))} -> งานไม้แบบ | G520: ='RC1_Structure_RE'!F549 -> 0 | H520: ='RC1_Structure_RE'!E549 -> 0 | I520: ='RC1_Structure_RE'!I549 -> 0 | J520: ='RC1_Structure_RE'!L549 -> 0 | K520: ='RC1_Structure_RE'!M549 -> 0
A521: STR | B521: Super Structure | C521: Mezz. | D521: Beam | E521: {=_xlfn.LET(_xlpm.c,'RC1_Structure_RE'!C550, _xlpm.b, 'RC1_Structure_RE'!B550, IF(_xlpm.c<>"", _xlpm.c, _xlpm.b))} -> ไม้แบบ ค้ำยัน นั่งร้าน (อาคาร 4 ชั้นขึ้นไป ใช้ 50%) | G521: ='RC1_Structure_RE'!F550 -> ตร.ม. | H521: ='RC1_Structure_RE'!E550 -> 37 | I521: ='RC1_Structure_RE'!I550 -> 8481.8598 | J521: ='RC1_Structure_RE'!L550 -> 0 | K521: ='RC1_Structure_RE'!M550 -> 8481.8598
A522: STR | B522: Super Structure | C522: Mezz. | D522: Beam | E522: {=_xlfn.LET(_xlpm.c,'RC1_Structure_RE'!C551, _xlpm.b, 'RC1_Structure_RE'!B551, IF(_xlpm.c<>"", _xlpm.c, _xlpm.b))} -> ค่าแรงประกอบและติดตั้งไม้แบบหล่อคอนกรีต (ใช้ 100%) | G522: ='RC1_Structure_RE'!F551 -> ตร.ม. | H522: ='RC1_Structure_RE'!E551 -> 73 | I522: ='RC1_Structure_RE'!I551 -> 0 | J522: ='RC1_Structure_RE'!L551 -> 8258.0428 | K522: ='RC1_Structure_RE'!M551 -> 8258.0428
A523: STR | B523: Super Structure | C523: Mezz. | D523: Beam | E523: {=_xlfn.LET(_xlpm.c,'RC1_Structure_RE'!C552, _xlpm.b, 'RC1_Structure_RE'!B552, IF(_xlpm.c<>"", _xlpm.c, _xlpm.b))} -> ไม้เคร่า (ใช้ 30% ของไม้แบบ 1 ตร.ม.) | G523: ='RC1_Structure_RE'!F552 -> ลบ.ฟ. | H523: ='RC1_Structure_RE'!E552 -> 12 | I523: ='RC1_Structure_RE'!I552 -> 3471.351 | J523: ='RC1_Structure_RE'!L552 -> 0 | K523: ='RC1_Structure_RE'!M552 -> 3471.351
... A540: STR | B540: Super Structure | C540: Mezz. | D540: PC.Slab | E540: {=_xlfn.LET(_xlpm.c,'RC1_Structure_RE'!C569, _xlpm.b, 'RC1_Structure_RE'!B569, IF(_xlpm.c<>"", _xlpm.c, _xlpm.b))} -> งานระบบพื้นอัดแรง (Post tension 0.23m. Thk.) | G540: ='RC1_Structure_RE'!F569 -> ตร.ม. | H540: ='RC1_Structure_RE'!E569 -> 1016 | I540: ='RC1_Structure_RE'!I569 -> 427439.96 | J540: ='RC1_Structure_RE'!L569 -> 0 | K540: ='RC1_Structure_RE'!M569 -> 427439.96
E541: {=_xlfn.LET(_xlpm.c,'RC1_Structure_RE'!C570, _xlpm.b, 'RC1_Structure_RE'!B570, IF(_xlpm.c<>"", _xlpm.c, _xlpm.b))} -> 0 | G541: ='RC1_Structure_RE'!F570 -> 0 | H541: ='RC1_Structure_RE'!E570 -> 0 | I541: ='RC1_Structure_RE'!I570 -> 0 | J541: ='RC1_Structure_RE'!L570 -> 0 | K541: ='RC1_Structure_RE'!M570 -> 0
...

Sheet แบบ ปร.6
E1: แบบ ปร.6
A2: สรุปราคาค่าก่อสร้าง
A4: ชื่อโครงการ | C4: โครงการจัดตั้งศูนย์การเรียนรู้แห่งชาติ OKMD : OKMD National Knowledge Center (Ratchadamnoen Center 1 และ 2)
A5: สถานที่ก่อสร้าง | C5: แขวงตลาดยอด เขตพระนคร กรุงเทพมหานคร
A6: เจ้าของอาคาร | C6: สำนักงานบริหารและพัฒนาองค์ความรู้ (องค์การมหาชน)
A7: หน่วยงานออกแบบแปลนและรายการ | C7: กิจการร่วมค้าบริษัท จีโอเดสิค ดีไซน์ จำกัด , บริษัท เอ็มสเปซ จำกัด และ บริษัท จั่นอาร์คิเทค จำกัด
A8: แบบ ปร.4 และ ปร. 5 ที่แนบ | C8: 348 แผ่น | F8: =136+212 -> 348
A9: คำนวนราคาโดย | C9: คณะกรรมการกำหนดราคากลาง
A10: เมื่อวันที่ | C10: 16 กรกฎาคม 2568
A12: ลำดับที่ | B12: รายการ | D12: ค่าก่อสร้าง | E12: หมายเหตุ
A14: 1 | B14: ส่วนที่ 1 ค่าวัสดุและแรงงานหมวดงานก่อสร้าง
B15: - งานอาคาร Ratchadamnoen Center 1 | D15: ='RKCA1_ปร.5 (ก)'!E31 -> 5.9269949e+08 | G15: 6.3438349e+08
B16: - งานอาคาร Ratchadamnoen Center 2 | D16: 1.0769656e+08 | G16: 1.1618515e+08
A18: 2 | B18: ส่วนที่ 2 ค่าครุภัณฑ์สั่งซื้อหรือจัดซื้อ
B19: - งานครุภัณฑ์จัดซื้ออาคาร Ratchadamnoen Center 1 | D19: ='แบบ ปร.5(ข)'!E25 -> 1.4887117e+08 | G19: 1.5923617e+08
B20: - งานครุภัณฑ์จัดซื้ออาคาร Ratchadamnoen Center 2 | D20: 33207814 | G20: 35519872
A22: 3 | B22: ส่วนที่ 3 ค่าใช้จ่ายพิเศษ
B23: -ค่าใช้จ่ายพิเศษตามข้อกำหนดและค่าใช้จ่ายอื่นที่จำเป็นต้องมี | D23: 14524968 | G23: 15536253
A26: สรุป | B26: รวมราคาค่าก่อสร้างทั้งโครงการ | D26: =SUM(D15:D25) -> 8.97e+08 | G26: =SUM(G15:G25) -> 9.6086093e+08
B27: ปัดเศษ คงเหลือ | D27: 897000000
B28: ค่าก่อสร้าง (ตัวอักษร) | C28: ="("&BAHTTEXT(D27)&")" -> (แปดร้อยเก้าสิบเจ็ดล้านบาทถ้วน)

Sheet RKCA1_ปร.5 (ก)
E1: แบบ ปร.5 (ก)
A2: แบบสรุปราคาค่าก่อสร้างงานอาคาร
A4: ชื่อโครงการ | C4: =+'แบบ ปร.6'!C4 -> โครงการจัดตั้งศูนย์การเรียนรู้แห่งชาติ OKMD : OKMD National Knowledge Center (Ratchadamnoen Center 1 และ 2)
A5: สถานที่ก่อสร้าง | C5: =+'แบบ ปร.6'!C5 -> แขวงตลาดยอด เขตพระนคร กรุงเทพมหานคร
A6: เจ้าของอาคาร | C6: =+'แบบ ปร.6'!C6 -> สำนักงานบริหารและพัฒนาองค์ความรู้ (องค์การมหาชน)
A7: หน่วยงานออกแบบแปลนและรายการ | C7: กิจการร่วมค้าบริษัท จีโอเดสิค ดีไซน์ จำกัด , บริษัท เอ็มสเปซ จำกัด และ บริษัท จั่นอาร์คิเทค จำกัด
A8: แบบ ปร.4 (ก) ที่แนบ | C8: 166 แผ่น | G8: =166+44+1+1 -> 212
A9: คำนวนราคาโดย | C9: =+'แบบ ปร.6'!C9 -> คณะกรรมการกำหนดราคากลาง
A10: เมื่อวันที่ | C10: =+'แบบ ปร.6'!C10 -> 16 กรกฎาคม 2568
A12: ลำดับที่ | B12: รายการ | C12: ค่างาน | D12: Factor F | E12: ค่าก่อสร้าง | F12: หมายเหตุ
C13: (บาท) | E13: (บาท)
B14: ส่วนที่ 1 ค่าวัสดุและแรงงานหมวดงานก่อสร้าง
B15: อาคาร Ratchadamnoen Center 1
A16: 1 | B16: งานสถาปัตยกรรม | C16: 1.1293628e+08 | D16: 1.1924 | E16: =SUM(C16*D16) -> 1.3466522e+08
A17: 2 | B17: งานสถาปัตยกรรมภายใน | C17: =RKCA1_Interior!M16 -> 29951398 | D17: =+D16 -> 1.1924 | E17: =SUM(C17*D17) -> 35714047
A18: 3 | B18: งานสถาปัตยกรรมภายใน (BUILT-IN) | C18: ='RKCA1_Built-in'!M21 -> 37557810 | D18: =+D16 -> 1.1924 | E18: =SUM(C18*D18) -> 44783933
A19: 4 | B19: งานวิศวกรรมโครงสร้าง | C19: 1.706938e+08 | D19: =+D16 -> 1.1924 | E19: =SUM(C19*D19) -> 2.0353529e+08
A20: 5 | B20: งานระบบไฟฟ้าและสื่อสาร | C20: =+RKCA1_Ele!M34 -> 96770786 | D20: =+D16 -> 1.1924 | E20: =SUM(C20*D20) -> 1.1538949e+08
A21: 6 | B21: งานระบบสุขาภิบาลและดับเพลิง | C21: ='RC1_San+FP'!M16 -> 23315775 | D21: =+D16 -> 1.1924 | E21: =SUM(C21*D21) -> 27801731
A22: 7 | B22: งานระบบปรับอากาศและระบายอากาศ | C22: 18486639 | D22: =+D16 -> 1.1924 | E22: =SUM(C22*D22) -> 22043469
A23: 8 | B23: งานภูมิสถาปัตยกรรม | C23: =HARDSCAPE!M16 -> 7351821.5 | D23: =+D16 -> 1.1924 | E23: =SUM(C23*D23) -> 8766312
B26: เงื่อนไข
B27: เงินล่วงหน้าจ่าย 0%
B28: เงินประกันผลงานหัก 10%
B29: ดอกเบี้ยเงินกู้ 7%
B30: ค่าภาษีมูลค่าเพิ่ม 7%
A31: สรุป | B31: รวมค่าก่อสร้างเป็นเงินทั้งสิ้น | E31: =SUM(E14:E30) -> 5.9269949e+08 | G31: 6.3396554e+08 | H31: =G31*0.934908047 -> 5.9269949e+08
B32: ="("&BAHTTEXT(E31)&")" -> (ห้าร้อยเก้าสิบสองล้านหกแสนเก้าหมื่นเก้าพันสี่ร้อยแปดสิบแปดบาทสิบสตางค์)
B33: พื้นที่อาคาร | C33: 16450 | D33: ตารางเมตร
B34: เฉลี่ยราคาประมาณ | C34: =+E31/C33 -> 36030.364 | D34: บาท/ตารางเมตร
C35: =+C34+'แบบ ปร.5(ข)'!C28 -> 45080.283

Sheet RC1_Arch
A1: ชื่อโครงการ | D1: =+'RKCA1_ปร.5 (ก)'!C4 -> โครงการจัดตั้งศูนย์การเรียนรู้แห่งชาติ OKMD : OKMD National Knowledge Center (Ratchadamnoen Center 1 และ 2) | J1: หมวดงาน | K1: หมวดงาน | L1: งานสถาปัตยกรรม (RC 1)
A2: สถานที่ก่อสร้าง | D2: =+'RKCA1_ปร.5 (ก)'!C5 -> แขวงตลาดยอด เขตพระนคร กรุงเทพมหานคร | J2: เมื่อวันที่ | K2: เมื่อวันที่ | L2: =+'RKCA1_ปร.5 (ก)'!C10 -> 16 กรกฎาคม 2568
A3: คำนวณราคากลางโดย | D3: =+'RKCA1_ปร.5 (ก)'!C9 -> คณะกรรมการกำหนดราคากลาง
A5: ลำดับ | B5: รายการ | E5: จำนวน | F5: หน่วย | G5: ราคาวัสดุสิ่งของ | J5: ค่าแรงงาน | M5: รวมค่าวัสดุ | N5: หมายเหตุ
G6: ราคา/หน่วย | H6: ราคา/หน่วย | I6: จำนวนเงิน | J6: ราคา/หน่วย | K6: ราคา/หน่วย | L6: จำนวนเงิน | M6: และแรงงาน
B7: สรุปราคาค่าก่อสร้างงานสถาปัตยกรรม
B8: อาคาร Ratchadamnoen Center 1
A9: 1 | B9: งานผิวพื้น | M9: =M75 -> 5837065.7 | O9: =P9*0.934908047 -> 5837065.7 | P9: 6243465
A10: 2 | B10: งานผนัง | M10: =M142 -> 17861361 | O10: =P10*0.934908047 -> 17861361 | P10: 19104939
A11: 3 | B11: งานฝ้าเพดาน | M11: =M202 -> 11773458 | O11: =P11*0.934908047 -> 11773458 | P11: 12593172
A12: 4 | B12: งานประตูและอุปกรณ์ | M12: =M309 -> 6357286.8 | O12: =P12*0.934908047 -> 6357286.8 | P12: 6799906
A13: 5 | B13: งานหน้าต่าง | M13: =M410 -> 32524967 | O13: =P13*0.934908047 -> 32524967 | P13: 34789482
A14: 6 | B14: งานห้องน้ำและสุขภัณฑ์ | M14: =M441 -> 3401585.8 | O14: =P14*0.934908047 -> 3401585.8 | P14: 3638417.5
A15: 7 | B15: งานบันได ราวบันได ราวกันตก และส่วนประกอบ | M15: =M577 -> 6553576.9 | O15: =P15*0.934908047 -> 6553576.9 | P15: 7009862.6
A16: 8 | B16: งานหลังคา งานฉนวนกันความร้อน งานกันซึมและส่วนประกอบ | M16: =M638 -> 11333993 | O16: =P16*0.934908047 -> 11333993 | P16: 12123110
A17: 9 | B17: งาน Facade และ Urban Void | M17: =M678 -> 16799204 | O17: =P17*0.934908047 -> 16799204 | P17: 17968830
A18: 10 | B18: งานเบ็ดเตล็ด | M18: =M702 -> 493784.21 | O18: =P18*0.934908047 -> 493784.21 | P18: 528163.4
B20: รวมราคาค่าก่อสร้างงานสถาปัตยกรรม | M20: =SUM(M9:M19) -> 1.1293628e+08 | O20: =SUM(O9:O19) -> 1.1293628e+08 | P20: =SUM(P9:P19) -> 1.2079935e+08
B26: Allow for any items not described above but deemed necessary
B27: to complete the works :-
A31: 1 | B31: งานผิวพื้น
A33: 1.1 | B33: F0 | C33: พื้น ค.ส.ล. พร้อมปูนทรายปรับระดับ ปรับผิวเรียบ (ดูรายละเอียดงานตกแต่งภายใน) | E33: 4755 | F33: ตร.ม. | G33: 80 | H33: =G33*O33 -> 74.792644 | I33: =H33*E33 -> 355639.02 | J33: 0 | L33: =J33*E33 -> 0 | M33: =SUM(I33,L33) -> 355639.02 | O33: 0.93490805
A34: 1.2 | B34: F1.1 | C34: พื้น ค.ส.ล. พร้อมปูนทรายปรับระดับ ผิวขัดมัน หนา 30-50 มม.ตีเส้นแบ่งแนวตามแบบ | E34: 465 | F34: ตร.ม. | G34: 96 | H34: =G34*O34 -> 89.751173 | I34: =H34*E34 -> 41734.295 | J34: 87 | K34: =J34*O34 -> 81.337 | L34: =K34*E34 -> 37821.705 | M34: =SUM(I34,L34) -> 79556 | O34: 0.93490805 | P34: ราคามีแก้ไขตามกระทรวงพาณิชย์ กทม. ธ.ค. 67
C35: ตามระบุในรายการประกอบแบบ | O35: 0.93490805
A36: 1.3 | B36: F1.2 | C36: พื้น ค.ส.ล. พร้อมปูนทรายปรับระดับ ผิวขัดเรียบ หนา 30-50 มม. | E36: ยกเลิกรายการ | O36: 0.93490805
A37: 1.4 | B37: F1.3 | C37: พื้น ค.ส.ล. พร้อมปูนทรายปรับระดับ ผสมน้ำยากันซึม ผิวขัดมัน หนา 30-50 มม. | E37: ยกเลิกรายการ | O37: 0.93490805
A38: 1.5 | B38: F1.4 | C38: พื้น ค.ส.ล. ผิวโครงสร้างแต่งเรียบทำระบบกันซึม (งานกันซึมดูรายละเอียดงานกันซึม) | E38: 1595 | F38: ตร.ม. | G38: 80 | H38: =G38*O38 -> 74.792644 | I38: =H38*E38 -> 119294.27 | J38: 80 | K38: =J38*O38 -> 74.792644 | L38: =K38*E38 -> 119294.27 | M38: =SUM(I38,L38) -> 238588.53 | O38: 0.93490805
A39: 1.6 | B39: F1.5 | C39: พื้น ค.ส.ล. ทำผิว Floor Hardener สีมาตรฐาน ผิวด้าน | E39: 2447 | F39: ตร.ม. | G39: 100 | H39: =G39*O39 -> 93.490805 | I39: =H39*E39 -> 228772 | J39: 60 | K39: =J39*O39 -> 56.094483 | L39: =K39*E39 -> 137263.2 | M39: =SUM(I39,L39) -> 366035.2 | O39: 0.93490805
A40: 1.7 | B40: F2.1 | C40: พื้น ค.ส.ล. พร้อมปูนทรายปรับระดับ ผิวขัดมันหนา 30-50 มม. ทาสี Epoxy Coating | E40: 597 | F40: ตร.ม. | G40: 350 | H40: =G40*O40 -> 327.21782 | I40: =H40*E40 -> 195349.04 | J40: 150 | K40: =J40*O40 -> 140.23621 | L40: =K40*E40 -> 83721.016 | M40: =SUM(I40,L40) -> 279070.05 | O40: 0.93490805
C41: ความหนา 500 ไมครอน (ระบุสีภายหลัง) | O41: 0.93490805
A42: 1.8 | B42: F2.2 | C42: พื้น ค.ส.ล. พร้อมปูนทรายปรับระดับ ผิวขัดมันหนา 30-50 มม. | E42: 210 | F42: ตร.ม. | G42: 650 | H42: =G42*O42 -> 607.69023 | I42: =H42*E42 -> 127614.95 | J42: 140 | K42: =J42*O42 -> 130.88713 | L42: =K42*E42 -> 27486.297 | M42: =SUM(I42,L42) -> 155101.24 | O42: 0.93490805
C43: ทำผิว Epoxy Self Leveling หนา 2 มม. ( ผิวและสีระบุภายหลัง ) | O43: 0.93490805
A44: 1.9 | B44: F3.1 | C44: พื้น ค.ส.ล. พร้อมปูนทรายปรับระดับ ทำผิวหินขัด (Cement Base) ชนิดคัดเม็ดหิน | E44: 3800 | F44: ตร.ม. | G44: 388 | H44: =G44*O44 -> 362.74432 | I44: =H44*E44 -> 1378428.4 | J44: 161 | K44: =J44*O44 -> 150.5202 | L44: =K44*E44 -> 571976.74 | M44: =SUM(I44,L44) -> 1950405.2 | O44: 0.93490805
C45: สีขาว-เทา เบอร์ 4½ หรือขนาดอื่นๆตามแบบระบุภายหลัง พร้อมลงน้ำยาเคลือบผิว | O45: 0.93490805
A46: 1.1 | B46: F3.2 | C46: พื้น ค.ส.ล. พร้อมปูนทรายปรับระดับ ทำผิวหินขัด (Cement Base) ชนิดคัดเม็ดหิน | E46: 1165 | F46: ตร.ม. | G46: 388 | H46: =G46*O46 -> 362.74432 | I46: =H46*E46 -> 422597.14 | J46: 161 | K46: =J46*O46 -> 150.5202 | L46: =K46*E46 -> 175356.03 | M46: =SUM(I46,L46) -> 597953.16 | O46: 0.93490805
C47: สีดำ เบอร์ 4½ หรือขนาดอื่นๆตามแบบระบุภายหลัง พร้อมลงน้ำยาเคลือบผิว | O47: 0.93490805
A48: 1.11 | B48: F3.3 | C48: พื้น ค.ส.ล. พร้อมปูนทรายปรับระดับ ผิวหินขัดสำเร็จรูป เม็ดหินขาว – มุก | E48: 115 | F48: ตร.ม. | G48: 469 | H48: =G48*O48 -> 438.47187 | I48: =H48*E48 -> 50424.266 | J48: 222 | K48: =J48*O48 -> 207.54959 | L48: =K48*E48 -> 23868.202 | M48: =SUM(I48,L48) -> 74292.468 | O48: 0.93490805 | P48: ราคามีแก้ไขตามกระทรวงพาณิชย์ กทม. ธ.ค. 67
C49: เบอร์ 4½ ระบุขนาดและลายภายหลัง พร้อมลงน้ำยาเคลือบ | O49: 0.93490805
A50: 1.12 | B50: F3.4 | C50: พื้น ค.ส.ล. พร้อมปูนทรายปรับระดับ ผิวหินขัดสำเร็จรูปขนาด 600x600 มม. | E50: 555 | F50: ตร.ม. | G50: 469 | H50: =G50*O50 -> 438.47187 | I50: =H50*E50 -> 243351.89 | J50: 222 | K50: =J50*O50 -> 207.54959 | L50: =K50*E50 -> 115190.02 | M50: =SUM(I50,L50) -> 358541.91 | O50: 0.93490805 | P50: ราคามีแก้ไขตามกระทรวงพาณิชย์ กทม. ธ.ค. 67
C51: หรือขนาดตามแบบระบุ เม็ดหินสีดำ ระบุขนาดและลายภายหลัง พร้อมลงน้ำยาเคลือบผิว | O51: 0.93490805
A52: 1.13 | B52: F3.5 | C52: พื้น ค.ส.ล. พร้อมปูนทรายปรับระดับ ผิวหินล้างเบอร์ 4½ | E52: 70 | F52: ตร.ม. | G52: 308 | H52: =G52*O52 -> 287.95168 | I52: =H52*E52 -> 20156.617 | J52: 104 | K52: =J52*O52 -> 97.230437 | L52: =K52*E52 -> 6806.1306 | M52: =SUM(I52,L52) -> 26962.748 | O52: 0.93490805 | P52: ราคามีแก้ไขตามกระทรวงพาณิชย์ กทม. ธ.ค. 67
C53: หรือขนาดอื่นๆตามแบบระบุภายหลัง | O53: 0.93490805
A54: 1.14 | B54: F3.6 | C54: พื้น ค.ส.ล. พร้อมปูนทรายปรับระดับ ปูไม้สักประสาน ระบุขนาดและลายภายหลัง | E54: * ดูรายละเอียดงานบันได ST5 และทางเดิน Catwalk | N54: ข้อ 7.6 | O54: 0.93490805
C55: ทาน้ำยารักษาเนื้อไม้ ทำสีธรรมชาติ | O55: 0.93490805
A56: 1.15 | B56: F4.1 | C56: พื้น ค.ส.ล. พร้อมปูนทรายปรับระดับ ผิวปูกระเบื้องหินขัด สีดำ ขนาด 600x600 มม. | E56: 153 | F56: ตร.ม. | G56: 377 | H56: =G56*O56 -> 352.46033 | I56: =H56*E56 -> 53926.431 | J56: 222 | K56: =J56*O56 -> 207.54959 | L56: =K56*E56 -> 31755.087 | M56: =SUM(I56,L56) -> 85681.518 | O56: 0.93490805 | P56: ราคามีแก้ไขตามกระทรวงพาณิชย์ กทม. ธ.ค. 67
O57: 0.93490805
A58: 1.16 | B58: F4.2 | C58: พื้น ค.ส.ล. พร้อมปูนทรายปรับระดับ ผิวปูกระเบื้องหินขัด สีขาว ขนาด 600x600 มม. | E58: 323 | F58: ตร.ม. | G58: 377 | H58: =G58*O58 -> 352.46033 | I58: =H58*E58 -> 113844.69 | J58: 222 | K58: =J58*O58 -> 207.54959 | L58: =K58*E58 -> 67038.516 | M58: =SUM(I58,L58) -> 180883.2 | O58: 0.93490805 | P58: ราคามีแก้ไขตามกระทรวงพาณิชย์ กทม. ธ.ค. 67
A59: 1.17 | B59: F4.3 | C59: พื้น ค.ส.ล. พร้อมปูนทรายปรับระดับ ผิวปูกระเบื้องเซรามิค ขนาด 400x400 มม. | E59: 102 | F59: ตร.ม. | G59: 299 | H59: =G59*O59 -> 279.53751 | I59: =H59*E59 -> 28512.826 | J59: 158 | K59: =J59*O59 -> 147.71547 | L59: =K59*E59 -> 15066.978 | M59: =SUM(I59,L59) -> 43579.804 | O59: 0.93490805 | P59: ราคามีแก้ไขตามกระทรวงพาณิชย์ กทม. ธ.ค. 67
A60: 1.18 | B60: F6.1 | C60: พื้นกระจกลามิเนต (Sentry Glas Heat Strengthened Laminated) | E60: * ดูรายละเอียดงาน Urban Void | N60: ข้อ 9.2 | O60: 0.93490805
C61: (10 MM.Clear Hs + SentryGlas +10 MM. Clear Hs ) การติดตั้งเสนออนุมติ | O61: 0.93490805
A62: 1.19 | B62: F6.2 | C62: พื้น ค.ส.ล. พร้อมปูนทรายปรับระดับ ผิวปูกระเบื้องสีเทา ขนาด 600x600x10 มม. | E62: 337 | F62: ตร.ม. | G62: 535 | H62: =G62*O62 -> 500.17581 | I62: =H62*E62 -> 168559.25 | J62: 222 | K62: =J62*O62 -> 207.54959 | L62: =K62*E62 -> 69944.211 | M62: =SUM(I62,L62) -> 238503.46 | O62: 0.93490805 | P62: ราคามีแก้ไขตามกระทรวงพาณิชย์ กทม. ธ.ค. 67
A63: 1.2 | B63: F6.3 | C63: พื้นโครงสร้างเหล็ก ปูทับด้วยแผ่นยางปูพื้นกันลื่นลายเหรียญสีเทา | E63: 83 | F63: ตร.ม. | G63: 520 | H63: =G63*O63 -> 486.15218 | I63: =H63*E63 -> 40350.631 | J63: 156 | K63: =J63*O63 -> 145.84566 | L63: =K63*E63 -> 12105.189 | M63: =SUM(I63,L63) -> 52455.821 | O63: 0.93490805
C64: Round Dot — Anti Slip หนา 5 มม. | O64: 0.93490805
A65: 1.21 | B65: F6.4 | C65: พื้น ค.ส.ล. ขัดมัน พร้อมติดตั้ง Access Floor System ขนาด 600x600x35 mm. | E65: 29 | F65: ตร.ม. | G65: 2200 | H65: =G65*O65 -> 2056.7977 | I65: =H65*E65 -> 59647.133 | J65: 350 | K65: =J65*O65 -> 327.21782 | L65: =K65*E65 -> 9489.3167 | M65: =SUM(I65,L65) -> 69136.45 | O65: 0.93490805
C66: ชนิด Light Weight Cement Infilled Steel และกรุด้วยกระเบื้องยาง | O66: 0.93490805
A67: 1.22 | B67: F7 | C67: พื้นดูรายละเอียดงานภูมิสถาปัตยกรรม | E67: 5215 | F67: ตร.ม. | G67: 0 | M67: =SUM(I67,L67) -> 0 | O67: 0.93490805
A68: 1.23 | B68: งานกันซึมพื้นห้องน้ำ | E68: 475 | F68: ตร.ม. | G68: 80 | H68: =G68*O68 -> 74.792644 | I68: =H68*E68 -> 35526.506 | J68: 0 | K68: =J68*O68 -> 0 | L68: =K68*E68 -> 0 | M68: =SUM(I68,L68) -> 35526.506 | O68: 0.93490805
A69: 1.24 | B69: งานรอยต่อพื้น | O69: 0.93490805
B70: - | C70: งานรอยต่อพื้น J1 (เส้นแบ่งแนว) | E70: 315 | F70: เมตร | G70: 220 | H70: =G70*O70 -> 205.67977 | I70: =H70*E70 -> 64789.128 | J70: 45 | K70: =J70*O70 -> 42.070862 | L70: =K70*E70 -> 13252.322 | M70: =SUM(I70,L70) -> 78041.449 | O70: 0.93490805
B71: - | C71: งานรอยต่อพื้น J2 (เส้นแบ่งแนว) | E71: 50 | F71: เมตร | G71: 400 | H71: =G71*O71 -> 373.96322 | I71: =H71*E71 -> 18698.161 | J71: 45 | K71: =J71*O71 -> 42.070862 | L71: =K71*E71 -> 2103.5431 | M71: =SUM(I71,L71) -> 20801.704 | O71: 0.93490805
B72: - | C72: งานรอยต่อพื้น J3 (เส้นแบ่งแนว) | E72: 925 | F72: เมตร | G72: 380 | H72: =G72*O72 -> 355.26506 | I72: =H72*E72 -> 328620.18 | J72: 45 | K72: =J72*O72 -> 42.070862 | L72: =K72*E72 -> 38915.547 | M72: =SUM(I72,L72) -> 367535.73 | O72: 0.93490805
B73: - | C73: งานรอยต่อพื้น J4 (เส้นแบ่งแนว) | E73: 460 | F73: เมตร | G73: 380 | H73: =G73*O73 -> 355.26506 | I73: =H73*E73 -> 163421.93 | J73: 45 | K73: =J73*O73 -> 42.070862 | L73: =K73*E73 -> 19352.597 | M73: =SUM(I73,L73) -> 182774.52 | O73: 0.93490805
B75: รวมราคางานผิวพื้น | M75: =SUM(M33:M74) -> 5837065.7
A83: 2 | B83: งานผนังและผิวผนัง
A84: 2.1 | B84: ผนังก่อคอนกรีตมวลเบา ขนาด 20 x 60 x 10 ซม. | E84: 5825 | F84: ตร.ม. | G84: 240 | H84: =G84*O84 -> 224.37793 | I84: =H84*E84 -> 1307001.4 | J84: 60 | K84: =J84*O84 -> 56.094483 | L84: =K84*E84 -> 326750.36 | M84: =SUM(I84,L84) -> 1633751.8 | O84: 0.93490805 | P84: ราคามีแก้ไขตามกระทรวงพาณิชย์ กทม. ธ.ค. 67
A85: 2.2 | B85: ผนังก่อคอนกรีตมวลเบา ขนาด 20 x 60 x 15 ซม. | E85: 353 | F85: ตร.ม. | G85: 353 | H85: =G85*O85 -> 330.02254 | I85: =H85*E85 -> 116497.96 | J85: 68 | K85: =J85*O85 -> 63.573747 | L85: =K85*E85 -> 22441.533 | M85: =SUM(I85,L85) -> 138939.49 | O85: 0.93490805 | P85: ราคามีแก้ไขตามกระทรวงพาณิชย์ กทม. ธ.ค. 67
A86: 2.3 | B86: ผนังก่อคอนกรีตมวลเบา ขนาด 20 x 60 x 20 ซม. | E86: 445 | F86: ตร.ม. | G86: 470 | H86: =G86*O86 -> 439.40678 | I86: =H86*E86 -> 195536.02 | J86: 78 | K86: =J86*O86 -> 72.922828 | L86: =K86*E86 -> 32450.658 | M86: =SUM(I86,L86) -> 227986.68 | O86: 0.93490805 | P86: ราคามีแก้ไขตามกระทรวงพาณิชย์ กทม. ธ.ค. 67
A87: 2.4 | B87: ผนังก่อคอนกรีตมวลเบา ขนาด 20 x 60 x 30 ซม. | E87: 125 | F87: ตร.ม. | G87: 684 | H87: =G87*O87 -> 639.4771 | I87: =H87*E87 -> 79934.638 | J87: 136 | K87: =J87*O87 -> 127.14749 | L87: =K87*E87 -> 15893.437 | M87: =SUM(I87,L87) -> 95828.075 | O87: 0.93490805 | P87: ราคามีแก้ไขตามกระทรวงพาณิชย์ กทม. ธ.ค. 67
A88: 2.5 | B88: งานเสาเอ็นและทับหลัง ผนังก่อคอนกรีตมวลเบา หนา 10 ซม. | E88: 3885 | F88: ม. | G88: 79 | H88: =G88*O88 -> 73.857736 | I88: =H88*E88 -> 286937.3 | J88: 46 | K88: =J88*O88 -> 43.00577 | L88: =K88*E88 -> 167077.42 | M88: =SUM(I88,L88) -> 454014.72 | O88: 0.93490805 | P88: ราคามีแก้ไขตามกระทรวงพาณิชย์ กทม. ธ.ค. 67
A89: 2.6 | B89: งานเสาเอ็นและทับหลัง ผนังก่อคอนกรีตมวลเบา หนา 15 ซม. | E89: 240 | F89: ม. | G89: 114 | H89: =G89*O89 -> 106.57952 | I89: =H89*E89 -> 25579.084 | J89: 64 | K89: =J89*O89 -> 59.834115 | L89: =K89*E89 -> 14360.188 | M89: =SUM(I89,L89) -> 39939.272 | O89: 0.93490805 | P89: ราคามีแก้ไขตามกระทรวงพาณิชย์ กทม. ธ.ค. 67
A90: 2.7 | B90: งานเสาเอ็นและทับหลัง ผนังก่อคอนกรีตมวลเบา หนา 20 ซม. | E90: 195 | F90: ม. | G90: 118 | H90: =G90*O90 -> 110.31915 | I90: =H90*E90 -> 21512.234 | J90: 81 | K90: =J90*O90 -> 75.727552 | L90: =K90*E90 -> 14766.873 | M90: =SUM(I90,L90) -> 36279.107 | O90: 0.93490805 | P90: ราคามีแก้ไขตามกระทรวงพาณิชย์ กทม. ธ.ค. 67
A91: 2.8 | B91: งานเสาเอ็นและทับหลัง ผนังก่อคอนกรีตมวลเบา หนา 30 ซม. | E91: 125 | F91: ม. | G91: 216 | H91: =G91*O91 -> 201.94014 | I91: =H91*E91 -> 25242.517 | J91: 100 | K91: =J91*O91 -> 93.490805 | L91: =K91*E91 -> 11686.351 | M91: =SUM(I91,L91) -> 36928.868 | O91: 0.93490805 | P91: ราคามีแก้ไขตามกระทรวงพาณิชย์ กทม. ธ.ค. 67
A92: 2.9 | B92: งานฉาบเรียบผนังคอนกรีตมวลเบา | E92: 12533 | F92: ตร.ม. | G92: 29 | H92: =G92*O92 -> 27.112333 | I92: =H92*E92 -> 339798.87 | J92: 87 | K92: =J92*O92 -> 81.337 | L92: =K92*E92 -> 1019396.6 | M92: =SUM(I92,L92) -> 1359195.5 | O92: 0.93490805 | P92: ราคามีแก้ไขตามกระทรวงพาณิชย์ กทม. ธ.ค. 67
A93: 2.1 | B93: งานฉาบปูนผนังค.ส.ล. | E93: 6798 | F93: ตร.ม. | G93: 68 | H93: =G93*O93 -> 63.573747 | I93: =H93*E93 -> 432174.33 | J93: 105 | K93: =J93*O93 -> 98.165345 | L93: =K93*E93 -> 667328.01 | M93: =SUM(I93,L93) -> 1099502.3 | O93: 0.93490805 | P93: ราคามีแก้ไขตามกระทรวงพาณิชย์ กทม. ธ.ค. 67
A94: 2.11 | B94: P0 | C94: ผนังก่อฉาบหรือผนังโครงสร้างอื่นๆ งานผิวผนังดูรายละเอียดงานตกแต่งภายใน | E94: 0 | F94: ตร.ม. | G94: 0 | H94: =G94*O94 -> 0 | I94: =H94*E94 -> 0 | J94: 0 | K94: =J94*O94 -> 0 | L94: =K94*E94 -> 0 | M94: =SUM(I94,L94) -> 0 | O94: 0.93490805
A95: 2.12 | B95: P1.1 | C95: ผนังทาสีอะครีลิค ชนิดภายใน | E95: 11265 | F95: ตร.ม. | G95: 30 | H95: =G95*O95 -> 28.047241 | I95: =H95*E95 -> 315952.17 | J95: 28 | K95: =J95*O95 -> 26.177425 | L95: =K95*E95 -> 294888.7 | M95: =SUM(I95,L95) -> 610840.87 | O95: 0.93490805
A96: 2.13 | B96: P1.2 | C96: ผนังทาสีอะครีลิค ชนิดภายนอก | E96: 905 | F96: ตร.ม. | G96: 45 | H96: =G96*O96 -> 42.070862 | I96: =H96*E96 -> 38074.13 | J96: 31 | K96: =J96*O96 -> 28.982149 | L96: =K96*E96 -> 26228.845 | M96: =SUM(I96,L96) -> 64302.975 | O96: 0.93490805
A97: 2.14 | B97: P1.3 | C97: ผนังทาสีลวดลาย TEXTURE ลายไข่ปลา และทาสีอะครีลิค ชนิดภายนอก | E97: 200 | F97: ตร.ม. | G97: 137 | H97: =G97*O97 -> 128.0824 | I97: =H97*E97 -> 25616.48 | J97: 135 | K97: =J97*O97 -> 126.21259 | L97: =K97*E97 -> 25242.517 | M97: =SUM(I97,L97) -> 50858.998 | O97: 0.93490805
A98: 2.15 | B98: P1.4 | C98: ผนังคอนกรีตเปลือยผิวเรียบ ลงน้ำยาเคลือบผิว | E98: 630 | F98: ตร.ม. | G98: 50 | H98: =G98*O98 -> 46.745402 | I98: =H98*E98 -> 29449.603 | J98: 20 | K98: =J98*O98 -> 18.698161 | L98: =K98*E98 -> 11779.841 | M98: =SUM(I98,L98) -> 41229.445 | O98: 0.93490805
A99: 2.16 | B99: P1.5 | C99: ผนัง ค.ส.ล.ผิวโครงสร้างแต่งเรียบทำระบบกันซึม (งานกันซึมดูรายละเอียดงานกันซึม) | E99: 1170 | F99: ตร.ม. | G99: 0 | H99: =G99*O99 -> 0 | I99: =H99*E99 -> 0 | J99: 40 | K99: =J99*O99 -> 37.396322 | L99: =K99*E99 -> 43753.697 | M99: =SUM(I99,L99) -> 43753.697 | O99: 0.93490805
A100: 2.17 | B100: P1.6 | C100: ผนังเปลือยผิวโครงสร้างแต่งผิวเรียบ | E100: 0 | F100: ตร.ม. | G100: 0 | H100: =G100*O100 -> 0 | I100: =H100*E100 -> 0 | J100: 0 | K100: =J100*O100 -> 0 | L100: =K100*E100 -> 0 | M100: 0 | O100: 0.93490805
A101: 2.18 | B101: P1.7 | C101: ผนัง ค.ส.ล. ผิวขัดมัน | E101: 0 | F101: ตร.ม. | G101: 0 | H101: =G101*O101 -> 0 | I101: =H101*E101 -> 0 | J101: 0 | K101: =J101*O101 -> 0 | L101: =K101*E101 -> 0 | M101: =SUM(I101+L101) -> 0 | O101: 0.93490805
A102: 2.19 | B102: P2 | C102: ผนังแผ่นคอนกรีตสำเร็จรูป หนา 125 มม. ( Precast Concrete) | E102: 1867 | F102: ตร.ม. | G102: 2300 | H102: =G102*O102 -> 2150.2885 | I102: =H102*E102 -> 4014588.6 | J102: 350 | K102: =J102*O102 -> 327.21782 | L102: =K102*E102 -> 610915.66 | M102: =SUM(I102,L102) -> 4625504.3 | O102: 0.93490805
C103: ภายในใส่ฉนวนไมโครไฟเบอร์หนา 25 มม. | H103: =G103*O103 -> 0 | I103: =H103*E103 -> 0 | K103: =J103*O103 -> 0 | L103: =K103*E103 -> 0 | O103: 0.93490805
A104: 2.2 | B104: P2.1 | C104: ทาสีลวดลาย TEXTURE ลายไข่ปลา และทาสีอะครีลิค ชนิดภายนอก | E104: 1876 | F104: ตร.ม. | G104: 137 | H104: =G104*O104 -> 128.0824 | I104: =H104*E104 -> 240282.59 | J104: 135 | K104: =J104*O104 -> 126.21259 | L104: =K104*E104 -> 236774.81 | M104: =SUM(I104,L104) -> 477057.4 | O104: 0.93490805
A105: 2.21 | B105: P2.2 | C105: ทาสีอะครีลิค ชนิดภายใน | E105: 1050 | F105: ตร.ม. | G105: 30 | H105: =G105*O105 -> 28.047241 | I105: =H105*E105 -> 29449.603 | J105: 28 | K105: =J105*O105 -> 26.177425 | L105: =K105*E105 -> 27486.297 | M105: =SUM(I105,L105) -> 56935.9 | O105: 0.93490805
O106: 0.93490805
O107: 0.93490805
A108: 2.22 | B108: P3.1 | C108: ผนังคอนกรีตเสริมใยแก้ว (G.R.C) หนา 25 มม | E108: 875 | F108: ตร.ม. | G108: 1800 | H108: =G108*O108 -> 1682.8345 | I108: =H108*E108 -> 1472480.2 | J108: 500 | K108: =J108*O108 -> 467.45402 | L108: =K108*E108 -> 409022.27 | M108: =SUM(I108,L108) -> 1881502.4 | O108: 0.93490805
B109: - | C109: ทาสีลวดลาย TEXTURE ลายไข่ปลา และทาสีอะครีลิค ชนิดภายนอก | E109: 875 | F109: ตร.ม. | G109: 137 | H109: =G109*O109 -> 128.0824 | I109: =H109*E109 -> 112072.1 | J109: 135 | K109: =J109*O109 -> 126.21259 | L109: =K109*E109 -> 110436.01 | M109: =SUM(I109,L109) -> 222508.12 | O109: 0.93490805
A110: 2.23 | B110: P3.2 | C110: Fin Facade คอนกรีตเสริมใยแก้ว (G.R.C) หนา 25 มม. ขึ้นรูปทรงตามแบบ | E110: *ดูรายละเอียดผนัง FACADE SHADING | N110: ข้อ 9.1 | O110: 0.93490805
B111: - | C111: งานทาสีลวดลาย TEXTURE ลายไข่ปลา และทาสีอะครีลิค ชนิดภายนอก | E111: *ดูรายละเอียดผนัง FACADE SHADING | N111: ข้อ 9.1 | O111: 0.93490805
A112: 2.24 | B112: P3.3 | C112: ผนังคอนกรีตเสริมใยแก้ว (G.R.C) หนา 25 มม | E112: 393 | F112: ตร.ม. | G112: 1800 | H112: =G112*O112 -> 1682.8345 | I112: =H112*E112 -> 661353.95 | J112: 500 | K112: =J112*O112 -> 467.45402 | L112: =K112*E112 -> 183709.43 | M112: =SUM(I112,L112) -> 845063.38 | O112: 0.93490805
B113: - | C113: ทาสีอะครีลิค ชนิดภายใน | E113: 393 | F113: ตร.ม. | G113: 30 | H113: =G113*O113 -> 28.047241 | I113: =H113*E113 -> 11022.566 | J113: 28 | K113: =J113*O113 -> 26.177425 | L113: =K113*E113 -> 10287.728 | M113: =SUM(I113,L113) -> 21310.294 | O113: 0.93490805
A114: 2.25 | B114: P4.1 | C114: ผนังกรุกระเบื้องโมเสค LONG STICK ขนาดแผ่น 300x296 มม. | E114: 475 | F114: ตร.ม. | G114: 1000 | H114: =G114*O114 -> 934.90805 | I114: =H114*E114 -> 444081.32 | J114: 174 | K114: =J114*O114 -> 162.674 | L114: =K114*E114 -> 77270.15 | M114: =SUM(I114,L114) -> 521351.47 | O114: 0.93490805
C115: (ขนาดต่อชิ้น 22x145 มม.) สีดำ เคลือบซาติน | O115: 0.93490805
A116: 2.26 | B116: P4.2 | C116: ผนังกรุกระเบื้องโมเสค LONG STICK ขนาดแผ่น 300x296 มม. | E116: 617 | F116: ตร.ม. | G116: 900 | H116: =G116*O116 -> 841.41724 | I116: =H116*E116 -> 519154.44 | J116: 174 | K116: =J116*O116 -> 162.674 | L116: =K116*E116 -> 100369.86 | M116: =SUM(I116,L116) -> 619524.3 | O116: 0.93490805
C117: (ขนาดต่อชิ้น 22x145 มม.) สีขาว เคลือบซาติน | O117: 0.93490805
A118: 2.27 | B118: P4.3 | C118: ผนังกรุกระเบื้องโมเสค ขนาด 12"x12" จำนวน 36 ชิ้นต่อแผ่น | E118: 175 | F118: ตร.ม. | G118: 500 | H118: =G118*O118 -> 467.45402 | I118: =H118*E118 -> 81804.454 | J118: 174 | K118: =J118*O118 -> 162.674 | L118: =K118*E118 -> 28467.95 | M118: =SUM(I118,L118) -> 110272.4 | O118: 0.93490805
A119: 2.28 | B119: P5.1 | C119: ผนังกรุแผ่นเหล็ก 6 มม. ขัดรอยต่อเรียบ ดัดโค้งตามแบบ เสนอแบบขออนุมัติก่อนการติดตั้ง | E119: * ดูรายละเอียดงาน Urban Void | N119: ข้อ 9.2 | O119: 0.93490805
...

Sheet RKCA1_Interior
A1: ชื่อโครงการ | D1: =+'RKCA1_ปร.5 (ก)'!C4 -> โครงการจัดตั้งศูนย์การเรียนรู้แห่งชาติ OKMD : OKMD National Knowledge Center (Ratchadamnoen Center 1 และ 2) | J1: หมวดงาน | K1: หมวดงาน | L1: งานสถาปัตยกรรมภายใน (RC 1)
A2: สถานที่ก่อสร้าง | D2: =+'RKCA1_ปร.5 (ก)'!C5 -> แขวงตลาดยอด เขตพระนคร กรุงเทพมหานคร | J2: เมื่อวันที่ | K2: เมื่อวันที่ | L2: =+'RKCA1_ปร.5 (ก)'!C10 -> 16 กรกฎาคม 2568
A3: คำนวณราคากลางโดย | D3: =+'RKCA1_ปร.5 (ก)'!C9 -> คณะกรรมการกำหนดราคากลาง
A5: ลำดับ | B5: รายการ | E5: จำนวน | F5: หน่วย | G5: ราคาวัสดุสิ่งของ | J5: ค่าแรงงาน | M5: รวมค่าวัสดุ | N5: หมายเหตุ
G6: ราคา/หน่วย | H6: ราคา/หน่วย | I6: จำนวนเงิน | J6: ราคา/หน่วย | K6: ราคา/หน่วย | L6: จำนวนเงิน | M6: และแรงงาน
B7: สรุปราคาค่าก่อสร้างงานสถาปัตยกรรมภายใน
B8: อาคาร Ratchadamnoen Center 1
A10: 1 | B10: งานผิวพื้น | E10: 5338 | F10: ตร.ม. | I10: =I53 -> 7220159.3 | L10: =L53 -> 1794574.7 | M10: =M53 -> 9014734 | O10: =P10*0.934908047 -> 9014734 | P10: 9642375
A11: 2 | B11: งานผนัง | E11: 501.55055 | F11: ตร.ม. | I11: =I63 -> 590057.86 | L11: =L63 -> 157840.53 | M11: =M63 -> 747898.39 | O11: =P11*0.934908047 -> 747898.39 | P11: 799970
A12: 3 | B12: งานฝ้าตกแต่ง | E12: 4207 | F12: ตร.ม. | I12: =I98 -> 3361350.6 | L12: =L98 -> 1061329.1 | M12: =M98 -> 4422679.7 | O12: =P12*0.934908047 -> 4422679.7 | P12: 4730604
A13: 4 | B13: งานประตูพิเศษ | E13: 66 | F13: ชุด | I13: =I162 -> 13428305 | L13: =L162 -> 1582524.5 | M13: =M162 -> 15010829 | O13: =P13*0.934908047 -> 15010829 | P13: 16055942
A14: 5 | B14: งานเบ็ดเตล็ด | I14: =I183 -> 755256.12 | L14: =L183 -> 0 | M14: =M183 -> 755256.12 | O14: =P14*0.934908047 -> 755256.12 | P14: 807840
B16: รวมราคาค่าก่อสร้างงานสถาปัตยกรรมภายใน | E16: 10112.551 | F16: ตร.ม. | I16: =SUM(I10:I14) -> 25355129 | L16: =SUM(L10:L14) -> 4596268.8 | M16: =SUM(M10:M14) -> 29951398 | O16: =SUM(O10:O15) -> 29951398 | P16: =SUM(P10:P15) -> 32036731
A31: 1 | B31: งานผิวพื้น
B32: IN-F1.1 | C32: พื้นคอนกรีตปรับระดับ ขัดพื้นคอนกรีตด้วยเครื่องขัดรอบความเร็วสูง | E32: 699 | F32: ตร.ม. | G32: 450 | H32: =G32*O32 -> 420.70862 | I32: =E32*H32 -> 294075.33 | J32: 153 | K32: =J32*O32 -> 143.04093 | L32: =E32*K32 -> 99985.611 | M32: =I32+L32 -> 394060.94 | O32: 0.93490805
B33: IN-F1.2 | C33: พื้น ค.ส.ล. พร้อมปูนทรายปรับระดับ ผิวขัดเรียบ หนา 30-50 มม. | E33: 6 | F33: ตร.ม. | G33: 96 | H33: =G33*O33 -> 89.751173 | I33: =E33*H33 -> 538.50704 | J33: 40 | K33: =J33*O33 -> 37.396322 | L33: =E33*K33 -> 224.37793 | M33: =I33+L33 -> 762.88497 | O33: 0.93490805 | P33: ราคามีแก้ไขตามกระทรวงพาณิชย์ กทม. ธ.ค. 67
B34: IN-F3.1 | C34: พื้นคอนกรีตทำผิวหินขัด สีเทา | E34: 113 | F34: ตร.ม. | G34: 238 | H34: =G34*O34 -> 222.50812 | I34: =E34*H34 -> 25143.417 | J34: 161 | K34: =J34*O34 -> 150.5202 | L34: =E34*K34 -> 17008.782 | M34: =I34+L34 -> 42152.199 | O34: 0.93490805
B35: IN-F3.2 | C35: พื้นคอนกรีตทำผิวหินขัด สีเทา | E35: *รวมในงานสถาปัตย์ | O35: 0.93490805
B36: IN-F3.3 | C36: พื้นคอนกรีตทำผิวหินขัด สีเทา | E36: *รวมในงานสถาปัตย์ | O36: 0.93490805
B37: IN-F3.4 | C37: พื้นคอนกรีตทำผิวหินขัด สีเทา | E37: 120 | F37: ตร.ม. | G37: 238 | H37: =G37*O37 -> 222.50812 | I37: =E37*H37 -> 26700.974 | J37: 161 | K37: =J37*O37 -> 150.5202 | L37: =E37*K37 -> 18062.423 | M37: =I37+L37 -> 44763.397 | O37: 0.93490805
B38: IN-F4.1 | C38: พื้นไม้เอ็นจิเนียร์ OAK ขนาด 1"x6" X60 cm ปูบนไม้อัด 20 mm. | E38: 511 | F38: ตร.ม. | G38: 2000 | H38: =G38*O38 -> 1869.8161 | I38: =E38*H38 -> 955476.02 | J38: 600 | K38: =J38*O38 -> 560.94483 | L38: =E38*K38 -> 286642.81 | M38: =I38+L38 -> 1242118.8 | O38: 0.93490805
B39: IN-F5.1 | C39: พื้นปูไม้Compound Maple ขนาด 1"x6" X60 cm ปูบน Fiber Cement 20 mm. | E39: 158 | F39: ตร.ม. | G39: 2250 | H39: =G39*O39 -> 2103.5431 | I39: =E39*H39 -> 332359.81 | J39: 600 | K39: =J39*O39 -> 560.94483 | L39: =E39*K39 -> 88629.283 | M39: =I39+L39 -> 420989.09 | O39: 0.93490805
B40: IN-F5.2 | C40: พื้นปูไม้Compound OAK ขนาด 1"x6" X60 cm ปูบน Fiber Cement 20 mm. | E40: 430 | F40: ตร.ม. | G40: 2500 | H40: =G40*O40 -> 2337.2701 | I40: =E40*H40 -> 1005026.2 | J40: 600 | K40: =J40*O40 -> 560.94483 | L40: =E40*K40 -> 241206.28 | M40: =I40+L40 -> 1246232.4 | O40: 0.93490805
B41: IN-F5.3 | C41: พื้นไม้เอ็นจิเนียร์ OAK ขนาด 1"x6" X60 cm ปูบน Fiber Cement 20 mm. | E41: 430 | F41: ตร.ม. | G41: 2000 | H41: =G41*O41 -> 1869.8161 | I41: =E41*H41 -> 804020.92 | J41: 600 | K41: =J41*O41 -> 560.94483 | L41: =E41*K41 -> 241206.28 | M41: =I41+L41 -> 1045227.2 | O41: 0.93490805
B42: IN-F5.4 | C42: พื้นไม้เอ็นจิเนียร์ OAK ขนาด 1"x6" X60 cm | E42: 105 | F42: ตร.ม. | G42: 2000 | H42: =G42*O42 -> 1869.8161 | I42: =E42*H42 -> 196330.69 | J42: 600 | K42: =J42*O42 -> 560.94483 | L42: =E42*K42 -> 58899.207 | M42: =I42+L42 -> 255229.9 | O42: 0.93490805
B43: IN-F5.5 | C43: พื้นไม้เอ็นจิเนียร์ OAK ขนาด 1"x6" X60 cm | E43: 113 | F43: ตร.ม. | G43: 2000 | H43: =G43*O43 -> 1869.8161 | I43: =E43*H43 -> 211289.22 | J43: 600 | K43: =J43*O43 -> 560.94483 | L43: =E43*K43 -> 63386.766 | M43: =I43+L43 -> 274675.98 | O43: 0.93490805
B44: IN-F5.6 | C44: พื้นไม้เอ็นจิเนียร์ OAK ขนาด 1"x6" X60 cm ปูบน Fiber Cement 20 mm. | E44: 95 | F44: ตร.ม. | G44: 2000 | H44: =G44*O44 -> 1869.8161 | I44: =E44*H44 -> 177632.53 | J44: 600 | K44: =J44*O44 -> 560.94483 | L44: =E44*K44 -> 53289.759 | M44: =I44+L44 -> 230922.29 | O44: 0.93490805
B45: IN-F8.1 | C45: พื้นคอนกรีตปรับระดับ ปูกระเบื้องยาง SPC ลายไม้ความหนาไม่น้อยกว่า 4 mm | E45: 31 | F45: ตร.ม. | G45: 695 | H45: =G45*O45 -> 649.76109 | I45: =E45*H45 -> 20142.594 | J45: 225 | K45: =J45*O45 -> 210.35431 | L45: =E45*K45 -> 6520.9836 | M45: =I45+L45 -> 26663.578 | O45: 0.93490805
B46: IN-F8.2 | C46: ACCESS FLOOR SYSTEM ขนาด600x600x35mm. และกรุด้วยกระเบื้องยาง | E46: 19 | F46: ตร.ม. | G46: 2200 | H46: =G46*O46 -> 2056.7977 | I46: =E46*H46 -> 39079.156 | J46: 350 | K46: =J46*O46 -> 327.21782 | L46: =E46*K46 -> 6217.1385 | M46: =I46+L46 -> 45296.295 | O46: 0.93490805
B47: IN-F8.3 | C47: กระเบื้องยางไวนิล Acoustic แบบม้วน ชนิด Heterogeneous ความหนาไม่น้อยกว่า 3.4 mm | E47: 171 | F47: ตร.ม. | G47: 1210 | H47: =G47*O47 -> 1131.2387 | I47: =E47*H47 -> 193441.82 | J47: 295 | K47: =J47*O47 -> 275.79787 | L47: =E47*K47 -> 47161.436 | M47: =I47+L47 -> 240603.26 | O47: 0.93490805
B48: IN-F9.1 | C48: พื้นคอนกรีต ปรับระดับ ปูพรม Acoustic Carpet Tile แบบแผ่น ขนาด 0.25 x 1.00 m.ความหนาไม่น้อยกว่า 8 mm | E48: 529 | F48: ตร.ม. | G48: 600 | H48: =G48*O48 -> 560.94483 | I48: =E48*H48 -> 296739.81 | J48: 225 | K48: =J48*O48 -> 210.35431 | L48: =E48*K48 -> 111277.43 | M48: =I48+L48 -> 408017.24 | O48: 0.93490805
... B51: IN-F10.1 | C51: พื้นผิวนิรภัยสำหรับสนามเด็กเล่น (PLAYGROUND PROTECTIVE SURFACING) EPDM ความหนาไม่น้อยกว่า 10 mm | E51: 50 | F51: ตร.ม. | G51: 2610 | H51: =G51*O51 -> 2440.11 | I51: =E51*H51 -> 122005.5 | J51: 2630.5 | K51: =J51*O51 -> 2459.2756 | L51: =E51*K51 -> 122963.78 | M51: =I51+L51 -> 244969.28 | O51: 0.93490805
O52: 0.93490805
B53: รวมราคาหมวดงานผิวพื้น | E53: 5338 | F53: ตร.ม. | I53: =SUM(I32:I52) -> 7220159.3 | L53: =SUM(L32:L52) -> 1794574.7 | M53: =SUM(M32:M52) -> 9014734 | O53: 0.93490805
O54: 0.93490805
O55: 0.93490805
O56: 0.93490805
A57: 2 | B57: งานผนัง | O57: 0.93490805
B58: IN.W01 | C58: ระบบผนังเบากันเสียง STC เทียบเท่า 62 | E58: 296 | F58: ตร.ม. | G58: 660 | H58: =G58*O58 -> 617.03931 | I58: =E58*H58 -> 182643.64 | J58: 200 | K58: =J58*O58 -> 186.98161 | L58: =E58*K58 -> 55346.556 | M58: =I58+L58 -> 237990.19 | O58: 0.93490805
B59: IN.W02 | C59: ระบบผนังเบากันเสียง STC เทียบเท่า 66 | E59: 205 | F59: ตร.ม. | G59: 1290 | H59: =G59*O59 -> 1206.0314 | I59: =E59*H59 -> 247236.43 | J59: 200 | K59: =J59*O59 -> 186.98161 | L59: =E59*K59 -> 38331.23 | M59: =I59+L59 -> 285567.66 | O59: 0.93490805
B60: IN.W03 | C60: ระบบผนังเบากันเสียง STC เทียบเท่า 56 | E60: 49 | F60: ตร.ม. | G60: 870 | H60: =G60*O60 -> 813.37 | I60: =E60*H60 -> 39855.13 | J60: 350 | K60: =J60*O60 -> 327.21782 | L60: =E60*K60 -> 16033.673 | M60: =I60+L60 -> 55888.803 | O60: 0.93490805
B61: IN.W04 | C61: ระบบผนังเบากันเสียง สำหรับบังงานท่อปรับอากาศ | E61: 165 | F61: ตร.ม. | G61: 660 | H61: =G61*O61 -> 617.03931 | I61: =E61*H61 -> 101811.49 | J61: 200 | K61: =J61*O61 -> 186.98161 | L61: =E61*K61 -> 30851.966 | M61: =I61+L61 -> 132663.45 | O61: 0.93490805
B62: P01 | C62: งานทาสีผนังภายใน สีขาว | E62: 660 | F62: ตร.ม. | G62: 30 | H62: =G62*O62 -> 28.047241 | I62: =E62*H62 -> 18511.179 | J62: 28 | K62: =J62*O62 -> 26.177425 | L62: =E62*K62 -> 17277.101 | M62: =I62+L62 -> 35788.28 | O62: 0.93490805
B63: รวมราคาหมวดงานผนัง | E63: 501.55055 | F63: ตร.ม. | G63: 3510 | H63: =G63*O63 -> 3281.5272 | I63: =SUM(I58:I62) -> 590057.86 | J63: 978 | K63: =J63*O63 -> 914.34007 | L63: =SUM(L58:L62) -> 157840.53 | M63: =SUM(M58:M62) -> 747898.39 | O63: 0.93490805
O64: 0.93490805
A65: 3 | B65: งานฝ้าตกแต่ง | O65: 0.93490805
B66: IN-C2.1 | C66: ฝ้าเพดาน ยิปซั่มบอร์ด ขนาด 1.2 x 2.4 m. ความหนา 9 mm. | E66: 53 | F66: ตร.ม. | G66: 262 | H66: =G66*O66 -> 244.94591 | I66: =E66*H66 -> 12982.133 | J66: 75 | K66: =J66*O66 -> 70.118104 | L66: =E66*K66 -> 3716.2595 | M66: =I66+L66 -> 16698.393 | O66: 0.93490805 | P66: ราคามีแก้ไขตามกระทรวงพาณิชย์ กทม. ธ.ค. 67
C67: ชนิดขอบลาด ฉาบรอยต่อเรียบ ติดตั้งบนโครงคร่าวเหล็กชุบสังกะสีมาตรฐาน | O67: 0.93490805
C68: งานทาสีอะครีลิค ฝ้าเพดานภายใน สีขาว | E68: 53 | F68: ตร.ม. | G68: 30 | H68: =G68*O68 -> 28.047241 | I68: =E68*H68 -> 1486.5038 | J68: 28 | K68: =J68*O68 -> 26.177425 | L68: =E68*K68 -> 1387.4035 | M68: =I68+L68 -> 2873.9073 | O68: 0.93490805
B69: IN-C3.1 | C69: ฝ้าเพดานแบบตะแกรงอลูมิเนียม ขนาดช่อง 75 x 75 mm. | E69: 45 | F69: ตร.ม. | G69: 2250 | H69: =G69*O69 -> 2103.5431 | I69: =E69*H69 -> 94659.44 | J69: 400 | K69: =J69*O69 -> 373.96322 | L69: =E69*K69 -> 16828.345 | M69: =I69+L69 -> 111487.78 | O69: 0.93490805
C70: งานทาสีอะครีลิค ฝ้าเพดานภายใน | E70: 45 | F70: ตร.ม. | O70: 0.93490805
B71: IN-C3.2 | C71: ฝ้าเพดาน ยิปซั่มบอร์ด ขนาด 1.2 x 2.4 m. ความหนา 9 mm. | E71: 405 | F71: ตร.ม. | G71: 262 | H71: =G71*O71 -> 244.94591 | I71: =E71*H71 -> 99203.093 | J71: 75 | K71: =J71*O71 -> 70.118104 | L71: =E71*K71 -> 28397.832 | M71: =I71+L71 -> 127600.92 | O71: 0.93490805 | P71: ราคามีแก้ไขตามกระทรวงพาณิชย์ กทม. ธ.ค. 67
C72: ชนิดขอบลาด ฉาบรอยต่อเรียบ ติดตั้งบนโครงคร่าวเหล็กชุบสังกะสีมาตรฐาน | O72: 0.93490805
C73: กรุทับด้วยฝ้าเพดานอะคูสติก แบบ Staple and Glue แผ่นเรียบ | E73: 405 | F73: ตร.ม. | G73: 361 | H73: =G73*O73 -> 337.5018 | I73: =E73*H73 -> 136688.23 | J73: 108.3 | K73: =J73*O73 -> 101.25054 | L73: =E73*K73 -> 41006.469 | M73: =I73+L73 -> 177694.7 | O73: 0.93490805
B74: IN-C4.1 | C74: ฝ้าเพดาน ยิปซั่มบอร์ด ขนาด 1.2 x 2.4 m. ความหนา 9 mm. | E74: 577 | F74: ตร.ม. | G74: 262 | H74: =G74*O74 -> 244.94591 | I74: =E74*H74 -> 141333.79 | J74: 75 | K74: =J74*O74 -> 70.118104 | L74: =E74*K74 -> 40458.146 | M74: =I74+L74 -> 181791.93 | O74: 0.93490805 | P74: ราคามีแก้ไขตามกระทรวงพาณิชย์ กทม. ธ.ค. 67
C75: ชนิดขอบลาด ฉาบรอยต่อเรียบ ติดตั้งบนโครงคร่าวเหล็กชุบสังกะสีมาตรฐาน | O75: 0.93490805
C76: กรุทับด้วยฝ้าเพดานอะคูสติก แบบ Staple and Glue แผ่นเรียบ | E76: 577 | F76: ตร.ม. | G76: 361 | H76: =G76*O76 -> 337.5018 | I76: =E76*H76 -> 194738.54 | J76: 108.3 | K76: =J76*O76 -> 101.25054 | L76: =E76*K76 -> 58421.562 | M76: =I76+L76 -> 253160.1 | O76: 0.93490805
B77: IN-C4.1A | C77: ฝ้าเพดาน ยิปซั่มบอร์ด ขนาด 1.2 x 2.4 m. ความหนา 9 mm. ชนิดขอบลาด | E77: 349 | F77: ตร.ม. | G77: 262 | H77: =G77*O77 -> 244.94591 | I77: =E77*H77 -> 85486.122 | J77: 75 | K77: =J77*O77 -> 70.118104 | L77: =E77*K77 -> 24471.218 | M77: =I77+L77 -> 109957.34 | O77: 0.93490805 | P77: ราคามีแก้ไขตามกระทรวงพาณิชย์ กทม. ธ.ค. 67
C78: ฉาบรอยต่อเรียบ ติดตั้งบนโครงคร่าวเหล็กชุบสังกะสีมาตรฐาน | O78: 0.93490805
C79: พร้อมฉนวนกันความร้อน กรุทับด้วยฝ้าเพดานอะคูสติก | E79: 349 | F79: ตร.ม. | G79: 361 | H79: =G79*O79 -> 337.5018 | I79: =E79*H79 -> 117788.13 | J79: 108.3 | K79: =J79*O79 -> 101.25054 | L79: =E79*K79 -> 35336.439 | M79: =I79+L79 -> 153124.57 | O79: 0.93490805
C80: แบบ Staple and Glue แผ่นเรียบ | O80: 0.93490805
B81: IN-C4.2 | C81: ฝ้าเพดาน ยิปซั่มบอร์ด ขนาด 1.2 x 2.4 m. ความหนา 9 mm. ชนิดขอบลาด | E81: 159 | F81: ตร.ม. | G81: 262 | H81: =G81*O81 -> 244.94591 | I81: =E81*H81 -> 38946.399 | J81: 75 | K81: =J81*O81 -> 70.118104 | L81: =E81*K81 -> 11148.778 | M81: =I81+L81 -> 50095.178 | O81: 0.93490805 | P81: ราคามีแก้ไขตามกระทรวงพาณิชย์ กทม. ธ.ค. 67
C82: ฉาบรอยต่อเรียบ ติดตั้งบนโครงคร่าวเหล็กชุบสังกะสีมาตรฐาน | O82: 0.93490805
C83: กรุทับด้วยฝ้าเพดานอะคูสติก แบบ Staple and Glue แผ่นร่อง | E83: 159 | F83: ตร.ม. | G83: 611 | H83: =G83*O83 -> 571.22882 | I83: =E83*H83 -> 90825.382 | J83: 183.3 | K83: =J83*O83 -> 171.36865 | L83: =E83*K83 -> 27247.615 | M83: =I83+L83 -> 118073 | O83: 0.93490805
O84: 0.93490805
B85: IN-C4.3 | C85: ฝ้าแผ่นเส้นใยไม้ผสมซีเมนต์ ขนาด 120 x 120 ซม. ความหนา 20 mm. | E85: 513 | F85: ตร.ม. | G85: 1055 | H85: =G85*O85 -> 986.32799 | I85: =E85*H85 -> 505986.26 | J85: 94 | K85: =J85*O85 -> 87.881356 | L85: =E85*K85 -> 45083.136 | M85: =I85+L85 -> 551069.39 | O85: 0.93490805
C86: ผิวหน้าธรรมชาติ และพ่นสีสำเร็จ(สีขาว) ติดตั้งบนโครงเหล็กตามแบบขยาย | O86: 0.93490805
B87: IN-C5.1 | C87: ฝ้า reflextive ฝ้าเพดานยิปซัมบอร์ดหนา 9mm. ชนิดขอบลาดฉาบรอยต่อเรียบ | E87: 75 | F87: ตร.ม. | G87: 3810 | H87: =G87*O87 -> 3561.9997 | I87: =E87*H87 -> 267149.97 | J87: 1225 | K87: =J87*O87 -> 1145.2624 | L87: =E87*K87 -> 85894.677 | M87: =I87+L87 -> 353044.65 | O87: 0.93490805
C88: กรุทับด้วยฝ้าเพดานยิปซัมบอร์ดหนา 9mm.ชนิดขอบลาดฉาบรอยต่อเรียบ | O88: 0.93490805
C89: กรุทับอีกชั้นด้วยไม้อัดปิดผิววีเนียร์ | O89: 0.93490805
B90: IN-C5.2 | C90: ฝ้า PERFORATED ฝ้าเพดานยิปซัมบอร์ดหนา 9mm. ชนิดขอบลาดฉาบรอยต่อเรียบ | E90: 25 | F90: ตร.ม. | G90: 3990 | H90: =G90*O90 -> 3730.2831 | I90: =E90*H90 -> 93257.078 | J90: 1725 | K90: =J90*O90 -> 1612.7164 | L90: =E90*K90 -> 40317.91 | M90: =I90+L90 -> 133574.99 | O90: 0.93490805
C91: กรุทับด้วยฝ้าเพดานยิปซัมบอร์ดหนา 9mm.ชนิดขอบลาดฉาบรอยต่อเรียบ | O91: 0.93490805
C92: กรุทับอีกชั้นด้วยไม้อัดปิดผิววีเนียร์ | O92: 0.93490805
B93: IN-C5.3 | C93: ฝ้าระแนง HMR | E93: 380 | F93: ตร.ม. | G93: 3850 | H93: =G93*O93 -> 3599.396 | I93: =E93*H93 -> 1367770.5 | J93: 1650 | K93: =J93*O93 -> 1542.5983 | L93: =E93*K93 -> 586187.35 | M93: =I93+L93 -> 1953957.8 | O93: 0.93490805
B94: IN-C5.4 | C94: ฝ้าระแนงไม้ | E94: 12 | F94: ตร.ม. | G94: 4660 | H94: =G94*O94 -> 4356.6715 | I94: =E94*H94 -> 52280.058 | J94: 1375 | K94: =J94*O94 -> 1285.4986 | L94: =E94*K94 -> 15425.983 | M94: =I94+L94 -> 67706.041 | O94: 0.93490805
B95: IN-C5.5 | C95: ฝ้าแผ่นไม้SAWN CUT | E95: 13 | F95: ตร.ม. | G95: 5000 | H95: =G95*O95 -> 4674.5402 | I95: =E95*H95 -> 60769.023 | J95: 0 | K95: =J95*O95 -> 0 | L95: =E95*K95 -> 0 | M95: =I95+L95 -> 60769.023 | O95: 0.93490805
B96: IN-C6.1 | C96: ฝ้าขึงผ้าโปร่งแสง | E96: 13 | F96: ตร.ม. | G96: ราคารวมในงานไฟฟ้าแสงสว่าง | O96: 0.93490805
B98: รวมราคาหมวดงานฝ้าตกแต่ง | E98: 4207 | F98: ตร.ม. | I98: =SUM(I66:I96) -> 3361350.6 | L98: =SUM(L66:L96) -> 1061329.1 | M98: =SUM(M66:M96) -> 4422679.7
A113: 4 | B113: งานประตูพิเศษ
B114: 0.A.-1 | C114: COOKING STUDIO | D114: บานเลื่อนอัตโนมัติ+กระจกติดตาย | E114: 1 | F114: ชุด | G114: 205065 | H114: =G114*O114 -> 191716.92 | I114: =H114*E114 -> 191716.92 | J114: 42315 | K114: =J114*O114 -> 39560.634 | L114: =K114*E114 -> 39560.634 | M114: =I114+L114 -> 231277.55 | O114: 0.93490805
B115: 0.A.-2 | C115: COOKING STUDIO | D115: บานเปิดคู่สวิง | E115: 1 | F115: ชุด | G115: 26820 | H115: =G115*O115 -> 25074.234 | I115: =H115*E115 -> 25074.234 | J115: 0 | K115: =J115*O115 -> 0 | L115: =K115*E115 -> 0 | M115: =I115+L115 -> 25074.234 | O115: 0.93490805
B116: 0.B-1 | C116: MEDIA LAB | D116: บานเลื่อนอัตโนมัติ+กระจกติดตาย | E116: 1 | F116: ชุด | G116: 500433 | H116: =G116*O116 -> 467858.84 | I116: =H116*E116 -> 467858.84 | J116: 125457 | K116: =J116*O116 -> 117290.76 | L116: =K116*E116 -> 117290.76 | M116: =I116+L116 -> 585149.6 | O116: 0.93490805
B117: 0.B-2 | C117: WORKSHOP | D117: บานเปิดคู่+กระจกติดตาย | E117: 1 | F117: ชุด | G117: 480675 | H117: =G117*O117 -> 449386.93 | I117: =H117*E117 -> 449386.93 | J117: 86700 | K117: =J117*O117 -> 81056.528 | L117: =K117*E117 -> 81056.528 | M117: =I117+L117 -> 530443.45 | O117: 0.93490805
B118: 0.B-3 | C118: POST PRODUCTION | D118: บานเปิดเดี่ยว+กระจกติดตาย | E118: 1 | F118: ชุด | G118: 315775 | H118: =G118*O118 -> 295220.59 | I118: =H118*E118 -> 295220.59 | J118: 38675 | K118: =J118*O118 -> 36157.569 | L118: =K118*E118 -> 36157.569 | M118: =I118+L118 -> 331378.16 | O118: 0.93490805
B119: 0.B-4 | C119: PHOTOGRAPH | D119: บานเปิดเดี่ยว+กระจกติดตาย | E119: 1 | F119: ชุด | G119: 226950 | H119: =G119*O119 -> 212177.38 | I119: =H119*E119 -> 212177.38 | J119: 38675 | K119: =J119*O119 -> 36157.569 | L119: =K119*E119 -> 36157.569 | M119: =I119+L119 -> 248334.95 | O119: 0.93490805
B120: 0.B-5 | C120: PRODUCTION | D120: บานเปิดเดี่ยว | E120: 2 | F120: ชุด | G120: 95200 | H120: =G120*O120 -> 89003.246 | I120: =H120*E120 -> 178006.49 | J120: 3825 | K120: =J120*O120 -> 3576.0233 | L120: =K120*E120 -> 7152.0466 | M120: =I120+L120 -> 185158.54 | O120: 0.93490805
B121: 0.B-6 | C121: PRODUCTION | D121: บานกระจกกันเสียงติดตาย | E121: 2 | F121: ชุด | G121: 38675 | H121: =G121*O121 -> 36157.569 | I121: =H121*E121 -> 72315.137 | J121: 5525 | K121: =J121*O121 -> 5165.367 | L121: =K121*E121 -> 10330.734 | M121: =I121+L121 -> 82645.871 | O121: 0.93490805
B122: 0.B-7 | C122: PRODUCTION | D122: บานเปิดเดี่ยว | E122: 1 | F122: ชุด | G122: 24120 | H122: =G122*O122 -> 22549.982 | I122: =H122*E122 -> 22549.982 | J122: 7440 | K122: =J122*O122 -> 6955.7159 | L122: =K122*E122 -> 6955.7159 | M122: =I122+L122 -> 29505.698 | O122: 0.93490805
B123: 0.B-8 | C123: PRODUCTION | D123: บานเปิดเดี่ยว | E123: 1 | F123: ชุด | G123: 24120 | H123: =G123*O123 -> 22549.982 | I123: =H123*E123 -> 22549.982 | J123: 7440 | K123: =J123*O123 -> 6955.7159 | L123: =K123*E123 -> 6955.7159 | M123: =I123+L123 -> 29505.698 | O123: 0.93490805
B124: 0.C-1 | C124: CORRIDOR-MUSIC | D124: บานเปิดคู่ + ช่องแสงติดตาย | E124: 2 | F124: ชุด | G124: 247775 | H124: =G124*O124 -> 231646.84 | I124: =H124*E124 -> 463293.68 | J124: 24225 | K124: =J124*O124 -> 22648.147 | L124: =K124*E124 -> 45296.295 | M124: =I124+L124 -> 508589.98 | O124: 0.93490805
B125: 0.C-2 | C125: MUSIC1,2,PERFORMANCE | D125: บานเปิดเดี่ยว | E125: 3 | F125: ชุด | G125: 94005 | H125: =G125*O125 -> 87886.031 | I125: =H125*E125 -> 263658.09 | J125: 16940 | K125: =J125*O125 -> 15837.342 | L125: =K125*E125 -> 47512.027 | M125: =I125+L125 -> 311170.12 | O125: 0.93490805
... B160: 3.C-1,1' | C160: 3M | D160: บานเปิดเดี่ยว | E160: 8 | F160: ชุด | G160: 96480 | H160: =G160*O160 -> 90199.928 | I160: =H160*E160 -> 721599.43 | J160: 16420 | K160: =J160*O160 -> 15351.19 | L160: =K160*E160 -> 122809.52 | M160: =I160+L160 -> 844408.95 | O160: 0.93490805
O161: 0.93490805
B162: รวมราคาหมวดงานประตูพิเศษ | E162: 66 | F162: ชุด | I162: =SUM(I114:I161) -> 13428305 | L162: =SUM(L114:L161) -> 1582524.5 | M162: =SUM(M114:M161) -> 15010829 | O162: 0.93490805
O163: 0.93490805
O164: 0.93490805
O165: 0.93490805
O166: 0.93490805
O167: 0.93490805
O168: 0.93490805
...

Sheet RKCA1_Built-in
A1: ชื่อโครงการ | D1: =+'RKCA1_ปร.5 (ก)'!C4 -> โครงการจัดตั้งศูนย์การเรียนรู้แห่งชาติ OKMD : OKMD National Knowledge Center (Ratchadamnoen Center 1 และ 2) | J1: หมวดงาน | K1: หมวดงาน | L1: งานสถาปัตยกรรมภายใน Built In (RC 1)
A2: สถานที่ก่อสร้าง | D2: =+'RKCA1_ปร.5 (ก)'!C5 -> แขวงตลาดยอด เขตพระนคร กรุงเทพมหานคร | J2: เมื่อวันที่ | K2: เมื่อวันที่ | L2: =+'RKCA1_ปร.5 (ก)'!C10 -> 16 กรกฎาคม 2568
A3: คำนวณราคากลางโดย | D3: =+'RKCA1_ปร.5 (ก)'!C9 -> คณะกรรมการกำหนดราคากลาง
A5: ลำดับ | B5: รายการ | E5: จำนวน | F5: หน่วย | G5: ราคาวัสดุสิ่งของ | J5: ค่าแรงงาน | M5: รวมค่าวัสดุ | N5: หมายเหตุ
G6: ราคา/หน่วย | H6: ราคา/หน่วย | I6: จำนวนเงิน | J6: ราคา/หน่วย | K6: ราคา/หน่วย | L6: จำนวนเงิน | M6: และแรงงาน
B7: สรุปราคาค่าก่อสร้างงานสถาปัตยกรรมภายใน Built In
B8: อาคาร Ratchadamnoen Center 1
A9: 1 | B9: ZONE 0.A | I9: =I89 -> 3587168.2 | L9: =L89 -> 0 | M9: =M89 -> 3587168.2 | O9: =P9*0.934908047 -> 3587168.2 | P9: 3836920.9
A10: 2 | B10: ZONE 0.B | I10: =I170 -> 1886150.8 | L10: =L170 -> 251719.32 | M10: =M170 -> 2137870.1 | O10: =P10*0.934908047 -> 2137870.1 | P10: 2286717
A11: 3 | B11: ZONE 0.C | I11: =I221 -> 1751818.8 | L11: =L221 -> 69940.354 | M11: =M221 -> 1821759.2 | O11: =P11*0.934908047 -> 1821759.2 | P11: 1948597.1
A12: 4 | B12: ZONE 1.A | I12: =I322 -> 7390602.4 | L12: =L322 -> 0 | M12: =M322 -> 7496536.8 | O12: =P12*0.934908047 -> 7496536.8 | P12: 8018475
A13: 5 | B13: ZONE 1.B | I13: =I374 -> 3418150 | L13: =L374 -> 414608.35 | M13: =M374 -> 3832758.4 | O13: =P13*0.934908047 -> 3832758.4 | P13: 4099610
A14: 6 | B14: ZONE 2.A | I14: =I406 -> 2040904.3 | L14: =L406 -> 89423.955 | M14: =M406 -> 2130328.2 | O14: =P14*0.934908047 -> 2130328.2 | P14: 2278650
A15: 7 | B15: ZONE 2.B | I15: =I414 -> 338207.66 | L15: =L414 -> 5132.6452 | M15: =M414 -> 343340.31 | O15: =P15*0.934908047 -> 343340.31 | P15: 367245
A16: 8 | B16: ZONE 3.A | I16: =I487 -> 11997682 | L16: =L487 -> 76653.111 | M16: =M487 -> 12074335 | O16: =P16*0.934908047 -> 12074335 | P16: 12914997
A17: 9 | B17: ZONE 3.B | I17: =I570 -> 2224810 | L17: =L570 -> 60862.514 | M17: =M570 -> 2285672.5 | O17: =P17*0.934908047 -> 2285672.5 | P17: 2444810
A18: 10 | B18: ZONE 3.C | I18: =I660 -> 1465424.4 | L18: =L660 -> 80818.126 | M18: =M660 -> 1546242.5 | O18: =P18*0.934908047 -> 1546242.5 | P18: 1653898
A19: 11 | B19: ZONE 4.A | I19: =I685 -> 300771.14 | L19: =L685 -> 1028.3989 | M19: =M685 -> 301799.54 | O19: =P19*0.934908047 -> 301799.54 | P19: 322812
B21: รวมราคาค่าก่อสร้างงานสถาปัตยกรรมภายใน Built In | I21: =SUM(I9:I19) -> 36401689 | L21: =SUM(L9:L19) -> 1050186.8 | M21: =SUM(M9:M19) -> 37557810 | O21: =SUM(O9:O20) -> 37557810 | P21: =SUM(P9:P20) -> 40172732
A31: 1 | B31: ZONE 0.A
B32: B16 | C32: COOKING STUDIO
B33: 0.A-BF01 | C33: ตู้ ขนาด 0.60x8.80x3.85 ม.(กxยxส) | E33: 1 | F33: ชุด | G33: (เมตรละ 46,560 บ) | H33: (เมตรละ 46,560 บ)
B34: ชั้นพับ | C34: SS-04 | D34: STAINLESS04-HAIRLINE | E34: 8 | F34: ตร.ม. | G34: 3330 | H34: =G34*O34 -> 3113.2438 | I34: =E34*H34 -> 24905.95 | L34: =E34*J34 -> 0 | M34: =I34+L34 -> 24905.95 | O34: 0.93490805
B35: หน้าบาน | C35: SS-04 | D35: STAINLESS04-HAIRLINE | E35: 30 | F35: ตร.ม. | G35: 3330 | H35: =G35*O35 -> 3113.2438 | I35: =E35*H35 -> 93397.314 | L35: =E35*J35 -> 0 | M35: =I35+L35 -> 93397.314 | O35: 0.93490805
B36: ชั้นว่างของปรับระดับ | C36: LM06B | E36: 8.6 | F36: ม. | G36: 32000 | H36: =G36*O36 -> 29917.058 | I36: =E36*H36 -> 257286.69 | L36: =E36*J36 -> 0 | M36: =I36+L36 -> 257286.69 | O36: 0.93490805
B37: ขาแขวนทีวี (ในห้อง) ขาแขวนทีวีประเภทปรับมุมมองได้ทุกทิศทาง | E37: 1 | F37: ชุด | G37: 7990 | H37: =G37*O37 -> 7469.9153 | I37: =E37*H37 -> 7469.9153 | M37: =I37+L37 -> 7469.9153 | O37: 0.93490805
B38: 0.A-BF02 | C38: ตู้ ขนาด 0.60x8.80x3.85 ม.(กxยxส) | E38: 1 | F38: ชุด | G38: (เมตรละ 40,399 บ) | H38: (เมตรละ 40,399 บ) | O38: 0.93490805
B39: หน้าบาน | C39: SS-04A | D39: STAINLESS04 | E39: 23 | F39: ตร.ม. | G39: 3330 | H39: =G39*O39 -> 3113.2438 | I39: =E39*H39 -> 71604.607 | J39: 0 | L39: =E39*J39 -> 0 | M39: =I39+L39 -> 71604.607 | O39: 0.93490805
B40: ฝ้าเหนือเคาน์เตอร์ | C40: SS-04 | D40: STAINLESS04 | E40: 4 | F40: ตร.ม. | G40: 3330 | H40: =G40*O40 -> 3113.2438 | I40: =E40*H40 -> 12452.975 | J40: 0 | L40: =E40*J40 -> 0 | M40: =I40+L40 -> 12452.975 | O40: 0.93490805
B41: โครงตู้ | C41: HMR01 | D41: HMR+สีพ่น | E41: 8.3 | F41: ม. | G41: 32000 | H41: =G41*O41 -> 29917.058 | I41: =E41*H41 -> 248311.58 | L41: =E41*J41 -> 0 | M41: =I41+L41 -> 248311.58 | O41: 0.93490805
B42: 0.A-BF03 | C42: ตู้ ขนาด 0.60x6.60x3.85 ม.(กxยxส) | E42: 1 | F42: ชุด | G42: (เมตรละ 49,550 บ) | H42: (เมตรละ 49,550 บ) | O42: 0.93490805
B43: หน้าบาน | C43: SS01 | D43: STAINLESS01-Silver Hairline | E43: 5 | F43: ตร.ม. | G43: 3330 | H43: =G43*O43 -> 3113.2438 | I43: =E43*H43 -> 15566.219 | J43: 0 | L43: =E43*J43 -> 0 | M43: =I43+L43 -> 15566.219 | O43: 0.93490805
B44: หน้าบาน | C44: WV02A | D44: VENEER02A | E44: 0 | F44: ม. | H44: =G44*O44 -> 0 | I44: =E44*H44 -> 0 | M44: =I44+L44 -> 0 | O44: 0.93490805
B45: ชั้นตู้ | C45: WV02A | D45: VENEER02A | E45: 6.5 | F45: ตร.ม. | G45: 32000 | H45: =G45*O45 -> 29917.058 | I45: =E45*H45 -> 194460.87 | M45: =I45+L45 -> 194460.87 | O45: 0.93490805
B46: เคาน์เตอร์+ผนัง | C46: ST-03 | D46: STONE03-Calacatta | E46: 7 | F46: ตร.ม. | G46: 9700 | H46: =G46*O46 -> 9068.6081 | I46: =E46*H46 -> 63480.256 | J46: 0 | L46: =E46*J46 -> 0 | M46: =I46+L46 -> 63480.256 | O46: 0.93490805
B47: อ่างล้างจาน | C47: อ่างล้างจานสแตนเลสชนิดติดตั้งใต้เคาน์เตอร์ท็อป 1 หลุม | E47: 3 | F47: ชุด | G47: 11495 | H47: =G47*O47 -> 10746.768 | I47: =E47*H47 -> 32240.304 | L47: =E47*J47 -> 0 | M47: =I47+L47 -> 32240.304 | O47: 0.93490805
O48: 0.93490805
B49: เครื่องดูดควัน | C49: กำลังลมในการดูด 1200 ลบ.ม./ชม. | E49: 2 | F49: ชุด | G49: 32000 | H49: =G49*O49 -> 29917.058 | I49: =E49*H49 -> 59834.115 | L49: =E49*J49 -> 0 | M49: =I49+L49 -> 59834.115 | O49: 0.93490805
B50: เตาไฟฟ้า | C50: เตาระบบ induction 4 หัวตา ขนาด 60 ซม. | E50: 2 | F50: ชุด | G50: 13900 | H50: =G50*O50 -> 12995.222 | I50: =E50*H50 -> 25990.444 | L50: =E50*J50 -> 0 | M50: =I50+L50 -> 25990.444 | O50: 0.93490805
B51: เตาอบ | C51: เตาอบมัลติฟังก์ชั่น เทอร์โบ 60 ซม. ความจุ: 71/70 ลิตร | E51: 2 | F51: ชุด | G51: 59900 | H51: =G51*O51 -> 56000.992 | I51: =E51*H51 -> 112001.98 | L51: =E51*J51 -> 0 | M51: =I51+L51 -> 112001.98 | O51: 0.93490805
B52: 0.A-BF04 | C52: ตู้ ขนาด 0.60x7.20x3.85 ม.(กxยxส) | E52: 1 | F52: ชุด | G52: (เมตรละ 51,000 บ) | H52: (เมตรละ 51,000 บ) | O52: 0.93490805
B53: หน้าบาน | C53: SS01 | D53: STAINLESS01-Silver Hairline | E53: 5 | F53: ม. | G53: 3330 | H53: =G53*O53 -> 3113.2438 | I53: =E53*H53 -> 15566.219 | J53: 0 | L53: =E53*J53 -> 0 | M53: =I53+L53 -> 15566.219 | O53: 0.93490805
B54: หน้าบาน | C54: WV02A | D54: VENEER02A-Rover-Oak | F54: ม. | H54: =G54*O54 -> 0 | I54: =E54*H54 -> 0 | M54: =I54+L54 -> 0 | O54: 0.93490805
B55: ชั้นตู้ | C55: WV02A | D55: VENEER02A-Rover-Oak | E55: 7.4 | F55: ม. | G55: 32000 | H55: =G55*O55 -> 29917.058 | I55: =E55*H55 -> 221386.23 | M55: =I55+L55 -> 221386.23 | O55: 0.93490805
B56: เคาน์เตอร์+ผนัง | C56: ST03 | D56: STONE03-Calacatta | E56: 10 | F56: ม. | G56: 9700 | H56: =G56*O56 -> 9068.6081 | I56: =E56*H56 -> 90686.081 | J56: 0 | L56: =E56*J56 -> 0 | M56: =I56+L56 -> 90686.081 | O56: 0.93490805
B57: SINK | C57: FRANKE PZX 110-79 | E57: 1 | F57: ม. | G57: 16900 | H57: =G57*O57 -> 15799.946 | I57: =E57*H57 -> 15799.946 | L57: =E57*J57 -> 0 | M57: =I57+L57 -> 15799.946 | O57: 0.93490805
H58: =G58*O58 -> 0 | I58: =E58*H58 -> 0 | M58: =I58+L58 -> 0 | O58: 0.93490805
B59: เครื่องล้างจาน | C59: TEKA DFI 76950 | E59: 2 | F59: ม. | G59: 37050 | H59: =G59*O59 -> 34638.343 | I59: =E59*H59 -> 69276.686 | L59: =E59*J59 -> 0 | M59: =I59+L59 -> 69276.686 | O59: 0.93490805
B60: 0.A-BF05 | C60: ตู้ ขนาด 0.60x4.00x3.85 ม.(กxยxส) | E60: 1 | F60: ชุด | G60: (เมตรละ 23,600 บ) | H60: (เมตรละ 23,600 บ) | O60: 0.93490805
B61: ชั้น | C61: LM07 | D61: LAMINATE07 | E61: 2.5 | F61: ตร.ม. | G61: 32000 | H61: =G61*O61 -> 29917.058 | I61: =E61*H61 -> 74792.644 | L61: =E61*J61 -> 0 | M61: =I61+L61 -> 74792.644 | O61: 0.93490805
B62: ชั้น | C62: LM07B | D62: LAMINATE07 | E62: 1.6 | F62: ตร.ม. | G62: 12000 | H62: =G62*O62 -> 11218.897 | I62: =E62*H62 -> 17950.235 | L62: =E62*J62 -> 0 | M62: =I62+L62 -> 17950.235 | O62: 0.93490805
B63: 0.A-BF06 | C63: ตู้ ขนาด 0.60x3.15x3.85 ม.(กxยxส) | E63: 1 | F63: ชุด | G63: (เมตรละ 19800 บ) | H63: (เมตรละ 19800 บ) | O63: 0.93490805
B64: ชั้น | C64: LM07 | D64: LAMINATE07 | E64: 1.2 | F64: ม. | G64: 32000 | H64: =G64*O64 -> 29917.058 | I64: =E64*H64 -> 35900.469 | L64: =E64*J64 -> 0 | M64: =I64+L64 -> 35900.469 | O64: 0.93490805
B65: ชั้น | C65: LM07B | D65: LAMINATE07 | E65: 2 | F65: ม. | G65: 12000 | H65: =G65*O65 -> 11218.897 | I65: =E65*H65 -> 22437.793 | L65: =E65*J65 -> 0 | M65: =I65+L65 -> 22437.793 | O65: 0.93490805
B66: ตู้แช่แข็ง | C66: ตู้เย็น 1 ประตู ความจุ 323 ลิตร / 11.4 คิว | E66: 2 | F66: ชุด | G66: 24650 | H66: =G66*O66 -> 23045.483 | I66: =E66*H66 -> 46090.967 | L66: =E66*J66 -> 0 | M66: =I66+L66 -> 46090.967 | O66: 0.93490805
B67: ตู้เย็น | C67: ตู้เย็น 1 ประตู ความจุ 323 ลิตร / 11.4 คิว | E67: 1 | F67: ชุด | G67: 24650 | H67: =G67*O67 -> 23045.483 | I67: =E67*H67 -> 23045.483 | L67: =E67*J67 -> 0 | M67: =I67+L67 -> 23045.483 | O67: 0.93490805
B68: 0.A-BF07 | C68: (0.35x1.70x3.85 ม.)+(0.50x3.90x3.85) (กxยxส) | E68: 1 | F68: ชุด | G68: (เมตรละ 32,000 บ) | H68: (เมตรละ 32,000 บ) | O68: 0.93490805
B69: ชั้น | C69: SS-05 | D69: STAINLESS05-HAIRLINE | E69: 1.7 | F69: ม. | G69: 32000 | H69: =G69*O69 -> 29917.058 | I69: =E69*H69 -> 50858.998 | M69: =I69+L69 -> 50858.998 | O69: 0.93490805
B70: ผนังสแตนเลส | C70: SS04 | D70: STAINLESS04-silver Hairline | E70: 8 | F70: ตร.ม. | G70: 3330 | H70: =G70*O70 -> 3113.2438 | I70: =E70*H70 -> 24905.95 | M70: =I70+L70 -> 24905.95 | O70: 0.93490805
B71: 0.A-BF08 | C71: ขนาด 1.20x4.80x0.85 ม.(กxยxส) | E71: 2 | F71: ชุด | G71: (เมตรละ 52,300 บ) | H71: (เมตรละ 52,300 บ) | O71: 0.93490805
B72: หน้าบาน | C72: SS04 | D72: STAINLESS04-Silver Hairline | E72: 12.5 | F72: ตร.ม. | G72: 3330 | H72: =G72*O72 -> 3113.2438 | I72: =E72*H72 -> 38915.547 | M72: =I72+L72 -> 38915.547 | O72: 0.93490805
B73: ท็อปโต๊ะ | C73: ST03 | D73: STONE03-Calacatta | E73: 16 | F73: ตร.ม. | G73: 9700 | H73: =G73*O73 -> 9068.6081 | I73: =E73*H73 -> 145097.73 | M73: =I73+L73 -> 145097.73 | O73: 0.93490805
B74: โครงตู้ | C74: LM06A | D74: HMR+ลามิเนตสีเทา | E74: 10 | F74: ม. | G74: 32640 | H74: =G74*O74 -> 30515.399 | I74: =E74*H74 -> 305153.99 | L74: 0 | M74: =I74+L74 -> 305153.99 | O74: 0.93490805
B75: อ่างล้างจาน | C75: อ่างล้างจานสแตนเลสชนิดติดตั้งใต้เคาน์เตอร์ท็อป 1 หลุม | E75: 12 | F75: ชุด | G75: 11495 | H75: =G75*O75 -> 10746.768 | I75: =E75*H75 -> 128961.22 | L75: =E75*J75 -> 0 | M75: =I75+L75 -> 128961.22 | O75: 0.93490805
B76: เครื่องดูดควัน | C76: กำลังลมในการดูด 1200 ลบ.ม./ชม. | E76: 4 | F76: ชุด | G76: 43900 | H76: =G76*O76 -> 41042.463 | I76: =E76*H76 -> 164169.85 | L76: =E76*J76 -> 0 | M76: =I76+L76 -> 164169.85 | O76: 0.93490805
B77: เตาไฟฟ้า | C77: เตาระบบ induction 4 หัวตา ขนาด 60 ซม. | E77: 8 | F77: ชุด | G77: 13900 | H77: =G77*O77 -> 12995.222 | I77: =E77*H77 -> 103961.77 | L77: =E77*J77 -> 0 | M77: =I77+L77 -> 103961.77 | O77: 0.93490805
B78: เตาอบ | C78: เตาอบมัลติฟังก์ชั่น เทอร์โบ 60 ซม. ความจุ: 71/70 ลิตร | E78: 8 | F78: ชุด | G78: 59900 | H78: =G78*O78 -> 56000.992 | I78: =E78*H78 -> 448007.94 | L78: =E78*J78 -> 0 | M78: =I78+L78 -> 448007.94 | O78: 0.93490805
B79: เต้าเสียบไฟฟ้าแบบฝังเคาน์เตอร์ | C79: ร้อมช่องเสียบ USB ขนาด 3.1 A เส้นผ่านศูนย์กลางรูเจาะ 88 มม. ไฟเข้าสาย SJT 3C/14 AWG ยาว 2 เมตร พร้อมปลั๊ก 125-250 V | E79: 16 | F79: ชุด | G79: 8455 | H79: =G79*O79 -> 7904.6475 | I79: =E79*H79 -> 126474.36 | L79: =E79*J79 -> 0 | M79: =I79+L79 -> 126474.36 | O79: 0.93490805
B80: 0.A-BF09 | C80: ขนาด 1.9x4.95x3.85 ม.(กxยxส) | E80: 2 | F80: ชุด | H80: =G80*O80 -> 0 | I80: =E80*H80 -> 0 | M80: =I80+L80 -> 0 | O80: 0.93490805
B81: ซุ้มประตู | C81: SS04 | D81: STAINLESS04 | E81: 32.93 | F81: ตร.ม. | G81: 3330 | H81: =G81*O81 -> 3113.2438 | I81: =E81*H81 -> 102519.12 | L81: =E81*J81 -> 0 | M81: =I81+L81 -> 102519.12 | O81: 0.93490805
B82: โครงประตูกระจก+ผนัง | C82: SS04 | D82: STAINLESS04 | E82: 12.8 | F82: ตร.ม. | G82: 3330 | H82: =G82*O82 -> 3113.2438 | I82: =E82*H82 -> 39849.521 | L82: =E82*J82 -> 0 | M82: =I82+L82 -> 39849.521 | O82: 0.93490805
B83: กระจกหน้าทีวี | C83: GL01 | D83: GLASS FOR TV | E83: 2.5 | F83: ตร.ม. | G83: 2000 | H83: =G83*O83 -> 1869.8161 | I83: =E83*H83 -> 4674.5402 | L83: =E83*J83 -> 0 | M83: =I83+L83 -> 4674.5402 | O83: 0.93490805
B84: ขาแขวนทีวี | C84: ขาแขวนทีวี ปรับก้ม-เงยได้ สำหรับจอภาพขนาด 60-100 นิ้ว | E84: 2 | F84: ชุด | G84: 3890 | H84: =G84*O84 -> 3636.7923 | I84: =E84*H84 -> 7273.5846 | M84: =I84+L84 -> 7273.5846 | O84: 0.93490805
C85: ขนาด 119.00cm L x 24.00cm W | H85: =G85*O85 -> 0 | I85: =E85*H85 -> 0 | M85: =I85+L85 -> 0 | O85: 0.93490805
B86: งานบัวเชิงผนัง | H86: =G86*O86 -> 0 | I86: =E86*H86 -> 0 | M86: =I86+L86 -> 0 | O86: 0.93490805
A87: SK2.1 | B87: บัวเชิงผนัง ทำผิวหินขัด สีเทา ระบุสีและขนาดหินภายหลัง ขนาด 100x25 มม. | E87: 55 | F87: ม. | G87: 100 | H87: =G87*O87 -> 93.490805 | I87: =E87*H87 -> 5141.9943 | M87: =I87+L87 -> 5141.9943 | O87: 0.93490805
B88: พื้นตะแกรงสเตนเลส304 W100 x L1000 x H25.4 mm | E88: 12 | F88: ชิ้น | G88: 3500 | H88: =G88*O88 -> 3272.1782 | I88: =E88*H88 -> 39266.138 | M88: =I88+L88 -> 39266.138 | O88: 0.93490805
B89: รวมราคาZONE 0.A | I89: =SUM(I34:I88) -> 3587168.2 | L89: =SUM(L34:L88) -> 0 | M89: =SUM(M34:M88) -> 3587168.2 | O89: 0.93490805
O90: 0.93490805
A91: 2 | B91: ZONE 0.B | O91: 0.93490805
B92: B25 | C92: RECEPTION | O92: 0.93490805
B93: 0.B-IW01 | C93: ALUCOMPOSITE01 | E93: 12.5 | F93: ตร.ม. | G93: 4200 | H93: =G93*O93 -> 3926.6138 | I93: =E93*H93 -> 49082.672 | J93: 950 | K93: =J93*O93 -> 888.16264 | L93: =E93*K93 -> 11102.033 | M93: =I93+L93 -> 60184.706 | O93: 0.93490805
B94: 0.B-IW02 | C94: ALUCOMPOSITE01 | E94: 9 | F94: ตร.ม. | G94: 4200 | H94: =G94*O94 -> 3926.6138 | I94: =E94*H94 -> 35339.524 | J94: 950 | K94: =J94*O94 -> 888.16264 | L94: =E94*K94 -> 7993.4638 | M94: =I94+L94 -> 43332.988 | O94: 0.93490805
B95: 0.B-IW03 | C95: ALUCOMPOSITE01 | E95: 8 | F95: ตร.ม. | G95: 4200 | H95: =G95*O95 -> 3926.6138 | I95: =E95*H95 -> 31412.91 | J95: 950 | K95: =J95*O95 -> 888.16264 | L95: =E95*K95 -> 7105.3012 | M95: =I95+L95 -> 38518.212 | O95: 0.93490805
B96: 0.B-IW04 | C96: ALUCOMPOSITE01 | E96: 10.5 | F96: ตร.ม. | G96: 4200 | H96: =G96*O96 -> 3926.6138 | I96: =E96*H96 -> 41229.445 | J96: 950 | K96: =J96*O96 -> 888.16264 | L96: =E96*K96 -> 9325.7078 | M96: =I96+L96 -> 50555.153 | O96: 0.93490805
B97: 0.B-BF01 | C97: COUNTER | E97: 1 | F97: ชุด | H97: =G97*O97 -> 0 | I97: =E97*H97 -> 0 | K97: =J97*O97 -> 0 | L97: =E97*K97 -> 0 | O97: 0.93490805
B98: ท็อปเคาน์เตอร์ | C98: ST07 | D98: หินเทียม ความหนา 12 มม. | E98: 5 | F98: ตร.ม. | G98: 7500 | H98: =G98*O98 -> 7011.8104 | I98: =E98*H98 -> 35059.052 | J98: 2000 | K98: =J98*O98 -> 1869.8161 | L98: =E98*K98 -> 9349.0805 | M98: =I98+L98+L99 -> 51887.397 | O98: 0.93490805
B99: MOLDหินเทียม | H99: =G99*O99 -> 0 | I99: =E99*H99 -> 0 | K99: =J99*O99 -> 0 | L99: =8000*O99 -> 7479.2644 | O99: 0.93490805
B100: หน้าเคาน์เตอร์ | C100: GL06 | D100: กระจกฝ้า ความหนา 3 มม. | E100: 5 | F100: ตร.ม. | G100: 100 | H100: =G100*O100 -> 93.490805 | I100: =E100*H100 -> 467.45402 | J100: 33 | K100: =J100*O100 -> 30.851966 | L100: =E100*K100 -> 154.25983 | M100: =I100+L100 -> 621.71385 | O100: 0.93490805 | P100: =E100*J100 -> 165
B101: โครงตู้ | E101: 5 | F101: ม. | G101: 8000 | H101: =G101*O101 -> 7479.2644 | I101: =E101*H101 -> 37396.322 | K101: =J101*O101 -> 0 | L101: =E101*K101 -> 0 | M101: =I101+L101 -> 37396.322 | O101: 0.93490805
B102: B26 | C102: TK MEDIA LAB | O102: 0.93490805
B103: 0.B-IW37 | C103: ซุ้มประตู | E103: 7.5 | F103: ตร.ม. | G103: 4200 | H103: =G103*O103 -> 3926.6138 | I103: =E103*H103 -> 29449.603 | J103: 950 | K103: =J103*O103 -> 888.16264 | L103: =E103*K103 -> 6661.2198 | M103: =I103+L103 -> 36110.823 | O103: 0.93490805
B104: 0.B-IW06 | C104: แผ่น Aluminum Solid Sheet Panel | E104: 1 | F104: ตร.ม. | G104: 4200 | H104: =G104*O104 -> 3926.6138 | I104: =E104*H104 -> 3926.6138 | J104: 950 | K104: =J104*O104 -> 888.16264 | L104: =E104*K104 -> 888.16264 | M104: =I104+L104 -> 4814.7764 | O104: 0.93490805
B105: 0.B-IW05 | C105: แผ่น Aluminum Solid Sheet Panel | E105: 6 | F105: ตร.ม. | G105: 4200 | H105: =G105*O105 -> 3926.6138 | I105: =E105*H105 -> 23559.683 | J105: 950 | K105: =J105*O105 -> 888.16264 | L105: =E105*K105 -> 5328.9759 | M105: =I105+L105 -> 28888.659 | O105: 0.93490805
B106: 0.B-IW07 | C106: แผ่น Aluminum Solid Sheet Panel | E106: 6 | F106: ตร.ม. | G106: 4200 | H106: =G106*O106 -> 3926.6138 | I106: =E106*H106 -> 23559.683 | J106: 950 | K106: =J106*O106 -> 888.16264 | L106: =E106*K106 -> 5328.9759 | M106: =I106+L106 -> 28888.659 | O106: 0.93490805
B107: 0.B-IW11 | C107: แผ่น Aluminum Solid Sheet Panel | H107: =G107*O107 -> 0 | I107: =E107*H107 -> 0 | K107: =J107*O107 -> 0 | L107: =E107*K107 -> 0 | O107: 0.93490805
B108: ผนังปิดผิว | C108: AL01 | D108: แผ่น Aluminum Solid Sheet Panel | E108: 20 | F108: ตร.ม. | G108: 4200 | H108: =G108*O108 -> 3926.6138 | I108: =E108*H108 -> 78532.276 | J108: 950 | K108: =J108*O108 -> 888.16264 | L108: =E108*K108 -> 17763.253 | M108: =I108+L108 -> 96295.529 | O108: 0.93490805
B109: แผ่นหน้าห้อง | C109: ACL01 | D109: แผ่นอะครีลิค สีใส หนา 5 มม. ติดทับหน้าด้วยฟิลม์ลอน 3M | E109: 20 | F109: ตร.ม. | G109: 3045 | H109: =G109*O109 -> 2846.795 | I109: =E109*H109 -> 56935.9 | J109: 100 | K109: =J109*O109 -> 93.490805 | L109: =E109*K109 -> 1869.8161 | M109: =I109+L109 -> 58805.716 | O109: 0.93490805
B110: 0.B-IW09 | C110: แผ่นอะครีลิค สีใส หนา 5 มม. ติดทับหน้าด้วยฟิลม์ลอน 3M | H110: =G110*O110 -> 0 | I110: =E110*H110 -> 0 | K110: =J110*O110 -> 0 | L110: =E110*K110 -> 0 | O110: 0.93490805
B111: ผนังปิดผิว | C111: AL01 | D111: แผ่น Aluminum Solid Sheet Panel | E111: 7 | F111: ตร.ม. | G111: 4200 | H111: =G111*O111 -> 3926.6138 | I111: =E111*H111 -> 27486.297 | J111: 950 | K111: =J111*O111 -> 888.16264 | L111: =E111*K111 -> 6217.1385 | M111: =I111+L111 -> 33703.435 | O111: 0.93490805
...

Sheet RC1_Structure_RE
A1: ชื่อโครงการ | D1: =+'RKCA1_ปร.5 (ก)'!C4 -> โครงการจัดตั้งศูนย์การเรียนรู้แห่งชาติ OKMD : OKMD National Knowledge Center (Ratchadamnoen Center 1 และ 2) | J1: หมวดงาน | K1: หมวดงาน | L1: งานวิศวกรรมโครงสร้าง (RKCA 1)
A2: สถานที่ก่อสร้าง | D2: =+'RKCA1_ปร.5 (ก)'!C5 -> แขวงตลาดยอด เขตพระนคร กรุงเทพมหานคร | J2: เมื่อวันที่ | K2: เมื่อวันที่ | L2: =+'RKCA1_ปร.5 (ก)'!C10 -> 16 กรกฎาคม 2568
A3: คำนวณราคากลางโดย | D3: =+'RKCA1_ปร.5 (ก)'!C9 -> คณะกรรมการกำหนดราคากลาง
A5: ลำดับ | B5: รายการ | E5: จำนวน | F5: หน่วย | G5: ราคาวัสดุสิ่งของ | J5: ค่าแรงงาน | M5: รวมค่าวัสดุ | N5: หมายเหตุ
G6: ราคา/หน่วย | H6: ราคา/หน่วย | I6: จำนวนเงิน | J6: ราคา/หน่วย | K6: ราคา/หน่วย | L6: จำนวนเงิน | M6: และแรงงาน
B7: สรุปราคาค่าก่อสร้างงานวิศวกรรมโครงสร้าง
B8: อาคาร Ratchadamnoen Center 1
A9: 1 | B9: งานเสาเข็ม Pile wall และระบบค้ำยันใต้ดิน | M9: =M45 -> 68750351 | O9: =P9*0.934908047 -> 68750351 | P9: 73537020
A10: 2 | B10: งานโครงสร้างฐานราก และชั้นใต้ดิน | M10: =M230 -> 37614118 | O10: =P10*0.934908047 -> 37614118 | P10: 40232960
A11: 3 | B11: งานโครงสร้าง คาน พื้น เสา ผนังชั้น 1 | M11: =M347 -> 18623859 | O11: =P11*0.934908047 -> 18623859 | P11: 19920525
A12: 4 | B12: งานโครงสร้าง คาน พื้น เสา ผนังชั้น 2 | M12: =M430 -> 11816618 | O12: =P12*0.934908047 -> 11816618 | P12: 12639337
A13: 5 | B13: งานโครงสร้าง คาน พื้น เสา ผนังชั้น 3 | M13: =M522 -> 12005322 | O13: =P13*0.934908047 -> 12005322 | P13: 12841179
A14: 6 | B14: งานโครงสร้าง คาน พื้น เสา ผนังชั้น 3 (ชั้นลอย) | M14: =M604 -> 2885741.8 | O14: =P14*0.934908047 -> 2885741.8 | P14: 3086658.4
A15: 7 | B15: งานโครงสร้าง คาน พื้น ผนังดาดฟ้า | M15: =M648 -> 1688762.4 | O15: =P15*0.934908047 -> 1688762.4 | P15: 1806340.6
A16: 8 | B16: งานโครงสร้างเหล็กหลังคา | M16: =M714 -> 13721188 | O16: =P16*0.934908047 -> 13721188 | P16: 14676511
A17: 9 | B17: งานบันไดคอนกรีตเสริมเหล็ก | M17: =M833 -> 827189.43 | O17: =P17*0.934908047 -> 827189.43 | P17: 884781.59
A18: 10 | B18: งานบันไดโครงสร้างเหล็ก | M18: =M903 -> 1945721.7 | O18: =P18*0.934908047 -> 1945721.7 | P18: 2081190.5
A19: 11 | B19: โครงสร้าง Support furniture | M19: =M917 -> 814928.76 | O19: =P19*0.934908047 -> 814928.76 | P19: 871667.29
B21: รวมราคาค่าก่อสร้างงานวิศวกรรมโครงสร้าง | M21: =SUM(M8:M20) -> 1.706938e+08 | O21: =SUM(O9:O20) -> 1.706938e+08 | P21: =SUM(P9:P20) -> 1.8257817e+08
A31: 1 | B31: งานเสาเข็ม Pile wall และระบบค้ำยันใต้ดิน
A32: 1.1 | B32: งานเสาเข็มอาคาร
B33: - | C33: เสาเข็มเจาะชนิดเปียก Type-1 Dia 0.60 Pile Tip -35.00 m. | E33: 537 | F33: ต้น | G33: 73995.67 | H33: =G33*O33 -> 69179.147 | I33: =H33*E33 -> 37149202 | J33: 0 | K33: =J33*O33 -> 0 | L33: =K33*E33 -> 0 | M33: =L33+I33 -> 37149202 | O33: 0.93490805
B34: - | C34: เสาเข็มเจาะชนิดเปียก Type-2 Dia 0.60 Pile Tip -35.00 m. | E34: 9 | F34: ต้น | G34: 81664.75 | H34: =G34*O34 -> 76349.032 | I34: =H34*E34 -> 687141.29 | J34: 0 | K34: =J34*O34 -> 0 | L34: =K34*E34 -> 0 | M34: =L34+I34 -> 687141.29 | O34: 0.93490805
A35: 1.2 | B35: งานตัดหัวเสาเข็ม | E35: 537 | F35: ต้น | G35: 0 | H35: =G35*O35 -> 0 | I35: =H35*E35 -> 0 | J35: 600 | K35: =J35*O35 -> 560.94483 | L35: =K35*E35 -> 301227.37 | M35: =L35+I35 -> 301227.37 | O35: 0.93490805
A36: 1.3 | B36: งานทดสอบเสาเข็ม | G36: 0 | H36: =G36*O36 -> 0 | I36: =H36*E36 -> 0 | J36: 0 | K36: =J36*O36 -> 0 | L36: =K36*E36 -> 0 | M36: =L36+I36 -> 0 | O36: 0.93490805
B37: - | C37: DYNAMIC LOAD TEST | E37: 3 | F37: ต้น | G37: 4000 | H37: =G37*O37 -> 3739.6322 | I37: =H37*E37 -> 11218.897 | J37: 0 | K37: =J37*O37 -> 0 | L37: =K37*E37 -> 0 | M37: =L37+I37 -> 11218.897 | O37: 0.93490805
B38: - | C38: SEISMIC TEST | E38: 546 | F38: ต้น | G38: 0 | H38: =G38*O38 -> 0 | I38: =H38*E38 -> 0 | J38: 120 | K38: =J38*O38 -> 112.18897 | L38: =K38*E38 -> 61255.175 | M38: =L38+I38 -> 61255.175 | O38: 0.93490805
A39: 1.4 | B39: งานเสาเข็ม Pilewall | G39: 0 | H39: =G39*O39 -> 0 | I39: =H39*E39 -> 0 | J39: 0 | K39: =J39*O39 -> 0 | L39: =K39*E39 -> 0 | M39: =L39+I39 -> 0 | O39: 0.93490805
B40: - | C40: เสาเข็มเจาะชนิดเปียก Type-1 Dia 0.60 x 18 m. | E40: 608 | F40: ต้น | G40: 48161.52 | H40: =G40*O40 -> 45026.593 | I40: =H40*E40 -> 27376168 | J40: 0 | K40: =J40*O40 -> 0 | L40: =K40*E40 -> 0 | M40: =L40+I40 -> 27376168 | O40: 0.93490805
B41: - | C41: เสาเข็มเจาะชนิดเปียก Type-2 Dia 0.60 x 18 m. | E41: 67 | F41: ต้น | G41: 50514 | H41: =G41*O41 -> 47225.945 | I41: =H41*E41 -> 3164138.3 | J41: 0 | K41: =J41*O41 -> 0 | L41: =K41*E41 -> 0 | M41: =L41+I41 -> 3164138.3 | O41: 0.93490805
O42: 0.93490805
O43: 0.93490805
O44: 0.93490805
B45: รวมราคางานเสาเข็ม Pile wall และระบบค้ำยันใต้ดิน | M45: =SUM(M33:M44) -> 68750351 | O45: 0.93490805
O46: 0.93490805
O47: 0.93490805
O48: 0.93490805
O49: 0.93490805
O50: 0.93490805
O51: 0.93490805
O52: 0.93490805
O53: 0.93490805
O54: 0.93490805
O55: 0.93490805
O56: 0.93490805
O57: 0.93490805
O58: 0.93490805
A59: 2 | B59: งานโครงสร้างฐานรากและชั้นใต้ดิน | O59: 0.93490805
B60: โครงสร้างฐานราก | O60: 0.93490805
A61: 2.1 | B61: งานขุดดิน และถมกลับ | E61: 6016 | F61: ลบ.ม. | G61: 0 | H61: =G61*O61 -> 0 | I61: =H61*E61 -> 0 | J61: 112 | K61: =J61*O61 -> 104.7097 | L61: =K61*E61 -> 629933.56 | M61: =L61+I61 -> 629933.56 | O61: 0.93490805
A62: 2.2 | B62: งานทรายหยาบบดอัดแน่น | E62: 80 | F62: ลบ.ม. | G62: 508.33 | H62: =G62*O62 -> 475.24181 | I62: =H62*E62 -> 38019.345 | J62: 104 | K62: =J62*O62 -> 97.230437 | L62: =K62*E62 -> 7778.435 | M62: =L62+I62 -> 45797.78 | O62: 0.93490805
A63: 2.3 | B63: งานคอนกรีตหยาบ | E63: 160 | F63: ลบ.ม. | G63: 2460 | H63: =G63*O63 -> 2299.8738 | I63: =H63*E63 -> 367979.81 | J63: 426 | K63: =J63*O63 -> 398.27083 | L63: =K63*E63 -> 63723.332 | M63: =L63+I63 -> 431703.14 | O63: 0.93490805
A64: 2.4 | B64: งานเหล็กเสริม | O64: 0.93490805
B65: - | C65: ขนาดเส้นผ่านศูนย์กลาง 12 ม.ม. SD-50 | E65: 6914 | F65: กก. | G65: 19.45 | H65: =G65*O65 -> 18.183962 | I65: =H65*E65 -> 125723.91 | J65: 3.6 | K65: =J65*O65 -> 3.365669 | L65: =K65*E65 -> 23270.235 | M65: =L65+I65 -> 148994.15 | O65: 0.93490805 | P65: ราคามีแก้ไขตามกระทรวงพาณิชย์ กทม. ธ.ค.67
B66: - | C66: ขนาดเส้นผ่านศูนย์กลาง 16 ม.ม. SD-50 | E66: 13573 | F66: กก. | G66: 19.25 | H66: =G66*O66 -> 17.99698 | I66: =H66*E66 -> 244273.01 | J66: 3.6 | K66: =J66*O66 -> 3.365669 | L66: =K66*E66 -> 45682.225 | M66: =L66+I66 -> 289955.23 | O66: 0.93490805 | P66: ราคามีแก้ไขตามกระทรวงพาณิชย์ กทม. ธ.ค.67
B67: - | C67: ขนาดเส้นผ่านศูนย์กลาง 20 ม.ม. SD-50 | E67: 13680 | F67: กก. | G67: 19.25 | H67: =G67*O67 -> 17.99698 | I67: =H67*E67 -> 246198.69 | J67: 3.1 | K67: =J67*O67 -> 2.8982149 | L67: =K67*E67 -> 39647.58 | M67: =L67+I67 -> 285846.27 | O67: 0.93490805 | P67: ราคามีแก้ไขตามกระทรวงพาณิชย์ กทม. ธ.ค.67
B68: - | C68: ขนาดเส้นผ่านศูนย์กลาง 25 ม.ม. SD-50 | E68: 64375 | F68: กก. | G68: 19.25 | H68: =G68*O68 -> 17.99698 | I68: =H68*E68 -> 1158555.6 | J68: 3.1 | K68: =J68*O68 -> 2.8982149 | L68: =K68*E68 -> 186572.59 | M68: =L68+I68 -> 1345128.2 | O68: 0.93490805 | P68: ราคามีแก้ไขตามกระทรวงพาณิชย์ กทม. ธ.ค.67
B69: - | C69: ขนาดเส้นผ่านศูนย์กลาง 28 ม.ม. SD-50 | E69: 3222 | F69: กก. | G69: 19.25 | H69: =G69*O69 -> 17.99698 | I69: =H69*E69 -> 57986.269 | J69: 3.1 | K69: =J69*O69 -> 2.8982149 | L69: =K69*E69 -> 9338.0486 | M69: =L69+I69 -> 67324.318 | O69: 0.93490805 | P69: ราคามีแก้ไขตามกระทรวงพาณิชย์ กทม. ธ.ค.67
B70: - | C70: ลวดผูกเหล็ก | E70: 1832 | F70: กก. | G70: 27.1 | H70: =G70*O70 -> 25.336008 | I70: =H70*E70 -> 46415.567 | J70: 0 | K70: =J70*O70 -> 0 | L70: =K70*E70 -> 0 | M70: =L70+I70 -> 46415.567 | O70: 0.93490805 | P70: ราคามีแก้ไขตามกระทรวงพาณิชย์ กทม. ธ.ค.67 | Q70: =+E70+E85+E100+E117+E134+E165+E187+E206+E221+E257+E273+E292+E310+E324+E338+E369+E382+E399+E414+E458+E471+E490+E506+E548+E561+E580+E596+E611+E624+E639+E722+E735+E748+E761+E774+E786+E799+E812+E824 -> 23135.182 | R70: ปริมาณลวด
A71: 2.5 | B71: งานไม้แบบ | O71: 0.93490805
B72: - | C72: ไม้แบบ ค้ำยัน นั่งร้าน (อาคาร 4 ชั้นขึ้นไป ใช้ 50%) | E72: 423 | F72: ตร.ม. | G72: 245.2 | H72: =G72*O72 -> 229.23945 | I72: =H72*E72 -> 96968.289 | J72: 0 | K72: =J72*O72 -> 0 | L72: =K72*E72 -> 0 | M72: =L72+I72 -> 96968.289 | O72: 0.93490805
B73: - | C73: ค่าแรงประกอบและติดตั้งไม้แบบหล่อคอนกรีต (ใช้ 100%) | E73: 846 | F73: ตร.ม. | H73: =G73*O73 -> 0 | I73: =H73*E73 -> 0 | J73: 121 | K73: =J73*O73 -> 113.12387 | L73: =K73*E73 -> 95702.797 | M73: =L73+I73 -> 95702.797 | O73: 0.93490805
B74: - | C74: ไม้เคร่า (ใช้ 30% ของไม้แบบ 1 ตร.ม.) | E74: 127 | F74: ลบ.ฟ. | G74: 309.42 | H74: =G74*O74 -> 289.27925 | I74: =H74*E74 -> 36738.464 | J74: 0 | K74: =J74*O74 -> 0 | L74: =K74*E74 -> 0 | M74: =L74+I74 -> 36738.464 | O74: 0.93490805
B75: - | C75: ตะปู (ใช้ 25% ของไม้แบบ 1 ตร.ม.) | E75: 106 | F75: กก. | G75: 23.36 | H75: =G75*O75 -> 21.839452 | I75: =H75*E75 -> 2314.9819 | J75: 0 | K75: =J75*O75 -> 0 | L75: =K75*E75 -> 0 | M75: =L75+I75 -> 2314.9819 | O75: 0.93490805 | P75: ราคามีแก้ไขตามกระทรวงพาณิชย์ กทม. ธ.ค.67
A76: 2.6 | B76: งานคอนกรีตโครงสร้าง | O76: 0.93490805
B77: - | C77: งานคอนกรีตโครงสร้าง 240 ksc.ผสมน้ำยากันซึม | E77: 732 | F77: ลบ.ม. | G77: 2117.5 | H77: =G77*O77 -> 1979.6678 | I77: =H77*E77 -> 1449116.8 | J77: 519 | K77: =J77*O77 -> 485.21728 | L77: =K77*E77 -> 355179.05 | M77: =L77+I77 -> 1804295.9 | O77: 0.93490805
B78: โครงสร้างคาน ชั้นใต้ดิน | O78: 0.93490805
A79: 2.7 | B79: งานขุดดิน และถมกลับ | E79: 63 | F79: ลบ.ม. | H79: =G79*O79 -> 0 | I79: =H79*E79 -> 0 | J79: 112 | K79: =J79*O79 -> 104.7097 | L79: =K79*E79 -> 6596.7112 | M79: =L79+I79 -> 6596.7112 | O79: 0.93490805
A80: 2.8 | B80: งานทรายหยาบบดอัดแน่น | E80: 2 | F80: ลบ.ม. | G80: 508.33 | H80: =G80*O80 -> 475.24181 | I80: =H80*E80 -> 950.48362 | J80: 104 | K80: =J80*O80 -> 97.230437 | L80: =K80*E80 -> 194.46087 | M80: =L80+I80 -> 1144.9445 | O80: 0.93490805
A81: 2.9 | B81: งานคอนกรีตหยาบ | E81: 2 | F81: ลบ.ม. | G81: 2460 | H81: =G81*O81 -> 2299.8738 | I81: =H81*E81 -> 4599.7476 | J81: 426 | K81: =J81*O81 -> 398.27083 | L81: =K81*E81 -> 796.54166 | M81: =L81+I81 -> 5396.2892 | O81: 0.93490805
A82: 2.10 | B82: งานเหล็กเสริม | O82: 0.93490805
B83: - | C83: ขนาดเส้นผ่านศูนย์กลาง 12 ม.ม. SD-50 | E83: 1859 | F83: กก. | G83: 19.45 | H83: =G83*O83 -> 18.183962 | I83: =H83*E83 -> 33803.984 | J83: 3.6 | K83: =J83*O83 -> 3.365669 | L83: =K83*E83 -> 6256.7786 | M83: =L83+I83 -> 40060.763 | O83: 0.93490805 | P83: ราคามีแก้ไขตามกระทรวงพาณิชย์ กทม. ธ.ค.67
B84: - | C84: ขนาดเส้นผ่านศูนย์กลาง 32 ม.ม. SD-50 | E84: 3954 | F84: กก. | G84: 19.25 | H84: =G84*O84 -> 17.99698 | I84: =H84*E84 -> 71160.059 | J84: 3.1 | K84: =J84*O84 -> 2.8982149 | L84: =K84*E84 -> 11459.542 | M84: =L84+I84 -> 82619.6 | O84: 0.93490805 | P84: ราคามีแก้ไขตามกระทรวงพาณิชย์ กทม. ธ.ค.67
B85: - | C85: ลวดผูกเหล็ก | E85: 105 | F85: กก. | G85: 27.1 | H85: =G85*O85 -> 25.336008 | I85: =H85*E85 -> 2660.2808 | J85: 0 | K85: =J85*O85 -> 0 | L85: =K85*E85 -> 0 | M85: =L85+I85 -> 2660.2808 | O85: 0.93490805 | P85: ราคามีแก้ไขตามกระทรวงพาณิชย์ กทม. ธ.ค.67
A86: 2.11 | B86: งานไม้แบบ | O86: 0.93490805
B87: - | C87: ไม้แบบ ค้ำยัน นั่งร้าน (อาคาร 4 ชั้นขึ้นไป ใช้ 50%) | E87: 14 | F87: ตร.ม. | G87: 245.2 | H87: =G87*O87 -> 229.23945 | I87: =H87*E87 -> 3209.3523 | J87: 0 | K87: =J87*O87 -> 0 | L87: =K87*E87 -> 0 | M87: =L87+I87 -> 3209.3523 | O87: 0.93490805
B88: - | C88: ค่าแรงประกอบและติดตั้งไม้แบบหล่อคอนกรีต (ใช้ 100%) | E88: 28 | F88: ตร.ม. | H88: =G88*O88 -> 0 | I88: =H88*E88 -> 0 | J88: 121 | K88: =J88*O88 -> 113.12387 | L88: =K88*E88 -> 3167.4685 | M88: =L88+I88 -> 3167.4685 | O88: 0.93490805
B89: - | C89: ไม้เคร่า (ใช้ 30% ของไม้แบบ 1 ตร.ม.) | E89: 5 | F89: ลบ.ฟ. | G89: 309.42 | H89: =G89*O89 -> 289.27925 | I89: =H89*E89 -> 1446.3962 | J89: 0 | K89: =J89*O89 -> 0 | L89: =K89*E89 -> 0 | M89: =L89+I89 -> 1446.3962 | O89: 0.93490805
B90: - | C90: ตะปู (ใช้ 25% ของไม้แบบ 1 ตร.ม.) | E90: 4 | F90: กก. | G90: 23.36 | H90: =G90*O90 -> 21.839452 | I90: =H90*E90 -> 87.357808 | J90: 0 | K90: =J90*O90 -> 0 | L90: =K90*E90 -> 0 | M90: =L90+I90 -> 87.357808 | O90: 0.93490805 | P90: ราคามีแก้ไขตามกระทรวงพาณิชย์ กทม. ธ.ค.67
A91: 2.12 | B91: งานคอนกรีตโครงสร้าง | O91: 0.93490805
B92: - | C92: งานคอนกรีตโครงสร้าง 320 ksc.ผสมน้ำยากันซึม | E92: 17.5 | F92: ลบ.ม. | G92: 2260 | H92: =G92*O92 -> 2112.8922 | I92: =H92*E92 -> 36975.613 | J92: 519 | K92: =J92*O92 -> 485.21728 | L92: =K92*E92 -> 8491.3023 | M92: =L92+I92 -> 45466.916 | O92: 0.93490805
B93: โครงสร้างพื้น ชั้นใต้ดิน | O93: 0.93490805
A94: 2.13 | B94: งานขุดดิน และถมกลับ | E94: 30218 | F94: ลบ.ม. | H94: =G94*O94 -> 0 | I94: =H94*E94 -> 0 | J94: 112 | K94: =J94*O94 -> 104.7097 | L94: =K94*E94 -> 3164117.8 | M94: =L94+I94 -> 3164117.8 | O94: 0.93490805
A95: 2.14 | B95: งานทรายหยาบบดอัดแน่น | E95: 655 | F95: ลบ.ม. | G95: 508.33 | H95: =G95*O95 -> 475.24181 | I95: =H95*E95 -> 311283.38 | J95: 104 | K95: =J95*O95 -> 97.230437 | L95: =K95*E95 -> 63685.936 | M95: =L95+I95 -> 374969.32 | O95: 0.93490805
A96: 2.15 | B96: งานคอนกรีตหยาบ | E96: 328 | F96: ลบ.ม. | G96: 2460 | H96: =G96*O96 -> 2299.8738 | I96: =H96*E96 -> 754358.6 | J96: 426 | K96: =J96*O96 -> 398.27083 | L96: =K96*E96 -> 130632.83 | M96: =L96+I96 -> 884991.44 | O96: 0.93490805
A97: 2.16 | B97: งานเหล็กเสริม | O97: 0.93490805
B98: - | C98: ขนาดเส้นผ่านศูนย์กลาง 12 ม.ม. SD-50 | E98: 5966 | F98: กก. | G98: 19.45 | H98: =G98*O98 -> 18.183962 | I98: =H98*E98 -> 108485.51 | J98: 3.6 | K98: =J98*O98 -> 3.365669 | L98: =K98*E98 -> 20079.581 | M98: =L98+I98 -> 128565.1 | O98: 0.93490805 | P98: ราคามีแก้ไขตามกระทรวงพาณิชย์ กทม. ธ.ค.67
B99: - | C99: ขนาดเส้นผ่านศูนย์กลาง 16 ม.ม. SD-50 | E99: 166058 | F99: กก. | G99: 19.25 | H99: =G99*O99 -> 17.99698 | I99: =H99*E99 -> 2988542.5 | J99: 3.6 | K99: =J99*O99 -> 3.365669 | L99: =K99*E99 -> 558896.26 | M99: =L99+I99 -> 3547438.7 | O99: 0.93490805 | P99: ราคามีแก้ไขตามกระทรวงพาณิชย์ กทม. ธ.ค.67
B100: - | C100: ลวดผูกเหล็ก | E100: 3096 | F100: กก. | G100: 27.1 | H100: =G100*O100 -> 25.336008 | I100: =H100*E100 -> 78440.281 | J100: 0 | K100: =J100*O100 -> 0 | L100: =K100*E100 -> 0 | M100: =L100+I100 -> 78440.281 | O100: 0.93490805 | P100: ราคามีแก้ไขตามกระทรวงพาณิชย์ กทม. ธ.ค.67
A101: 2.17 | B101: งานไม้แบบ | O101: 0.93490805
B102: - | C102: ไม้แบบ ค้ำยัน นั่งร้าน (อาคาร 4 ชั้นขึ้นไป ใช้ 50%) | E102: 109 | F102: ตร.ม. | G102: 245.2 | H102: =G102*O102 -> 229.23945 | I102: =H102*E102 -> 24987.1 | J102: 0 | K102: =J102*O102 -> 0 | L102: =K102*E102 -> 0 | M102: =L102+I102 -> 24987.1 | O102: 0.93490805
B103: - | C103: ค่าแรงประกอบและติดตั้งไม้แบบหล่อคอนกรีต (ใช้ 100%) | E103: 217 | F103: ตร.ม. | H103: =G103*O103 -> 0 | I103: =H103*E103 -> 0 | J103: 121 | K103: =J103*O103 -> 113.12387 | L103: =K103*E103 -> 24547.881 | M103: =L103+I103 -> 24547.881 | O103: 0.93490805
B104: - | C104: ไม้เคร่า (ใช้ 30% ของไม้แบบ 1 ตร.ม.) | E104: 33 | F104: ลบ.ฟ. | G104: 309.42 | H104: =G104*O104 -> 289.27925 | I104: =H104*E104 -> 9546.2152 | J104: 0 | K104: =J104*O104 -> 0 | L104: =K104*E104 -> 0 | M104: =L104+I104 -> 9546.2152 | O104: 0.93490805
B105: - | C105: ตะปู (ใช้ 25% ของไม้แบบ 1 ตร.ม.) | E105: 27 | F105: กก. | G105: 23.36 | H105: =G105*O105 -> 21.839452 | I105: =H105*E105 -> 589.6652 | J105: 0 | K105: =J105*O105 -> 0 | L105: =K105*E105 -> 0 | M105: =L105+I105 -> 589.6652 | O105: 0.93490805 | P105: ราคามีแก้ไขตามกระทรวงพาณิชย์ กทม. ธ.ค.67
A106: 2.18 | B106: งานคอนกรีตโครงสร้าง | O106: 0.93490805
B107: - | C107: งานคอนกรีตโครงสร้าง 320 ksc.ผสมน้ำยากันซึม | E107: 2405 | F107: ลบ.ม. | G107: 2260 | H107: =G107*O107 -> 2112.8922 | I107: =H107*E107 -> 5081505.7 | J107: 519 | K107: =J107*O107 -> 485.21728 | L107: =K107*E107 -> 1166947.5 | M107: =L107+I107 -> 6248453.3 | O107: 0.93490805
B108: โครงสร้างเสา ชั้นใต้ดิน | O108: 0.93490805
A109: 2.19 | B109: งานเหล็กเสริม | O109: 0.93490805
B110: - | C110: ขนาดเส้นผ่านศูนย์กลาง 9 ม.ม. SR-24 | E110: 5143 | F110: กก. | G110: 19.6 | H110: =G110*O110 -> 18.324198 | I110: =H110*E110 -> 94241.349 | J110: 4.4 | K110: =J110*O110 -> 4.1135954 | L110: =K110*E110 -> 21156.221 | M110: =L110+I110 -> 115397.57 | O110: 0.93490805 | P110: ราคามีแก้ไขตามกระทรวงพาณิชย์ กทม. ธ.ค.67
B111: - | C111: ขนาดเส้นผ่านศูนย์กลาง 12 ม.ม. SD-50 | E111: 2401 | F111: กก. | G111: 19.45 | H111: =G111*O111 -> 18.183962 | I111: =H111*E111 -> 43659.692 | J111: 3.6 | K111: =J111*O111 -> 3.365669 | L111: =K111*E111 -> 8080.9712 | M111: =L111+I111 -> 51740.663 | O111: 0.93490805 | P111: ราคามีแก้ไขตามกระทรวงพาณิชย์ กทม. ธ.ค.67
...

Sheet RKCA1_Ele
A1: ชื่อโครงการ | C1: =+'RKCA1_ปร.5 (ก)'!C4 -> โครงการจัดตั้งศูนย์การเรียนรู้แห่งชาติ OKMD : OKMD National Knowledge Center (Ratchadamnoen Center 1 และ 2) | J1: หมวดงาน | K1: หมวดงาน | L1: งานระบบสุขาภิบาลและดับเพลิง (RKCA 1)
A2: สถานที่ก่อสร้าง | C2: =+'RKCA1_ปร.5 (ก)'!C5 -> แขวงตลาดยอด เขตพระนคร กรุงเทพมหานคร | J2: เมื่อวันที่ | K2: เมื่อวันที่ | L2: =+'RKCA1_ปร.5 (ก)'!C10 -> 16 กรกฎาคม 2568
A3: คำนวณราคากลางโดย | C3: =+'RKCA1_ปร.5 (ก)'!C9 -> คณะกรรมการกำหนดราคากลาง
A5: ลำดับ | B5: รายการ | E5: จำนวน | F5: หน่วย | G5: ราคาวัสดุสิ่งของ | J5: ค่าแรงงาน | M5: รวมค่าวัสดุ | N5: หมายเหตุ
G6: ราคา/หน่วย | H6: ราคา/หน่วย | I6: จำนวนเงิน | J6: ราคา/หน่วย | K6: ราคา/หน่วย | L6: จำนวนเงิน | M6: และแรงงาน
B7: สรุปราคาค่าก่อสร้างงานระบบไฟฟ้าและสื่อสาร
B8: อาคาร Ratchadamnoen Center 1
A10: 1 | B10: ระบบไฟฟ้าแรงสูง | E10: 1 | F10: งาน | I10: =I50 -> 3571854.5 | L10: =L50 -> 237737.77 | M10: =I10+L10 -> 3809592.3 | O10: =P10*0.934908047 -> 3809592.3 | P10: 4074831 | Q10: =M10-O10 -> 0
A11: 2 | B11: งานอุปกรณ์ติดตั้งหม้อแปลงไฟฟ้า | E11: 1 | F11: งาน | I11: =I54 -> 37396.322 | L11: =L54 -> 56094.483 | M11: =I11+L11 -> 93490.805 | O11: =P11*0.934908047 -> 93490.805 | P11: 100000 | Q11: =M11-O11 -> 0
A12: 3 | B12: งานอุปกรณ์ติดตั้งเครื่องกำเนิดไฟฟ้าสำรอง | E12: 1 | F12: งาน | I12: =I64 -> 283342.58 | L12: =L64 -> 9349.0805 | M12: =I12+L12 -> 292691.66 | O12: =P12*0.934908047 -> 292691.66 | P12: 313070 | Q12: =M12-O12 -> 0
A13: 4 | B13: งานอุปกรณ์ติดตั้งเครื่องจ่ายไฟแบบต่อเนื่อง UPS | E13: 1 | F13: งาน | I13: =I70 -> 1332244 | L13: =L70 -> 11218.897 | M13: =I13+L13 -> 1343462.9 | O13: =P13*0.934908047 -> 1343462.9 | P13: 1437000 | Q13: =M13-O13 -> 0
A14: 5 | B14: ตู้ไฟฟ้า | E14: 1 | F14: งาน | I14: =I280 -> 6719742.3 | L14: =L280 -> 209690.53 | M14: =I14+L14 -> 6929432.8 | O14: =P14*0.934908047 -> 6929432.8 | P14: 7411887 | Q14: =M14-O14 -> 0
A15: 6 | B15: สายไฟฟ้า | E15: 1 | F15: งาน | I15: =I345 -> 11523545 | L15: =L345 -> 2882715.3 | M15: =I15+L15 -> 14406260 | O15: =P15*0.934908047 -> 14406260 | P15: 15409280 | Q15: =M15-O15 -> 0.010233913
A16: 7 | B16: ท่อและรางเดินสายไฟฟ้า | E16: 1 | F16: งาน | I16: =I378 -> 6246690.4 | L16: =L378 -> 2305984.6 | M16: =I16+L16 -> 8552675 | O16: =P16*0.934908047 -> 8552675 | P16: 9148145.7 | Q16: =M16-O16 -> 0.0009349063
A17: 8 | B17: ดวงโคมไฟฟ้า | E17: 1 | F17: งาน | I17: =I610 -> 24481952 | L17: =L610 -> 1153765.2 | M17: =I17+L17 -> 25635717 | O17: =P17*0.934908047 -> 25635717 | P17: 27420576 | Q17: =M17-O17 -> 0.0029356107
A18: 9 | B18: แสงสว่างฉุกเฉิน และป้ายทางออกฉุกเฉิน | E18: 1 | F18: งาน | I18: =I620 -> 477146.4 | L18: =L620 -> 42358.028 | M18: =I18+L18 -> 519504.43 | O18: =P18*0.934908047 -> 519504.43 | P18: 555674.36 | Q18: =M18-O18 -> 0
A19: 10 | B19: สวิตช์ เต้ารับไฟฟ้า | E19: 1 | F19: งาน | I19: =I640 -> 550802.95 | L19: =L640 -> 229861.73 | M19: =I19+L19 -> 780664.67 | O19: =P19*0.934908047 -> 780664.67 | P19: 835017.6 | Q19: =M19-O19 -> 0
A20: 11 | B20: ระบบการต่อลงดิน และการป้องกันฟ้าผ่า | E20: 1 | F20: งาน | I20: =I659 -> 1048308.7 | L20: =L659 -> 151413.03 | M20: =I20+L20 -> 1199721.7 | O20: =P20*0.934908047 -> 1199721.7 | P20: 1283251 | Q20: =M20-O20 -> 0
A21: 12 | B21: ระบบป้องกันไฟลาม | E21: 1 | F21: งาน | I21: =I663 -> 420708.62 | L21: =L663 -> 56094.483 | M21: =I21+L21 -> 476803.1 | O21: =P21*0.934908047 -> 476803.1 | P21: 510000 | Q21: =M21-O21 -> 0
A22: 13 | B22: ระบบควบคุมไฟฟ้าแสงสว่าง | E22: 1 | F22: งาน | I22: =I768 -> 1861265.8 | L22: =L768 -> 110562.23 | M22: =I22+L22 -> 1971828 | O22: =P22*0.934908047 -> 1971828 | P22: 2109114.4 | Q22: =M22-O22 -> 0
A23: 14 | B23: ระบบเสียงประกาศ | E23: 1 | F23: งาน | I23: =I869 -> 5073142.9 | L23: =L869 -> 394120.03 | M23: =M869 -> 5467263 | O23: =P23*0.934908047 -> 5467262.9 | P23: 5847915.1 | Q23: =M23-O23 -> 0.037583306
A24: 15 | B24: ระบบแจ้งเหตุเพลิงไหม้ | E24: 1 | F24: งาน | I24: =I974 -> 2319862.2 | L24: =L974 -> 690369.32 | M24: =I24+L24 -> 3010231.5 | O24: =P24*0.934908047 -> 3010231.4 | P24: 3219815.5 | Q24: =M24-O24 -> 0.034077398
A25: 16 | B25: ระบบกล้องวงจรปิด | E25: 1 | F25: งาน | I25: =I1082 -> 5181020.4 | L25: =L1082 -> 408122.19 | M25: =I25+L25 -> 5589142.6 | O25: =P25*0.934908047 -> 5589142.6 | P25: 5978280.6 | Q25: =M25-O25 -> -0.088396592
A26: 17 | B26: ระบบคอมพิวเตอร์ | E26: 1 | F26: งาน | I26: =I1114 -> 2278030.1 | L26: =L1114 -> 1015526.6 | M26: =I26+L26 -> 3293556.7 | O26: =P26*0.934908047 -> 3293556.7 | P26: 3522867 | Q26: =M26-O26 -> 0.0051419949
A27: 18 | B27: ระบบบริหารจัดการอาคาร | E27: 1 | F27: งาน | I27: =I1172 -> 3250040.5 | L27: =L1172 -> 891995.77 | M27: =I27+L27 -> 4142036.2 | O27: =P27*0.934908047 -> 4142036.2 | P27: 4430421 | Q27: =M27-O27 -> 0
A28: 19 | B28: =B1192 -> ระบบบริหารจัดการจอดรถ (Smart parking) | E28: 1 | F28: งาน | I28: =I1246 -> 1552695.3 | L28: =L1246 -> 623583.67 | M28: =I28+L28 -> 2176279 | O28: =P28*0.934908047 -> 2176279 | P28: 2327800 | Q28: =M28-O28 -> 0
A29: 20 | B29: =B1248 -> ระบบประตูอัตโนมัติ (Access control system) | E29: 1 | F29: งาน | I29: =I1296 -> 2959357.9 | L29: =L1296 -> 1277458.4 | M29: =I29+L29 -> 4236816.3 | O29: =P29*0.934908047 -> 4236816.3 | P29: 4531800 | Q29: =M29-O29 -> 0
A30: 21 | B30: =B1298 -> ระบบ Smart Booking & Desk booking | E30: 1 | F30: งาน | I30: =I1316 -> 799533.36 | L30: =L1316 -> 656492.43 | M30: =I30+L30 -> 1456025.8 | O30: =P30*0.934908047 -> 1456025.8 | P30: 1557400 | Q30: =M30-O30 -> 0
A31: 22 | B31: =B1318 -> ระบบตรวจนับคน (People Counting) | E31: 1 | F31: งาน | I31: =I1322 -> 217459.61 | L31: =L1322 -> 207175.62 | M31: =I31+L31 -> 424635.23 | O31: =P31*0.934908047 -> 424635.23 | P31: 454200 | Q31: =M31-O31 -> 0
A32: 23 | B32: ค่าขยายเขตการไฟฟ้า | E32: 1 | F32: งาน | I32: =I1330 -> 0 | L32: =L1330 -> 962955.29 | M32: =I32+L32 -> 962955.29 | O32: =P32*0.934908047 -> 962955.29 | P32: 1030000 | Q32: =M32-O32 -> 0
B34: รวมราคาค่าก่อสร้างงานระบบไฟฟ้าและสื่อสาร | I34: =SUM(I10:I32) -> 82186142 | L34: =SUM(L10:L32) -> 14584645 | M34: =SUM(M10:M32) -> 96770786 | O34: =SUM(O10:O33) -> 96770786 | P34: =SUM(P10:P33) -> 1.0350835e+08 | Q34: =M34-O34 -> 0.0025105327
A37: 1 | B37: ระบบไฟฟ้าแรงสูง
A38: 1.1 | B38: สายไฟฟ้าแรงสูง (HV Cable)
B39: สายไฟแรงสูงชนิด CU XLPE Cable 1C 12/20kV (24kV)
B40: - | C40: 70 มม2 | E40: 169 | F40: ม. | G40: =ROUND(746*80%,0) -> 597 | H40: =G40*O40 -> 558.1401 | I40: =E40*H40 -> 94325.678 | J40: 90 | K40: =J40*O40 -> 84.141724 | L40: =E40*K40 -> 14219.951 | M40: =I40+L40 -> 108545.63 | O40: 0.93490805
B41: - | C41: 240 มม2 | E41: 274 | F41: ม. | G41: =ROUND(1656*80%,0) -> 1325 | H41: =G41*O41 -> 1238.7532 | I41: =E41*H41 -> 339418.37 | J41: 155 | K41: =J41*O41 -> 144.91075 | L41: =E41*K41 -> 39705.545 | M41: =I41+L41 -> 379123.91 | O41: 0.93490805
A42: 1.2 | B42: ท่อร้อยสายไฟฟ้าชนิด IMC | O42: 0.93490805
B43: - | C43: 100 มม. Ø | E43: 57 | F43: ม. | G43: 934 | H43: =G43*O43 -> 873.20412 | I43: =E43*H43 -> 49772.635 | J43: 95 | K43: =J43*O43 -> 88.816264 | L43: =E43*K43 -> 5062.5271 | M43: =I43+L43 -> 54835.162 | O43: 0.93490805
A44: 1.3 | B44: HDPE w/ Concrete Encased (Ductbank 2x2) | E44: 30 | F44: ม. | G44: 4500 | H44: =G44*O44 -> 4207.0862 | I44: =E44*H44 -> 126212.59 | J44: 1200 | K44: =J44*O44 -> 1121.8897 | L44: =E44*K44 -> 33656.69 | M44: =I44+L44 -> 159869.28 | O44: 0.93490805
A45: 1.4 | B45: Manhole (TypeA3) | E45: 1 | F45: ชุด | G45: 158460 | H45: =G45*O45 -> 148145.53 | I45: =E45*H45 -> 148145.53 | J45: 35195 | K45: =J45*O45 -> 32904.089 | L45: =E45*K45 -> 32904.089 | M45: =I45+L45 -> 181049.62 | O45: 0.93490805
A46: 1.5 | B46: RMU. : 2 IN - 2 OUT | E46: 2 | F46: ชุด | G46: =663000*0.85 -> 563550 | H46: =G46*O46 -> 526867.43 | I46: =E46*H46 -> 1053734.9 | J46: 20000 | K46: =J46*O46 -> 18698.161 | L46: =E46*K46 -> 37396.322 | M46: =I46+L46 -> 1091131.2 | O46: 0.93490805
A47: 1.6 | B47: RMU. : 2 IN - 1 OUT | E47: 2 | F47: ชุด | G47: =484000*0.85 -> 411400 | H47: =G47*O47 -> 384621.17 | I47: =E47*H47 -> 769242.34 | J47: 20000 | K47: =J47*O47 -> 18698.161 | L47: =E47*K47 -> 37396.322 | M47: =I47+L47 -> 806638.66 | O47: 0.93490805
A48: 1.7 | B48: Outdoor Enclosure for Ring Main Unit With Meetering MEA. 24 kV | E48: 2 | F48: ชุด | G48: 450000 | H48: =G48*O48 -> 420708.62 | I48: =E48*H48 -> 841417.24 | J48: 20000 | K48: =J48*O48 -> 18698.161 | L48: =E48*K48 -> 37396.322 | M48: =I48+L48 -> 878813.56 | O48: 0.93490805
A49: 1.8 | B49: Cable Trench | E49: 4 | F49: ชุด | G49: 40000 | H49: =G49*O49 -> 37396.322 | I49: =E49*H49 -> 149585.29 | K49: =J49*O49 -> 0 | L49: =E49*K49 -> 0 | M49: =I49+L49 -> 149585.29 | O49: 0.93490805
B50: รวมรายการที่ 1 | I50: =SUM(I37:I49) -> 3571854.5 | L50: =SUM(L37:L49) -> 237737.77 | M50: =SUM(M37:M49) -> 3809592.3 | O50: 0.93490805
A51: 2 | B51: งานอุปกรณ์ติดตั้งหม้อแปลงไฟฟ้า | O51: 0.93490805
A52: 2.1 | B52: Dry Type Transformer 1,250 kVA 24 kV | E52: 2 | F52: ชุด | G52: 0 | I52: =ROUNDDOWN(E52*G52,2) -> 0 | J52: 30000 | K52: =J52*O52 -> 28047.241 | L52: =E52*K52 -> 56094.483 | M52: =I52+L52 -> 56094.483 | O52: 0.93490805
A53: 2.2 | B53: Concrete Foundation | E53: 2 | F53: ชุด | G53: 20000 | H53: =G53*O53 -> 18698.161 | I53: =E53*H53 -> 37396.322 | L53: =ROUNDDOWN(E53*J53,2) -> 0 | M53: =I53+L53 -> 37396.322 | O53: 0.93490805
B54: รวมรายการที่ 2 | I54: =SUM(I51:I53) -> 37396.322 | L54: =SUM(L51:L53) -> 56094.483 | M54: =SUM(M51:M53) -> 93490.805 | O54: 0.93490805
A55: 3 | B55: งานอุปกรณ์ติดตั้งเครื่องกำเนิดไฟฟ้าสำรอง | O55: 0.93490805
A56: 3.1 | B56: Generator Set 500 kVA 0.8PF Prime Rating | E56: 1 | F56: ชุด | G56: 0 | I56: =ROUNDDOWN(E56*G56,2) -> 0 | J56: 10000 | K56: =J56*O56 -> 9349.0805 | L56: =E56*K56 -> 9349.0805 | M56: =I56+L56 -> 9349.0805 | O56: 0.93490805
A57: 3.2 | B57: Generator Control Panel | E57: 1 | F57: ชุด | G57: =33070 -> 33070 | H57: =G57*O57 -> 30917.409 | I57: =E57*H57 -> 30917.409 | J57: 0 | L57: =ROUNDDOWN(E57*J57,2) -> 0 | M57: =I57+L57 -> 30917.409 | O57: 0.93490805
B58: - | C58: CB, 3P 800AT/800AF, 3P, IC ≥ 45 kA | E58: 1 | F58: ชุด | G58: INC. | H58: INC. | O58: 0.93490805
B59: - | C59: Cubicle w/ Busbar & Accessories | E59: 1 | F59: ชุด | G59: INC. | H59: INC. | O59: 0.93490805
A60: 3.3 | B60: Day Tank | E60: 1 | F60: ชุด | L60: =ROUNDDOWN(E60*J60,2) -> 0 | M60: =I60+L60 -> 0 | O60: 0.93490805
A61: 3.4 | B61: Air Intake Louve,Sound Attenuator | E61: 1 | F61: ชุด | G61: =110000+20000 -> 130000 | H61: =G61*O61 -> 121538.05 | I61: =E61*H61 -> 121538.05 | L61: =ROUNDDOWN(E61*J61,2) -> 0 | M61: =I61+L61 -> 121538.05 | O61: 0.93490805
A62: 3.5 | B62: Sound Proof Wall | E62: 100 | F62: ตรม. | G62: 1200 | H62: =G62*O62 -> 1121.8897 | I62: =E62*H62 -> 112188.97 | L62: =ROUNDDOWN(E62*J62,2) -> 0 | M62: =I62+L62 -> 112188.97 | O62: 0.93490805
A63: 3.6 | B63: Concrete Foundation | E63: 1 | F63: ชุด | G63: 20000 | H63: =G63*O63 -> 18698.161 | I63: =E63*H63 -> 18698.161 | L63: =ROUNDDOWN(E63*J63,2) -> 0 | M63: =I63+L63 -> 18698.161 | O63: 0.93490805
B64: รวมรายการที่ 3 | I64: =SUM(I55:I63) -> 283342.58 | L64: =SUM(L55:L63) -> 9349.0805 | M64: =SUM(M55:M63) -> 292691.66 | O64: 0.93490805
A65: 4 | B65: งานอุปกรณ์ติดตั้งเครื่องจ่ายไฟแบบต่อเนื่อง UPS | O65: 0.93490805
A66: 4.1 | B66: Uninterruptible Power Supply 150 kVA Modilar Type | E66: 1 | F66: ชุด | G66: 1393000 | H66: =G66*O66 -> 1302326.9 | I66: =E66*H66 -> 1302326.9 | J66: 10000 | K66: =J66*O66 -> 9349.0805 | L66: =E66*K66 -> 9349.0805 | M66: =I66+L66 -> 1311676 | O66: 0.93490805
A67: 4.2 | B67: Battery Backup Time 15 min. | E67: 1 | F67: ชุด | G67: INC. | H67: INC. | J67: 0 | L67: =ROUNDDOWN(E67*J67,2) -> 0 | O67: 0.93490805
A68: 4.3 | B68: Communacation Module | E68: 1 | F68: ชุด | G68: 12000 | H68: =G68*O68 -> 11218.897 | I68: =E68*H68 -> 11218.897 | J68: 2000 | K68: =J68*O68 -> 1869.8161 | L68: =E68*K68 -> 1869.8161 | M68: =I68+L68 -> 13088.713 | O68: 0.93490805
A69: 4.4 | B69: Concrete Foundation | E69: 1 | F69: ชุด | G69: 20000 | H69: =G69*O69 -> 18698.161 | I69: =E69*H69 -> 18698.161 | L69: =ROUNDDOWN(E69*J69,2) -> 0 | M69: =I69+L69 -> 18698.161 | O69: 0.93490805
B70: รวมรายการที่ 4 | I70: =SUM(I65:I69) -> 1332244 | L70: =SUM(L65:L69) -> 11218.897 | M70: =SUM(M65:M69) -> 1343462.9 | O70: 0.93490805
O71: 0.93490805
A72: 5 | B72: ตู้ไฟฟ้า | O72: 0.93490805
A73: 5.1 | B73: Main Distribution Board | O73: 0.93490805
A74: 5.1.1 | B74: MDB01-TIE-MDB02 | E74: 1 | F74: งาน | G74: =4993931*0.8 -> 3995144.8 | H74: =G74*O74 -> 3735093 | I74: =E74*H74 -> 3735093 | J74: 50000 | K74: =J74*O74 -> 46745.402 | L74: =E74*K74 -> 46745.402 | M74: =I74+L74 -> 3781838.4 | O74: 0.93490805
B75: - | C75: MDB01 ประกอบด้วย | O75: 0.93490805
C76: - Cubicle w/ Busbar , Metering & Acc. | E76: 1 | F76: ชุด | G76: INC. | H76: INC. | O76: 0.93490805
C77: - Digital Power Meter | E77: 1 | F77: ชุด | G77: INC. | H77: INC. | O77: 0.93490805
C78: - Digital Meter | E78: 2 | F78: ชุด | G78: INC. | H78: INC. | O78: 0.93490805
C79: - MCCB 50AT/100AF 3P | E79: 1 | F79: ชุด | G79: INC. | H79: INC. | O79: 0.93490805
C80: - MCCB 100AT/100AF 3P | E80: 1 | F80: ชุด | G80: INC. | H80: INC. | O80: 0.93490805
C81: - MCCB 200AT/250AF 3P | E81: 1 | F81: ชุด | G81: INC. | H81: INC. | O81: 0.93490805
C82: - MCCB 630AT/630AF 3P | E82: 1 | F82: ชุด | G82: INC. | H82: INC. | O82: 0.93490805
C83: - ACB 1000AT/1000AF 3P | E83: 2 | F83: ชุด | G83: INC. | H83: INC. | O83: 0.93490805
C84: - ACB 2000AT/2000AF 3P | E84: 1 | F84: ชุด | G84: INC. | H84: INC. | O84: 0.93490805
C85: - ACB 2500AT/2500AF 3P | E85: 1 | F85: ชุด | G85: INC. | H85: INC. | O85: 0.93490805
C86: - ACB 2500AT/2500AF 3P (TIE) | E86: 1 | F86: ชุด | G86: INC. | H86: INC. | O86: 0.93490805
B87: - | C87: CAP01 ประกอบด้วย | O87: 0.93490805
C88: - Fuse 100 A. w/Base | E88: 12 | F88: ชุด | G88: INC. | H88: INC. | O88: 0.93490805
C89: - Magnetic Contector 100 A. | E89: 12 | F89: ชุด | G89: INC. | H89: INC. | O89: 0.93490805
C90: - Capacitor Bank 50 KVA. (525 V.) | E90: 12 | F90: ชุด | G90: INC. | H90: INC. | O90: 0.93490805
C91: - Cubicle w/ Busbar , Metering & Acc. | E91: 1 | F91: ชุด | G91: INC. | H91: INC. | O91: 0.93490805
B92: - | C92: MDB02 ประกอบด้วย | O92: 0.93490805
C93: - Cubicle w/ Busbar , Metering & Acc. | E93: 1 | F93: ชุด | G93: INC. | H93: INC. | O93: 0.93490805
C94: - Digital Power Meter | E94: 1 | F94: ชุด | G94: INC. | H94: INC. | O94: 0.93490805
C95: - Digital Meter | E95: 3 | F95: ชุด | G95: INC. | H95: INC. | O95: 0.93490805
C96: - MCCB 50AT/100AF 3P | E96: 1 | F96: ชุด | G96: INC. | H96: INC. | O96: 0.93490805
C97: - MCCB 100AT/100AF 3P | E97: 1 | F97: ชุด | G97: INC. | H97: INC. | O97: 0.93490805
C98: - MCCB 200AT/250AF 3P | E98: 1 | F98: ชุด | G98: INC. | H98: INC. | O98: 0.93490805
C99: - MCCB 630AT/630AF 3P | E99: 1 | F99: ชุด | G99: INC. | H99: INC. | O99: 0.93490805
C100: - MCCB 800AT/800AF 3P | E100: 1 | F100: ชุด | G100: INC. | H100: INC. | O100: 0.93490805
C101: - MCCB 1000AT/1000AF 3P | E101: 2 | F101: ชุด | G101: INC. | H101: INC. | O101: 0.93490805
C102: - MCCB 1250AT/1250AF 3P | E102: 1 | F102: ชุด | G102: INC. | H102: INC. | O102: 0.93490805
B103: - | C103: CAP01 ประกอบด้วย | O103: 0.93490805
C104: - Fuse 100 A. w/Base | E104: 12 | F104: ชุด | G104: INC. | H104: INC. | O104: 0.93490805
C105: - Magnetic Contector 100 A. | E105: 12 | F105: ชุด | G105: INC. | H105: INC. | O105: 0.93490805
...

Sheet RC1_San+FP
A1: ชื่อโครงการ | D1: =+'RKCA1_ปร.5 (ก)'!C4 -> โครงการจัดตั้งศูนย์การเรียนรู้แห่งชาติ OKMD : OKMD National Knowledge Center (Ratchadamnoen Center 1 และ 2) | J1: หมวดงาน | K1: หมวดงาน | L1: งานระบบสุขาภิบาลและดับเพลิง (RKCA 1)
A2: สถานที่ก่อสร้าง | D2: =+'RKCA1_ปร.5 (ก)'!C5 -> แขวงตลาดยอด เขตพระนคร กรุงเทพมหานคร | J2: เมื่อวันที่ | K2: เมื่อวันที่ | L2: =+'RKCA1_ปร.5 (ก)'!C10 -> 16 กรกฎาคม 2568
A3: คำนวณราคากลางโดย | D3: =+'RKCA1_ปร.5 (ก)'!C9 -> คณะกรรมการกำหนดราคากลาง
A5: ลำดับ | B5: รายการ | E5: จำนวน | F5: หน่วย | G5: ราคาวัสดุสิ่งของ | J5: ค่าแรงงาน | M5: รวมค่าวัสดุ | N5: หมายเหตุ
G6: ราคา/หน่วย | H6: ราคา/หน่วย | I6: จำนวนเงิน | J6: ราคา/หน่วย | K6: ราคา/หน่วย | L6: จำนวนเงิน | M6: และแรงงาน
B7: สรุปราคาค่าก่อสร้างงานระบบสุขาภิบาลและดับเพลิง
B8: อาคาร Ratchadamnoen Center 1
A10: 1 | B10: งานระบบประปา | E10: 1 | F10: งาน | I10: =I96 -> 1462495.2 | L10: =L96 -> 203507.04 | M10: =I10+L10 -> 1666002.2 | O10: =P10*0.934908047 -> 1666002.2 | P10: 1781995.8 | Q10: =M10-O10 -> 0
A11: 2 | B11: งานระบบนำน้ำผ่านการบำบัดกลับมาใช้ | E11: 1 | F11: งาน | I11: =I180 -> 2380895.5 | L11: =L180 -> 176757.45 | M11: =I11+L11 -> 2557652.9 | O11: =P11*0.934908047 -> 2557652.9 | P11: 2735726.7 | Q11: =M11-O11 -> 0
A12: 3 | B12: งานระบบน้ำเสีย | E12: 1 | F12: งาน | I12: =I271 -> 2916366.7 | L12: =L271 -> 517763.3 | M12: =I12+L12 -> 3434130 | O12: =P12*0.934908047 -> 3434130 | P12: 3673227.5 | Q12: =M12-O12 -> -0.0046745404
A13: 4 | B13: งานระบบระบายน้ำฝน | E13: 1 | F13: งาน | I13: =I330 -> 2327576 | L13: =L330 -> 547716.79 | M13: =I13+L13 -> 2875292.8 | O13: =P13*0.934908047 -> 2875292.8 | P13: 3075481.9 | Q13: =M13-O13 -> 0
A14: 5 | B14: งานระบบดับเพลิง | E14: 1 | F14: งาน | I14: =I437 -> 10169033 | L14: =L437 -> 2613664.5 | M14: =I14+L14 -> 12782698 | O14: =P14*0.934908047 -> 12782698 | P14: 13672679 | Q14: =M14-O14 -> -0.004674539
Q15: =M15-O15 -> 0
B16: รวมราคาค่าก่อสร้างงานระบบสุขาภิบาลและดับเพลิง | M16: =SUM(M10:M15) -> 23315775 | O16: =SUM(O10:O15) -> 23315775 | P16: =SUM(P10:P15) -> 24939111 | Q16: =M16-O16 -> -0.0093490817
A19: 1 | B19: งานระบบประปา
B21: Main Equipment
B22: 1.1 | C22: เครื่องสูบน้ำเพิ่มแรงดัน และอุปกรณ์ประกอบ
C23: - CWPBS-01 | E23: 1 | F23: ชุด | G23: 713000 | H23: =G23*O23 -> 666589.44 | I23: =E23*H23 -> 666589.44 | J23: 10000 | K23: =J23*O23 -> 9349.0805 | L23: =E23*K23 -> 9349.0805 | M23: =I23+L23 -> 675938.52 | O23: 0.93490805
O24: 0.93490805
B25: งานท่อ (Piping Work) | O25: 0.93490805 | Q25: ราคาพาณิชย์เดือนพ.ย
B26: 1.2 | C26: ท่อ PP-R PN 10 | O26: 0.93490805
C27: - Ø 20 มม. (15 มม. ) | E27: 230 | F27: ม. | G27: 35 | H27: =G27*O27 -> 32.721782 | I27: =E27*H27 -> 7526.0098 | J27: 30 | K27: =J27*O27 -> 28.047241 | L27: =E27*K27 -> 6450.8655 | M27: =I27+L27 -> 13976.875 | O27: 0.93490805
C28: - Ø 25 มม. (20 มม. ) | E28: 594 | F28: ม. | G28: 46 | H28: =G28*O28 -> 43.00577 | I28: =E28*H28 -> 25545.427 | J28: 30 | K28: =J28*O28 -> 28.047241 | L28: =E28*K28 -> 16660.061 | M28: =I28+L28 -> 42205.489 | O28: 0.93490805 | Q28: กระทรวงพาณิชย์ | R28: 46
C29: - Ø 32 มม. (25 มม.) | E29: 404 | F29: ม. | G29: 76 | H29: =G29*O29 -> 71.053012 | I29: =E29*H29 -> 28705.417 | J29: 30 | K29: =J29*O29 -> 28.047241 | L29: =E29*K29 -> 11331.086 | M29: =I29+L29 -> 40036.502 | O29: 0.93490805 | Q29: กระทรวงพาณิชย์ | R29: 76
C30: - Ø 40 มม. (32 มม.) | E30: 3 | F30: ม. | G30: 113 | H30: =G30*O30 -> 105.64461 | I30: =E30*H30 -> 316.93383 | J30: 30 | K30: =J30*O30 -> 28.047241 | L30: =E30*K30 -> 84.141724 | M30: =I30+L30 -> 401.07555 | O30: 0.93490805 | Q30: กระทรวงพาณิชย์ | R30: 113
C31: - Ø 50 มม. (40 มม.) | E31: 76 | F31: ม. | G31: 180 | H31: =G31*O31 -> 168.28345 | I31: =E31*H31 -> 12789.542 | J31: 50 | K31: =J31*O31 -> 46.745402 | L31: =E31*K31 -> 3552.6506 | M31: =I31+L31 -> 16342.193 | O31: 0.93490805 | Q31: กระทรวงพาณิชย์ | R31: 180
C32: - Ø 63 มม. (50 มม.) | E32: 134 | F32: ม. | G32: 287 | H32: =G32*O32 -> 268.31861 | I32: =E32*H32 -> 35954.694 | J32: 75 | K32: =J32*O32 -> 70.118104 | L32: =E32*K32 -> 9395.8259 | M32: =I32+L32 -> 45350.52 | O32: 0.93490805 | Q32: กระทรวงพาณิชย์ | R32: 287
C33: - Ø 75 มม. (65 มม.) | E33: 91 | F33: ม. | G33: 402 | H33: =G33*O33 -> 375.83303 | I33: =E33*H33 -> 34200.806 | J33: 100 | K33: =J33*O33 -> 93.490805 | L33: =E33*K33 -> 8507.6632 | M33: =I33+L33 -> 42708.469 | O33: 0.93490805 | Q33: กระทรวงพาณิชย์ | R33: 402
C34: - Ø 90 มม. (80 มม.) | E34: 35 | F34: ม. | G34: 562 | H34: =G34*O34 -> 525.41832 | I34: =E34*H34 -> 18389.641 | J34: 120 | K34: =J34*O34 -> 112.18897 | L34: =E34*K34 -> 3926.6138 | M34: =I34+L34 -> 22316.255 | O34: 0.93490805 | Q34: กระทรวงพาณิชย์ | R34: 562
C35: - Ø 110 มม. (100 มม.) | E35: 96 | F35: ม. | G35: 834 | H35: =G35*O35 -> 779.71331 | I35: =E35*H35 -> 74852.478 | J35: 150 | K35: =J35*O35 -> 140.23621 | L35: =E35*K35 -> 13462.676 | M35: =I35+L35 -> 88315.154 | O35: 0.93490805 | Q35: กระทรวงพาณิชย์ | R35: 834
B36: 1.3 | C36: ท่อ HDPE PN 10 | O36: 0.93490805
C37: - Ø 32 มม. (25 มม.) | E37: 74 | F37: ม. | G37: 33 | H37: =G37*O37 -> 30.851966 | I37: =E37*H37 -> 2283.0455 | J37: 30 | K37: =J37*O37 -> 28.047241 | L37: =E37*K37 -> 2075.4959 | M37: =I37+L37 -> 4358.5413 | O37: 0.93490805 | Q37: TAP | R37: 33
C38: - Ø 63 มม. (50 มม.) | E38: 0 | F38: ม. | G38: 117.7 | H38: =G38*O38 -> 110.03868 | I38: =E38*H38 -> 0 | J38: 75 | K38: =J38*O38 -> 70.118104 | L38: =E38*K38 -> 0 | M38: =I38+L38 -> 0 | O38: 0.93490805 | Q38: TAP | R38: 117.7
C39: - Ø 75 มม. (65 มม.) | E39: 0 | F39: ม. | G39: 166.1 | H39: =G39*O39 -> 155.28823 | I39: =E39*H39 -> 0 | J39: 100 | K39: =J39*O39 -> 93.490805 | L39: =E39*K39 -> 0 | M39: =I39+L39 -> 0 | O39: 0.93490805 | Q39: TAP | R39: 166.1
C40: - Ø 90 มม. (80 มม.) | E40: 51 | F40: ม. | G40: 228.8 | H40: =G40*O40 -> 213.90696 | I40: =E40*H40 -> 10909.255 | J40: 120 | K40: =J40*O40 -> 112.18897 | L40: =E40*K40 -> 5721.6372 | M40: =I40+L40 -> 16630.892 | O40: 0.93490805 | Q40: TAP | R40: 228.8
C41: - Ø 110 มม. (100 มม.) | E41: 0 | F41: ม. | G41: 341 | H41: =G41*O41 -> 318.80364 | I41: =E41*H41 -> 0 | J41: 150 | K41: =J41*O41 -> 140.23621 | L41: =E41*K41 -> 0 | M41: =I41+L41 -> 0 | O41: 0.93490805 | Q41: TAP | R41: 341
B42: 1.4 | C42: ข้อต่ออุปกรณ์ท่อ | E42: 1 | F42: เหมา | G42: 125323 | H42: =G42*O42 -> 117165.48 | I42: =E42*H42 -> 117165.48 | J42: 37597 | K42: =J42*O42 -> 35149.738 | L42: =E42*K42 -> 35149.738 | M42: =I42+L42 -> 152315.22 | O42: 0.93490805
B43: 1.5 | C43: เหล็กยึดท่อ | E43: 1 | F43: เหมา | G43: 50130 | H43: =G43*O43 -> 46866.94 | I43: =E43*H43 -> 46866.94 | J43: 15039 | K43: =J43*O43 -> 14060.082 | L43: =E43*K43 -> 14060.082 | M43: =I43+L43 -> 60927.023 | O43: 0.93490805
B44: 1.6 | C44: ทดสอบ ทำความสะอาด ทาสีทำสัญลักษณ์ | E44: 1 | F44: เหมา | G44: 25065 | H44: =G44*O44 -> 23433.47 | I44: =E44*H44 -> 23433.47 | J44: 7520 | K44: =J44*O44 -> 7030.5085 | L44: =E44*K44 -> 7030.5085 | M44: =I44+L44 -> 30463.979 | O44: 0.93490805
O45: 0.93490805
O46: 0.93490805
B47: งานวาล์วและอุปกรณ์ | O47: 0.93490805
B48: 1.7 | C48: Butterfly Valve | O48: 0.93490805
C49: - Ø 80 มม. | E49: 8 | F49: ชุด | G49: 2260 | H49: =G49*O49 -> 2112.8922 | I49: =E49*H49 -> 16903.137 | J49: 600 | K49: =J49*O49 -> 560.94483 | L49: =E49*K49 -> 4487.5586 | M49: =I49+L49 -> 21390.696 | O49: 0.93490805
C50: - Ø 100 มม. | E50: 5 | F50: ชุด | G50: 3245 | H50: =G50*O50 -> 3033.7766 | I50: =E50*H50 -> 15168.883 | J50: 800 | K50: =J50*O50 -> 747.92644 | L50: =E50*K50 -> 3739.6322 | M50: =I50+L50 -> 18908.515 | O50: 0.93490805
B51: 1.8 | C51: Double Check Valve | O51: 0.93490805
C52: - Ø 100 มม. | E52: 1 | F52: ชุด | G52: 8635 | H52: =G52*O52 -> 8072.931 | I52: =E52*H52 -> 8072.931 | J52: 400 | K52: =J52*O52 -> 373.96322 | L52: =E52*K52 -> 373.96322 | M52: =I52+L52 -> 8446.8942 | O52: 0.93490805
B53: 1.9 | C53: Gate Valve | O53: 0.93490805
C54: - Ø 20 มม | E54: 28 | F54: ชุด | G54: 630 | H54: =G54*O54 -> 588.99207 | I54: =E54*H54 -> 16491.778 | J54: 150 | K54: =J54*O54 -> 140.23621 | L54: =E54*K54 -> 3926.6138 | M54: =I54+L54 -> 20418.392 | O54: 0.93490805
C55: - Ø 25 มม | E55: 20 | F55: ชุด | G55: 890 | H55: =G55*O55 -> 832.06816 | I55: =E55*H55 -> 16641.363 | J55: 200 | K55: =J55*O55 -> 186.98161 | L55: =E55*K55 -> 3739.6322 | M55: =I55+L55 -> 20380.995 | O55: 0.93490805
C56: - Ø 32 มม | E56: 0 | F56: ชุด | O56: 0.93490805
C57: - Ø 40 มม | E57: 7 | F57: ชุด | G57: 1295 | H57: =G57*O57 -> 1210.7059 | I57: =E57*H57 -> 8474.9414 | J57: 300 | K57: =J57*O57 -> 280.47241 | L57: =E57*K57 -> 1963.3069 | M57: =I57+L57 -> 10438.248 | O57: 0.93490805
C58: - Ø 50 มม. | E58: 7 | F58: ชุด | G58: 2695 | H58: =G58*O58 -> 2519.5772 | I58: =E58*H58 -> 17637.04 | J58: 400 | K58: =J58*O58 -> 373.96322 | L58: =E58*K58 -> 2617.7425 | M58: =I58+L58 -> 20254.783 | O58: 0.93490805
C59: - Ø 65 มม. | E59: 6 | F59: ชุด | G59: 6750 | H59: =G59*O59 -> 6310.6293 | I59: =E59*H59 -> 37863.776 | J59: 500 | K59: =J59*O59 -> 467.45402 | L59: =E59*K59 -> 2804.7241 | M59: =I59+L59 -> 40668.5 | O59: 0.93490805
B60: 1.1 | C60: Modulating Floating Valve | O60: 0.93490805
C61: - Ø 80 มม. | E61: 2 | F61: ชุด | G61: 32000 | H61: =G61*O61 -> 29917.058 | I61: =E61*H61 -> 59834.115 | J61: 600 | K61: =J61*O61 -> 560.94483 | L61: =E61*K61 -> 1121.8897 | M61: =I61+L61 -> 60956.005 | O61: 0.93490805
B62: 1.11 | C62: Strainer | O62: 0.93490805
C63: - Ø 25 มม | E63: 2 | F63: ชุด | G63: 755 | H63: =G63*O63 -> 705.85558 | I63: =E63*H63 -> 1411.7112 | J63: 200 | K63: =J63*O63 -> 186.98161 | L63: =E63*K63 -> 373.96322 | M63: =I63+L63 -> 1785.6744 | O63: 0.93490805
C64: - Ø 40 มม. | E64: 2 | F64: ชุด | G64: 1170 | H64: =G64*O64 -> 1093.8424 | I64: =E64*H64 -> 2187.6848 | J64: 300 | K64: =J64*O64 -> 280.47241 | L64: =E64*K64 -> 560.94483 | M64: =I64+L64 -> 2748.6297 | O64: 0.93490805
C65: - Ø 50 มม. | E65: 3 | F65: ชุด | G65: 2540 | H65: =G65*O65 -> 2374.6664 | I65: =E65*H65 -> 7123.9993 | J65: 400 | K65: =J65*O65 -> 373.96322 | L65: =E65*K65 -> 1121.8897 | M65: =I65+L65 -> 8245.889 | O65: 0.93490805
C66: - Ø 65 มม. | E66: 2 | F66: ชุด | G66: 3370 | H66: =G66*O66 -> 3150.6401 | I66: =E66*H66 -> 6301.2802 | J66: 500 | K66: =J66*O66 -> 467.45402 | L66: =E66*K66 -> 934.90805 | M66: =I66+L66 -> 7236.1883 | O66: 0.93490805
C67: - Ø 80 มม. | E67: 0 | F67: ชุด | G67: 8230 | H67: =G67*O67 -> 7694.2932 | I67: =E67*H67 -> 0 | J67: 600 | K67: =J67*O67 -> 560.94483 | L67: =E67*K67 -> 0 | M67: =I67+L67 -> 0 | O67: 0.93490805
C68: - Ø 100 มม. | E68: 1 | F68: ชุด | G68: 5815 | H68: =G68*O68 -> 5436.4903 | I68: =E68*H68 -> 5436.4903 | J68: 800 | K68: =J68*O68 -> 747.92644 | L68: =E68*K68 -> 747.92644 | M68: =I68+L68 -> 6184.4167 | O68: 0.93490805
B69: 1.12 | C69: Flexible Connection | O69: 0.93490805
C70: - Ø 80 มม. | E70: 0 | F70: ชุด | G70: 3200 | H70: =G70*O70 -> 2991.7058 | I70: =E70*H70 -> 0 | J70: 600 | K70: =J70*O70 -> 560.94483 | L70: =E70*K70 -> 0 | M70: =I70+L70 -> 0 | O70: 0.93490805
C71: - Ø 100 มม. | E71: 2 | F71: ชุด | G71: 3100 | H71: =G71*O71 -> 2898.2149 | I71: =E71*H71 -> 5796.4299 | J71: 800 | K71: =J71*O71 -> 747.92644 | L71: =E71*K71 -> 1495.8529 | M71: =I71+L71 -> 7292.2828 | O71: 0.93490805
B72: 1.13 | C72: Digital Water Meter | O72: 0.93490805
C73: - Ø 25 มม | O73: 0.93490805
C74: - Ø 40 มม. | O74: 0.93490805
C75: - Ø 50 มม. | O75: 0.93490805
C76: - Ø 65 มม. | O76: 0.93490805
C77: - Ø 80 มม. | O77: 0.93490805
B78: 1.14 | C78: Water Meter (Turbine Type) | O78: 0.93490805
C79: - Ø 25 มม | E79: 2 | F79: ชุด | G79: 1615 | H79: =G79*O79 -> 1509.8765 | I79: =E79*H79 -> 3019.753 | J79: 200 | K79: =J79*O79 -> 186.98161 | L79: =E79*K79 -> 373.96322 | M79: =I79+L79 -> 3393.7162 | O79: 0.93490805
C80: - Ø 40 มม | E80: 2 | F80: ชุด | G80: 4512.5 | H80: =G80*O80 -> 4218.7726 | I80: =E80*H80 -> 8437.5451 | J80: 250 | K80: =J80*O80 -> 233.72701 | L80: =E80*K80 -> 467.45402 | M80: =I80+L80 -> 8904.9991 | O80: 0.93490805
C81: - Ø 50 มม. | E81: 3 | F81: ชุด | G81: 7410 | H81: =G81*O81 -> 6927.6686 | I81: =E81*H81 -> 20783.006 | J81: 400 | K81: =J81*O81 -> 373.96322 | L81: =E81*K81 -> 1121.8897 | M81: =I81+L81 -> 21904.896 | O81: 0.93490805
C82: - Ø 65 มม. | E82: 2 | F82: ชุด | G82: 8125 | H82: =G82*O82 -> 7596.1279 | I82: =E82*H82 -> 15192.256 | J82: 500 | K82: =J82*O82 -> 467.45402 | L82: =E82*K82 -> 934.90805 | M82: =I82+L82 -> 16127.164 | O82: 0.93490805 | Q82: ค่าแรงใส่ตัวคูณผิด
C83: - Ø 80 มม. | E83: 0 | F83: ชุด | G83: 0 | H83: =G83*O83 -> 0 | I83: =E83*H83 -> 0 | J83: 800 | K83: =J83*O83 -> 747.92644 | L83: =E83*K83 -> 0 | M83: =I83+L83 -> 0 | O83: 0.93490805
B84: 1.15 | C84: Automatic Air Vent | O84: 0.93490805
C85: - Ø 20 มม | E85: 3 | F85: ชุด | G85: 3750 | H85: =G85*O85 -> 3505.9052 | I85: =E85*H85 -> 10517.716 | J85: 150 | K85: =J85*O85 -> 140.23621 | L85: =E85*K85 -> 420.70862 | M85: =I85+L85 -> 10938.424 | O85: 0.93490805
B86: 1.16 | C86: Stop Valve สำหรับ โถสุขภัณฑ์ | O86: 0.93490805
C87: -Ø 15 มม | E87: 150 | F87: ชุด | G87: 250 | H87: =G87*O87 -> 233.72701 | I87: =E87*H87 -> 35059.052 | J87: 50 | K87: =J87*O87 -> 46.745402 | L87: =E87*K87 -> 7011.8104 | M87: =I87+L87 -> 42070.862 | O87: 0.93490805
B88: 1.17 | C88: ก๊อกสนาม | H88: =G88*O88 -> 0 | I88: =E88*H88 -> 0 | K88: =J88*O88 -> 0 | L88: =E88*K88 -> 0 | O88: 0.93490805
C89: - Ø 15 มม | E89: 31 | F89: ชุด | G89: 300 | H89: =G89*O89 -> 280.47241 | I89: =E89*H89 -> 8694.6448 | J89: 50 | K89: =J89*O89 -> 46.745402 | L89: =E89*K89 -> 1449.1075 | M89: =I89+L89 -> 10143.752 | O89: 0.93490805
B90: 1.18 | C90: Water Hammer Arrestor | O90: 0.93490805
C91: - 1-11 FU | E91: 0 | F91: ชุด | O91: 0.93490805
C92: - 12-32 FU | E92: 0 | F92: ชุด | O92: 0.93490805
C93: - 33-60 FU | E93: 0 | F93: ชุด | O93: 0.93490805
B94: 1.19 | C94: Accessed Panel | O94: 0.93490805
C95: - 0.45 x 0.45 ม. | E95: 32 | F95: ชุด | G95: 1000 | H95: =G95*O95 -> 934.90805 | I95: =E95*H95 -> 29917.058 | J95: 500 | K95: =J95*O95 -> 467.45402 | L95: =E95*K95 -> 14958.529 | M95: =I95+L95 -> 44875.586 | O95: 0.93490805
B96: รวมรายการที่ 1 | I96: =SUM(I21:I95) -> 1462495.2 | L96: =SUM(L21:L95) -> 203507.04 | M96: =SUM(M21:M95) -> 1666002.2 | O96: 0.93490805
O97: 0.93490805
A98: 2 | B98: งานระบบนำน้ำผ่านการบำบัดกลับมาใช้ | O98: 0.93490805
B99: Main Equipment | O99: 0.93490805
B100: 2.1 | C100: เครื่องสูบน้ำเพิ่มแรงดัน และอุปกรณ์ประกอบ | O100: 0.93490805
C101: - RWPBS-01 | E101: 1 | F101: ชุด | G101: 792000 | H101: =G101*O101 -> 740447.17 | I101: =E101*H101 -> 740447.17 | J101: 8000 | K101: =J101*O101 -> 7479.2644 | L101: =E101*K101 -> 7479.2644 | M101: =I101+L101 -> 747926.44 | O101: 0.93490805
B102: 2.2 | C102: ระบบกรองน้ำผ่านการบำบัดเพื่อนำกลับมาใช้ พร้อมอุปกรณ์ประกอบ | H102: =G102*O102 -> 0 | I102: =E102*H102 -> 0 | K102: =J102*O102 -> 0 | L102: =E102*K102 -> 0 | O102: 0.93490805
C103: - WFP-01,02 | E103: 1 | F103: ชุด | G103: 138000 | H103: =G103*O103 -> 129017.31 | I103: =E103*H103 -> 129017.31 | J103: 5000 | K103: =J103*O103 -> 4674.5402 | L103: =E103*K103 -> 4674.5402 | M103: =I103+L103 -> 133691.85 | O103: 0.93490805
C104: - SF-01,02 | E104: 1 | F104: ชุด | G104: 410000 | H104: =G104*O104 -> 383312.3 | I104: =E104*H104 -> 383312.3 | J104: 5000 | K104: =J104*O104 -> 4674.5402 | L104: =E104*K104 -> 4674.5402 | M104: =I104+L104 -> 387986.84 | O104: 0.93490805
C105: - CF-01,02 | E105: 1 | F105: ชุด | G105: 360000 | H105: =G105*O105 -> 336566.9 | I105: =E105*H105 -> 336566.9 | J105: 5000 | K105: =J105*O105 -> 4674.5402 | L105: =E105*K105 -> 4674.5402 | M105: =I105+L105 -> 341241.44 | O105: 0.93490805
...

Sheet RC1_Air
A1: ชื่อโครงการ | D1: =+'RKCA1_ปร.5 (ก)'!C4 -> โครงการจัดตั้งศูนย์การเรียนรู้แห่งชาติ OKMD : OKMD National Knowledge Center (Ratchadamnoen Center 1 และ 2) | J1: หมวดงาน | K1: หมวดงาน | L1: งานระบบปรับอากาศและระบายอากาศ (RKCA 1)
A2: สถานที่ก่อสร้าง | D2: =+'RKCA1_ปร.5 (ก)'!C5 -> แขวงตลาดยอด เขตพระนคร กรุงเทพมหานคร | J2: เมื่อวันที่ | K2: เมื่อวันที่ | L2: =+'RKCA1_ปร.5 (ก)'!C10 -> 16 กรกฎาคม 2568
A3: คำนวณราคากลางโดย | D3: =+'RKCA1_ปร.5 (ก)'!C9 -> คณะกรรมการกำหนดราคากลาง
A5: ลำดับ | B5: รายการ | E5: จำนวน | F5: หน่วย | G5: ราคาวัสดุสิ่งของ | J5: ค่าแรงงาน | M5: รวมค่าวัสดุ | N5: หมายเหตุ
G6: ราคา/หน่วย | H6: ราคา/หน่วย | I6: จำนวนเงิน | J6: ราคา/หน่วย | K6: ราคา/หน่วย | L6: จำนวนเงิน | M6: และแรงงาน
B7: สรุปราคาค่าก่อสร้างงานระบบปรับอากาศและระบายอากาศ
B8: อาคาร Ratchadamnoen Center 1
A9: 1 | B9: เครื่องปรับอากาศแบบปรับปริมาณน้ำยาอัตโนมัติ(VRF) | E9: 1 | F9: งาน | I9: =I143 -> 0 | L9: =L143 -> 636859.36 | M9: =I9+L9 -> 636859.36 | O9: =P9*0.934908047 -> 636859.36 | P9: 681200 | Q9: =M9-O9 -> 0
A10: 2 | B10: พัดลมระบายอากาศ | E10: 1 | F10: งาน | I10: =I171 -> 3068978.7 | L10: =L171 -> 55159.575 | M10: =I10+L10 -> 3124138.3 | O10: =P10*0.934908047 -> 3124138.3 | P10: 3341653 | Q10: =M10-O10 -> 0
A11: 3 | B11: ท่อน้ำยาและท่อน้ำทิ้ง | E11: 1 | F11: งาน | I11: =I200 -> 1905902.4 | L11: =L200 -> 568288.58 | M11: =I11+L11 -> 2474190.9 | O11: =P11*0.934908047 -> 2474190.9 | P11: 2646453.8 | Q11: =M11-O11 -> 0.0018698163
A12: 4 | B12: งานท่อลม | E12: 1 | F12: งาน | I12: =I216 -> 4118218.5 | L12: =L216 -> 1662251.1 | M12: =I12+L12 -> 5780469.6 | O12: =P12*0.934908047 -> 5780469.6 | P12: 6182928.5 | Q12: =M12-O12 -> 0
A13: 5 | B13: หัวจ่ายลมและหน้ากากกลม | E13: 1 | F13: งาน | I13: =I261 -> 2115348.8 | L13: =L261 -> 188793.09 | M13: =I13+L13 -> 2304141.9 | O13: =P13*0.934908047 -> 2304141.9 | P13: 2464565.2 | Q13: =M13-O13 -> 0.0079467176
A14: 6 | B14: อุปกรณ์ควบคุมอัตโนมัติ (Automatic Control Equipment) | E14: 1 | F14: งาน | I14: =I275 -> 858146.49 | L14: =L275 -> 138886.95 | M14: =I14+L14 -> 997033.43 | O14: =P14*0.934908047 -> 997033.43 | P14: 1066450.8 | Q14: =M14-O14 -> 0
A15: 7 | B15: ระบบไฟฟ้าและควบคุม (Electrical & Control System) | E15: 1 | F15: งาน | I15: =I322 -> 2711233.3 | L15: =L322 -> 224845.39 | M15: =I15+L15 -> 2936078.7 | O15: =P15*0.934908047 -> 2936078.7 | P15: 3140500 | Q15: =M15-O15 -> 0
A16: 8 | B16: ค่าดำเนินการอื่นๆ | E16: 1 | F16: งาน | I16: =I326 -> 186981.61 | L16: =L326 -> 46745.402 | M16: =I16+L16 -> 233727.01 | O16: =P16*0.934908047 -> 233727.01 | P16: 250000 | Q16: =M16-O16 -> 0
Q17: =M17-O17 -> 0
B18: รวมราคาค่าก่อสร้างงานระบบปรับอากาศและระบายอากาศ | I18: =SUM(I9:I17) -> 14964810 | L18: =SUM(L9:L17) -> 3521829.4 | M18: =I18+L18 -> 18486639 | O18: =SUM(O9:O17) -> 18486639 | P18: =SUM(P9:P17) -> 19773751 | Q18: =M18-O18 -> 0.0098165311
A31: 1 | B31: เครื่องปรับอากาศแบบปรับปริมาณน้ำยาอัตโนมัติ(VRF)
B32: 1.1 | C32: เครื่องปรับอากาศแบบปรับปริมาณน้ำยาอัตโนมัติ(VRF)
B33: ชั้นใต้ดิน
C34: FCU-B01/1 TO B01/2 | D34: 24,000 BTU ; WE | E34: 2 | F34: ชุด | G34: 0 | I34: =E34*G34 -> 0 | J34: 1500 | K34: =J34*O34 -> 1402.3621 | L34: =E34*K34 -> 2804.7241 | M34: =I34+L34 -> 2804.7241 | O34: 0.93490805
C35: FCU-B02,03 | D35: 96,000 BTU ; CC | E35: 2 | F35: ชุด | G35: 0 | I35: =ROUNDDOWN(E35*G35,2) -> 0 | J35: 3000 | K35: =J35*O35 -> 2804.7241 | L35: =E35*K35 -> 5609.4483 | M35: =I35+L35 -> 5609.4483 | O35: 0.93490805
C36: FCU-B04/1 TO B04/2 | D36: 18,000 BTU ; WE | E36: 2 | F36: ชุด | G36: 0 | I36: =ROUNDDOWN(E36*G36,2) -> 0 | J36: 1500 | K36: =J36*O36 -> 1402.3621 | L36: =E36*K36 -> 2804.7241 | M36: =I36+L36 -> 2804.7241 | O36: 0.93490805
C37: FCU-B05/1 TO 05/5 | D37: 76,000 BTU ; CC | E37: 5 | F37: ชุด | G37: 0 | I37: =ROUNDDOWN(E37*G37,2) -> 0 | J37: 3000 | K37: =J37*O37 -> 2804.7241 | L37: =E37*K37 -> 14023.621 | M37: =I37+L37 -> 14023.621 | O37: 0.93490805
C38: FCU-B06 | D38: 76,000 BTU ; CC | E38: 1 | F38: ชุด | G38: 0 | I38: =ROUNDDOWN(E38*G38,2) -> 0 | J38: 3000 | K38: =J38*O38 -> 2804.7241 | L38: =E38*K38 -> 2804.7241 | M38: =I38+L38 -> 2804.7241 | O38: 0.93490805
C39: FCU-B07 | D39: 18,000 BTU ; CC | E39: 1 | F39: ชุด | G39: 0 | I39: =ROUNDDOWN(E39*G39,2) -> 0 | J39: 1500 | K39: =J39*O39 -> 1402.3621 | L39: =E39*K39 -> 1402.3621 | M39: =I39+L39 -> 1402.3621 | O39: 0.93490805
C40: FCU-B08 | D40: 15,000 BTU ; CC | E40: 1 | F40: ชุด | G40: 0 | I40: =ROUNDDOWN(E40*G40,2) -> 0 | J40: 1500 | K40: =J40*O40 -> 1402.3621 | L40: =E40*K40 -> 1402.3621 | M40: =I40+L40 -> 1402.3621 | O40: 0.93490805
C41: FCU-B09 | D41: 24,000 BTU ; CC | E41: 1 | F41: ชุด | G41: 0 | I41: =ROUNDDOWN(E41*G41,2) -> 0 | J41: 1500 | K41: =J41*O41 -> 1402.3621 | L41: =E41*K41 -> 1402.3621 | M41: =I41+L41 -> 1402.3621 | O41: 0.93490805
C42: FCU-B10 TO 11 | D42: 30,000 BTU ; CC | E42: 2 | F42: ชุด | G42: 0 | I42: =ROUNDDOWN(E42*G42,2) -> 0 | J42: 1500 | K42: =J42*O42 -> 1402.3621 | L42: =E42*K42 -> 2804.7241 | M42: =I42+L42 -> 2804.7241 | O42: 0.93490805
C43: FCU-B12 | D43: 9,000 BTU ; CC | E43: 1 | F43: ชุด | G43: 0 | I43: =ROUNDDOWN(E43*G43,2) -> 0 | J43: 1500 | K43: =J43*O43 -> 1402.3621 | L43: =E43*K43 -> 1402.3621 | M43: =I43+L43 -> 1402.3621 | O43: 0.93490805
C44: FCU-B13 | D44: 9,000 BTU ; CC | E44: 1 | F44: ชุด | G44: 0 | I44: =ROUNDDOWN(E44*G44,2) -> 0 | J44: 1500 | K44: =J44*O44 -> 1402.3621 | L44: =E44*K44 -> 1402.3621 | M44: =I44+L44 -> 1402.3621 | O44: 0.93490805
C45: FCU-B14 | D45: 24,000 BTU ; CC | E45: 1 | F45: ชุด | G45: 0 | I45: =ROUNDDOWN(E45*G45,2) -> 0 | J45: 1500 | K45: =J45*O45 -> 1402.3621 | L45: =E45*K45 -> 1402.3621 | M45: =I45+L45 -> 1402.3621 | O45: 0.93490805
C46: FCU-B15 | D46: 30,000 BTU ; CC | E46: 1 | F46: ชุด | G46: 0 | I46: =ROUNDDOWN(E46*G46,2) -> 0 | J46: 1500 | K46: =J46*O46 -> 1402.3621 | L46: =E46*K46 -> 1402.3621 | M46: =I46+L46 -> 1402.3621 | O46: 0.93490805
... C53: FCU/CDU-B22 | D53: 42,000 BTU ; CE | E53: 1 | F53: ชุด | G53: 0 | I53: =ROUNDDOWN(E53*G53,2) -> 0 | J53: 2000 | K53: =J53*O53 -> 1869.8161 | L53: =E53*K53 -> 1869.8161 | M53: =I53+L53 -> 1869.8161 | O53: 0.93490805
B54: ชั้น 1 | L54: =E54*K54 -> 0 | O54: 0.93490805
C55: FCU-101 | D55: 76,000 BTU ; CC | E55: 1 | F55: ชุด | G55: 0 | I55: =ROUNDDOWN(E55*G55,2) -> 0 | J55: 3000 | K55: =J55*O55 -> 2804.7241 | L55: =E55*K55 -> 2804.7241 | M55: =I55+L55 -> 2804.7241 | O55: 0.93490805
C56: FCU-102 | D56: 18,000 BTU ; CS4W | E56: 1 | F56: ชุด | G56: 0 | I56: =ROUNDDOWN(E56*G56,2) -> 0 | J56: 1500 | K56: =J56*O56 -> 1402.3621 | L56: =E56*K56 -> 1402.3621 | M56: =I56+L56 -> 1402.3621 | O56: 0.93490805
C57: FCU-103 | D57: 15,000 BTU ; CS4W | E57: 1 | F57: ชุด | G57: 0 | I57: =ROUNDDOWN(E57*G57,2) -> 0 | J57: 1500 | K57: =J57*O57 -> 1402.3621 | L57: =E57*K57 -> 1402.3621 | M57: =I57+L57 -> 1402.3621 | O57: 0.93490805
C58: FCU-104 | D58: 76,000 BTU ; CC | E58: 1 | F58: ชุด | G58: 0 | I58: =ROUNDDOWN(E58*G58,2) -> 0 | J58: 3000 | K58: =J58*O58 -> 2804.7241 | L58: =E58*K58 -> 2804.7241 | M58: =I58+L58 -> 2804.7241 | O58: 0.93490805
C59: FCU-105 | D59: 18,000 BTU ;CS4W | E59: 1 | F59: ชุด | G59: 0 | I59: =ROUNDDOWN(E59*G59,2) -> 0 | J59: 1500 | K59: =J59*O59 -> 1402.3621 | L59: =E59*K59 -> 1402.3621 | M59: =I59+L59 -> 1402.3621 | O59: 0.93490805
C60: FCU-105/1 TO 105/25 | D60: 96,000 BTU ; CC | E60: 25 | F60: ชุด | G60: 0 | I60: =ROUNDDOWN(E60*G60,2) -> 0 | J60: 3000 | K60: =J60*O60 -> 2804.7241 | L60: =E60*K60 -> 70118.104 | M60: =I60+L60 -> 70118.104 | O60: 0.93490805
C61: FCU-106 TO 07 | D61: 76,000 BTU ; CC | E61: 2 | F61: ชุด | G61: 0 | I61: =ROUNDDOWN(E61*G61,2) -> 0 | J61: 3000 | K61: =J61*O61 -> 2804.7241 | L61: =E61*K61 -> 5609.4483 | M61: =I61+L61 -> 5609.4483 | O61: 0.93490805
C62: FCU-108/1 TO 108/7,(108/7-1,-2,-3) | D62: 96,000/50,000 BTU ; CC | E62: 10 | F62: ชุด | G62: 0 | I62: =ROUNDDOWN(E62*G62,2) -> 0 | J62: 2400 | K62: =J62*O62 -> 2243.7793 | L62: =E62*K62 -> 22437.793 | M62: =I62+L62 -> 22437.793 | O62: 0.93490805
C63: FCU-109 | D63: 12,000 BTU ; CC | E63: 1 | F63: ชุด | G63: 0 | I63: =ROUNDDOWN(E63*G63,2) -> 0 | J63: 1500 | K63: =J63*O63 -> 1402.3621 | L63: =E63*K63 -> 1402.3621 | M63: =I63+L63 -> 1402.3621 | O63: 0.93490805
C64: FCU-110 TO 11 | D64: 54,000 BTU ; CC | E64: 2 | F64: ชุด | G64: 0 | I64: =ROUNDDOWN(E64*G64,2) -> 0 | J64: 2400 | K64: =J64*O64 -> 2243.7793 | L64: =E64*K64 -> 4487.5586 | M64: =I64+L64 -> 4487.5586 | O64: 0.93490805
C65: FCU-112 | D65: 24,000 BTU ; CC | E65: 1 | F65: ชุด | G65: 0 | I65: =ROUNDDOWN(E65*G65,2) -> 0 | J65: 1500 | K65: =J65*O65 -> 1402.3621 | L65: =E65*K65 -> 1402.3621 | M65: =I65+L65 -> 1402.3621 | O65: 0.93490805
C66: FCU-113 | D66: 30,000 BTU ; CC | E66: 1 | F66: ชุด | G66: 0 | I66: =ROUNDDOWN(E66*G66,2) -> 0 | J66: 1500 | K66: =J66*O66 -> 1402.3621 | L66: =E66*K66 -> 1402.3621 | M66: =I66+L66 -> 1402.3621 | O66: 0.93490805
C67: FCU-114 | D67: 24,000 BTU ; WE | E67: 1 | F67: ชุด | G67: 0 | I67: =ROUNDDOWN(E67*G67,2) -> 0 | J67: 1500 | K67: =J67*O67 -> 1402.3621 | L67: =E67*K67 -> 1402.3621 | M67: =I67+L67 -> 1402.3621 | O67: 0.93490805
B68: ชั้น 2 | K68: =J68*O68 -> 0 | L68: =E68*K68 -> 0 | O68: 0.93490805
C69: FCU-203 TO 204 | D69: 36,000 BTU ; CC | E69: 2 | F69: ชุด | G69: 0 | I69: =ROUNDDOWN(E69*G69,2) -> 0 | J69: 1500 | K69: =J69*O69 -> 1402.3621 | L69: =E69*K69 -> 2804.7241 | M69: =I69+L69 -> 2804.7241 | O69: 0.93490805
C70: FCU-205 TO 206 | D70: 36,000 BTU ; CC | E70: 2 | F70: ชุด | G70: 0 | I70: =ROUNDDOWN(E70*G70,2) -> 0 | J70: 1500 | K70: =J70*O70 -> 1402.3621 | L70: =E70*K70 -> 2804.7241 | M70: =I70+L70 -> 2804.7241 | O70: 0.93490805
C71: FCU-207/1 TO 207/10 | D71: 96,000 BTU ; CC | E71: 10 | F71: ชุด | G71: 0 | I71: =ROUNDDOWN(E71*G71,2) -> 0 | J71: 3000 | K71: =J71*O71 -> 2804.7241 | L71: =E71*K71 -> 28047.241 | M71: =I71+L71 -> 28047.241 | O71: 0.93490805
C72: FCU-207/15 TO 207/38 | D72: 96,000 BTU ;CC | E72: 24 | F72: ชุด | G72: 0 | I72: =ROUNDDOWN(E72*G72,2) -> 0 | J72: 3000 | K72: =J72*O72 -> 2804.7241 | L72: =E72*K72 -> 67313.379 | M72: =I72+L72 -> 67313.379 | O72: 0.93490805
C73: FCU-208/1 TO 208/4 | D73: 36,000 BTU ; FC | E73: 4 | F73: ชุด | G73: 0 | I73: =ROUNDDOWN(E73*G73,2) -> 0 | J73: 2000 | K73: =J73*O73 -> 1869.8161 | L73: =E73*K73 -> 7479.2644 | M73: =I73+L73 -> 7479.2644 | O73: 0.93490805
C74: FCU-209 | D74: 18,000 BTU ; WE | E74: 1 | F74: ชุด | G74: 0 | I74: =ROUNDDOWN(E74*G74,2) -> 0 | J74: 1500 | K74: =J74*O74 -> 1402.3621 | L74: =E74*K74 -> 1402.3621 | M74: =I74+L74 -> 1402.3621 | O74: 0.93490805
C75: FCU-210/1 TO 201/2 | D75: 24,000 BTU ; WE | E75: 2 | F75: ชุด | G75: 0 | I75: =ROUNDDOWN(E75*G75,2) -> 0 | J75: 1500 | K75: =J75*O75 -> 1402.3621 | L75: =E75*K75 -> 2804.7241 | M75: =I75+L75 -> 2804.7241 | O75: 0.93490805
C76: FCU-211 | D76: 15,000 BTU ; WE | E76: 1 | F76: ชุด | G76: 0 | I76: =ROUNDDOWN(E76*G76,2) -> 0 | J76: 1500 | K76: =J76*O76 -> 1402.3621 | L76: =E76*K76 -> 1402.3621 | M76: =I76+L76 -> 1402.3621 | O76: 0.93490805
C77: FCU-212 | D77: 15,000 BTU ; WE | E77: 1 | F77: ชุด | G77: 0 | I77: =ROUNDDOWN(E77*G77,2) -> 0 | J77: 1500 | K77: =J77*O77 -> 1402.3621 | L77: =E77*K77 -> 1402.3621 | M77: =I77+L77 -> 1402.3621 | O77: 0.93490805
C78: FCU-213 TO 214 | D78: 96,000 BTU ; CC | E78: 2 | F78: ชุด | G78: 0 | I78: =ROUNDDOWN(E78*G78,2) -> 0 | J78: 3000 | K78: =J78*O78 -> 2804.7241 | L78: =E78*K78 -> 5609.4483 | M78: =I78+L78 -> 5609.4483 | O78: 0.93490805
B79: ชั้น 3 | K79: =J79*O79 -> 0 | L79: =E79*K79 -> 0 | O79: 0.93490805
C80: FCU-301 TO 302 | D80: 54,000 BTU ; CC | E80: 2 | F80: ชุด | G80: 0 | I80: =ROUNDDOWN(E80*G80,2) -> 0 | J80: 2400 | K80: =J80*O80 -> 2243.7793 | L80: =E80*K80 -> 4487.5586 | M80: =I80+L80 -> 4487.5586 | O80: 0.93490805
C81: FCU-303 TO 304 | D81: 36,000 BTU ; CS4W | E81: 2 | F81: ชุด | G81: 0 | I81: =ROUNDDOWN(E81*G81,2) -> 0 | J81: 2000 | K81: =J81*O81 -> 1869.8161 | L81: =E81*K81 -> 3739.6322 | M81: =I81+L81 -> 3739.6322 | O81: 0.93490805
C82: FCU-305 | D82: 12,000 BTU ; WE | E82: 1 | F82: ชุด | G82: 0 | I82: =ROUNDDOWN(E82*G82,2) -> 0 | J82: 1500 | K82: =J82*O82 -> 1402.3621 | L82: =E82*K82 -> 1402.3621 | M82: =I82+L82 -> 1402.3621 | O82: 0.93490805
C83: FCU-306 | D83: 12,000 BTU ; WE | E83: 1 | F83: ชุด | G83: 0 | I83: =ROUNDDOWN(E83*G83,2) -> 0 | J83: 1500 | K83: =J83*O83 -> 1402.3621 | L83: =E83*K83 -> 1402.3621 | M83: =I83+L83 -> 1402.3621 | O83: 0.93490805
C84: FCU-307/1 TO 307/24 | D84: 96,000 BTU ; CC | E84: 24 | F84: ชุด | G84: 0 | I84: =ROUNDDOWN(E84*G84,2) -> 0 | J84: 3000 | K84: =J84*O84 -> 2804.7241 | L84: =E84*K84 -> 67313.379 | M84: =I84+L84 -> 67313.379 | O84: 0.93490805
C85: FCU-307/25-1,-2,-3,-4 TO 307/40 | D85: 96,000 BTU ; CC | E85: 19 | F85: ชุด | G85: 0 | I85: =ROUNDDOWN(E85*G85,2) -> 0 | J85: 3000 | K85: =J85*O85 -> 2804.7241 | L85: =E85*K85 -> 53289.759 | M85: =I85+L85 -> 53289.759 | O85: 0.93490805
C86: FCU-308 TO 310 | D86: 48,000 BTU ; CC | E86: 3 | F86: ชุด | G86: 0 | I86: =ROUNDDOWN(E86*G86,2) -> 0 | J86: 2400 | K86: =J86*O86 -> 2243.7793 | L86: =E86*K86 -> 6731.3379 | M86: =I86+L86 -> 6731.3379 | O86: 0.93490805
C87: FCU-311 | D87: 48,000 BTU ; CS4W | E87: 1 | F87: ชุด | G87: 0 | I87: =ROUNDDOWN(E87*G87,2) -> 0 | J87: 2400 | K87: =J87*O87 -> 2243.7793 | L87: =E87*K87 -> 2243.7793 | M87: =I87+L87 -> 2243.7793 | O87: 0.93490805
C88: FCU-312 TO 313 | D88: 54,000 BTU ; CC | E88: 2 | F88: ชุด | G88: 0 | I88: =ROUNDDOWN(E88*G88,2) -> 0 | J88: 2400 | K88: =J88*O88 -> 2243.7793 | L88: =E88*K88 -> 4487.5586 | M88: =I88+L88 -> 4487.5586 | O88: 0.93490805
C89: FCU-314 | D89: 15,000 BTU ; CS4W | E89: 1 | F89: ชุด | G89: 0 | I89: =ROUNDDOWN(E89*G89,2) -> 0 | J89: 1500 | K89: =J89*O89 -> 1402.3621 | L89: =E89*K89 -> 1402.3621 | M89: =I89+L89 -> 1402.3621 | O89: 0.93490805
C90: FCU-315 | D90: 24,000 BTU ; WE | E90: 1 | F90: ชุด | G90: 0 | I90: =ROUNDDOWN(E90*G90,2) -> 0 | J90: 1500 | K90: =J90*O90 -> 1402.3621 | L90: =E90*K90 -> 1402.3621 | M90: =I90+L90 -> 1402.3621 | O90: 0.93490805
C91: AHU301 | D91: 768,000 BTU ; HH | E91: 1 | F91: ชุด | G91: 0 | I91: =ROUNDDOWN(E91*G91,2) -> 0 | J91: 3000 | K91: =J91*O91 -> 2804.7241 | L91: =E91*K91 -> 2804.7241 | M91: =I91+L91 -> 2804.7241 | O91: 0.93490805
B92: ชั้น 3M | K92: =J92*O92 -> 0 | L92: =E92*K92 -> 0 | O92: 0.93490805
C93: FCU-3M01 T0 3M02 | D93: 48,000 BTU ; CC | E93: 2 | F93: ชุด | G93: 0 | I93: =ROUNDDOWN(E93*G93,2) -> 0 | J93: 2400 | K93: =J93*O93 -> 2243.7793 | L93: =E93*K93 -> 4487.5586 | M93: =I93+L93 -> 4487.5586 | O93: 0.93490805
C94: FCU-3M03 T0 3M04 | D94: 48,000 BTU ; CC | E94: 2 | F94: ชุด | G94: 0 | I94: =ROUNDDOWN(E94*G94,2) -> 0 | J94: 2400 | K94: =J94*O94 -> 2243.7793 | L94: =E94*K94 -> 4487.5586 | M94: =I94+L94 -> 4487.5586 | O94: 0.93490805
C95: FCU-3M05 | D95: 48,000 BTU ; CC | E95: 1 | F95: ชุด | G95: 0 | I95: =ROUNDDOWN(E95*G95,2) -> 0 | J95: 1500 | K95: =J95*O95 -> 1402.3621 | L95: =E95*K95 -> 1402.3621 | M95: =I95+L95 -> 1402.3621 | O95: 0.93490805
C96: FCU-3M06 | D96: 48,000 BTU ; CC | E96: 1 | F96: ชุด | G96: 0 | I96: =ROUNDDOWN(E96*G96,2) -> 0 | J96: 1500 | K96: =J96*O96 -> 1402.3621 | L96: =E96*K96 -> 1402.3621 | M96: =I96+L96 -> 1402.3621 | O96: 0.93490805
C97: FCU-3M07 | D97: 48,000 BTU ; CC | E97: 1 | F97: ชุด | G97: 0 | I97: =ROUNDDOWN(E97*G97,2) -> 0 | J97: 1500 | K97: =J97*O97 -> 1402.3621 | L97: =E97*K97 -> 1402.3621 | M97: =I97+L97 -> 1402.3621 | O97: 0.93490805
C98: FCU-3M08 | D98: 48,000 BTU ; CC | E98: 1 | F98: ชุด | G98: 0 | I98: =ROUNDDOWN(E98*G98,2) -> 0 | J98: 1500 | K98: =J98*O98 -> 1402.3621 | L98: =E98*K98 -> 1402.3621 | M98: =I98+L98 -> 1402.3621 | O98: 0.93490805
C99: FCU-3M09 | D99: 48,000 BTU ; CC | E99: 1 | F99: ชุด | G99: 0 | I99: =ROUNDDOWN(E99*G99,2) -> 0 | J99: 1500 | K99: =J99*O99 -> 1402.3621 | L99: =E99*K99 -> 1402.3621 | M99: =I99+L99 -> 1402.3621 | O99: 0.93490805
C100: FCU-3M10 | D100: 24,000 BTU ; CC | E100: 1 | F100: ชุด | G100: 0 | I100: =ROUNDDOWN(E100*G100,2) -> 0 | J100: 1500 | K100: =J100*O100 -> 1402.3621 | L100: =E100*K100 -> 1402.3621 | M100: =I100+L100 -> 1402.3621 | O100: 0.93490805
C101: FCU-3M11 | D101: 24,000 BTU ; CC | E101: 1 | F101: ชุด | G101: 0 | I101: =ROUNDDOWN(E101*G101,2) -> 0 | J101: 1500 | K101: =J101*O101 -> 1402.3621 | L101: =E101*K101 -> 1402.3621 | M101: =I101+L101 -> 1402.3621 | O101: 0.93490805
C102: FCU-3M12/1 T0 3M12/2 | D102: 48,000 BTU ; CS4W | E102: 2 | F102: ชุด | G102: 0 | I102: =ROUNDDOWN(E102*G102,2) -> 0 | J102: 2400 | K102: =J102*O102 -> 2243.7793 | L102: =E102*K102 -> 4487.5586 | M102: =I102+L102 -> 4487.5586 | O102: 0.93490805
B103: ROOF | K103: =J103*O103 -> 0 | L103: =E103*K103 -> 0 | O103: 0.93490805
C104: DOAS-RO1 | D104: 530,000 BTU | E104: 1 | F104: ชุด | G104: 0 | I104: =ROUNDDOWN(E104*G104,2) -> 0 | J104: 3000 | K104: =J104*O104 -> 2804.7241 | L104: =E104*K104 -> 2804.7241 | M104: =I104+L104 -> 2804.7241 | O104: 0.93490805
C105: DOAS-RO2 | D105: 550,000 BTU | E105: 1 | F105: ชุด | G105: 0 | I105: =ROUNDDOWN(E105*G105,2) -> 0 | J105: 3000 | K105: =J105*O105 -> 2804.7241 | L105: =E105*K105 -> 2804.7241 | M105: =I105+L105 -> 2804.7241 | O105: 0.93490805
B106: CDU | K106: =J106*O106 -> 0 | L106: =E106*K106 -> 0 | O106: 0.93490805
C107: CDU-B01 | D107: 573,000 BTU | E107: 1 | F107: ชุด | G107: 0 | I107: =ROUNDDOWN(E107*G107,2) -> 0 | J107: 5000 | K107: =J107*O107 -> 4674.5402 | L107: =E107*K107 -> 4674.5402 | M107: =I107+L107 -> 4674.5402 | O107: 0.93490805
C108: CDU-B02 | D108: 210,000 BTU | E108: 1 | F108: ชุด | G108: 0 | I108: =ROUNDDOWN(E108*G108,2) -> 0 | J108: 5000 | K108: =J108*O108 -> 4674.5402 | L108: =E108*K108 -> 4674.5402 | M108: =I108+L108 -> 4674.5402 | O108: 0.93490805
C109: CDU-B03 | D109: 362,000 BTU | E109: 1 | F109: ชุด | G109: 0 | I109: =ROUNDDOWN(E109*G109,2) -> 0 | J109: 5000 | K109: =J109*O109 -> 4674.5402 | L109: =E109*K109 -> 4674.5402 | M109: =I109+L109 -> 4674.5402 | O109: 0.93490805
C110: CDU-101 | D110: 512,000 BTU | E110: 1 | F110: ชุด | G110: 0 | I110: =ROUNDDOWN(E110*G110,2) -> 0 | J110: 5000 | K110: =J110*O110 -> 4674.5402 | L110: =E110*K110 -> 4674.5402 | M110: =I110+L110 -> 4674.5402 | O110: 0.93490805
C111: CDU-102 | D111: 382,000 BTU | E111: 1 | F111: ชุด | G111: 0 | I111: =ROUNDDOWN(E111*G111,2) -> 0 | J111: 5000 | K111: =J111*O111 -> 4674.5402 | L111: =E111*K111 -> 4674.5402 | M111: =I111+L111 -> 4674.5402 | O111: 0.93490805
C112: CDU-103 | D112: 512,000 BTU | E112: 1 | F112: ชุด | G112: 0 | I112: =ROUNDDOWN(E112*G112,2) -> 0 | J112: 5000 | K112: =J112*O112 -> 4674.5402 | L112: =E112*K112 -> 4674.5402 | M112: =I112+L112 -> 4674.5402 | O112: 0.93490805
C113: CDU-104 | D113: 573,000 BTU | E113: 1 | F113: ชุด | G113: 0 | I113: =ROUNDDOWN(E113*G113,2) -> 0 | J113: 5000 | K113: =J113*O113 -> 4674.5402 | L113: =E113*K113 -> 4674.5402 | M113: =I113+L113 -> 4674.5402 | O113: 0.93490805
C114: CDU-105 | D114: 573,000 BTU | E114: 1 | F114: ชุด | G114: 0 | I114: =ROUNDDOWN(E114*G114,2) -> 0 | J114: 5000 | K114: =J114*O114 -> 4674.5402 | L114: =E114*K114 -> 4674.5402 | M114: =I114+L114 -> 4674.5402 | O114: 0.93490805
C115: CDU-106 | D115: 512,000 BTU | E115: 1 | F115: ชุด | G115: 0 | I115: =ROUNDDOWN(E115*G115,2) -> 0 | J115: 5000 | K115: =J115*O115 -> 4674.5402 | L115: =E115*K115 -> 4674.5402 | M115: =I115+L115 -> 4674.5402 | O115: 0.93490805
C116: CDU-107 | D116: 573,000 BTU | E116: 1 | F116: ชุด | G116: 0 | I116: =ROUNDDOWN(E116*G116,2) -> 0 | J116: 5000 | K116: =J116*O116 -> 4674.5402 | L116: =E116*K116 -> 4674.5402 | M116: =I116+L116 -> 4674.5402 | O116: 0.93490805
C117: CDU-201 | D117: 573,000 BTU | E117: 1 | F117: ชุด | G117: 0 | I117: =ROUNDDOWN(E117*G117,2) -> 0 | J117: 5000 | K117: =J117*O117 -> 4674.5402 | L117: =E117*K117 -> 4674.5402 | M117: =I117+L117 -> 4674.5402 | O117: 0.93490805
C118: CDU-202 | D118: 573,000 BTU | E118: 1 | F118: ชุด | G118: 0 | I118: =ROUNDDOWN(E118*G118,2) -> 0 | J118: 5000 | K118: =J118*O118 -> 4674.5402 | L118: =E118*K118 -> 4674.5402 | M118: =I118+L118 -> 4674.5402 | O118: 0.93490805
... C139: CDU-R02/1 TO R02/2 | D139: 573,000 BTU | E139: 2 | F139: ชุด | G139: 0 | I139: =ROUNDDOWN(E139*G139,2) -> 0 | J139: 5000 | K139: =J139*O139 -> 4674.5402 | L139: =E139*K139 -> 9349.0805 | M139: =I139+L139 -> 9349.0805 | O139: 0.93490805
...

Sheet HARDSCAPE
A1: ชื่อโครงการ | D1: =+'RKCA1_ปร.5 (ก)'!C4 -> โครงการจัดตั้งศูนย์การเรียนรู้แห่งชาติ OKMD : OKMD National Knowledge Center (Ratchadamnoen Center 1 และ 2) | J1: หมวดงาน | K1: หมวดงาน | L1: งานภูมิสถาปัตยกรรมส่วน HARDSCAPE (RC 1)
A2: สถานที่ก่อสร้าง | D2: =+'RKCA1_ปร.5 (ก)'!C5 -> แขวงตลาดยอด เขตพระนคร กรุงเทพมหานคร | J2: เมื่อวันที่ | K2: เมื่อวันที่ | L2: =+'RKCA1_ปร.5 (ก)'!C10 -> 16 กรกฎาคม 2568
A3: คำนวณราคากลางโดย | D3: =+'RKCA1_ปร.5 (ก)'!C9 -> คณะกรรมการกำหนดราคากลาง
A5: ลำดับ | B5: รายการ | E5: จำนวน | F5: หน่วย | G5: ราคาวัสดุสิ่งของ | J5: ค่าแรงงาน | M5: รวมค่าวัสดุ | N5: หมายเหตุ
G6: ราคา/หน่วย | H6: ราคา/หน่วย | I6: จำนวนเงิน | J6: ราคา/หน่วย | K6: ราคา/หน่วย | L6: จำนวนเงิน | M6: และแรงงาน
B7: สรุปราคาค่าก่อสร้างงานภูมิสถาปัตยกรรมส่วน HARDSCAPE
B8: อาคาร Ratchadamnoen Center 1
A10: 1 | B10: งานพื้น | M10: =M44 -> 3783643.2 | Q10: =R10*0.934908047 -> 3783643.2 | R10: 4047075.3
A11: 2 | B11: งานผนัง | M11: =M51 -> 3092600.8 | Q11: =R11*0.934908047 -> 3092600.8 | R11: 3307919.8
A12: 3 | B12: งานขอบพื้น | M12: =M66 -> 274572.23 | Q12: =R12*0.934908047 -> 274572.23 | R12: 293689.02
A13: 4 | B13: งานระบบรดน้ำ | M13: =M72 -> 14023.621 | Q13: =R13*0.934908047 -> 14023.621 | R13: 15000
A14: 5 | B14: งานเบ็ดเตล็ด | M14: =M77 -> 186981.61 | Q14: =R14*0.934908047 -> 186981.61 | R14: 200000
B16: รวมราคาค่าก่อสร้างงานภูมิสถาปัตยกรรม Hardscape | M16: =SUM(M10:M15) -> 7351821.5 | Q16: =SUM(Q10:Q15) -> 7351821.5 | R16: =SUM(R10:R15) -> 7863684.1
B31: หมวดงาน HARDSCAPE
A32: 1 | B32: งานพื้น
A33: 1.1 | B33: พื้นค.ส.ล. ปูกระเบื้องเซรามิกหนา 20 มม. ผิว R11 หรือกันลื่น | E33: 2935 | F33: ตร.ม. | G33: 844.41 | H33: =G33*Q33 -> 789.4457 | I33: =H33*E33 -> 2317023.1 | J33: 174 | K33: =J33*Q33 -> 162.674 | L33: =E33*K33 -> 477448.19 | M33: =SUM(I33,L33) -> 2794471.3 | Q33: 0.93490805
B34: พ1 | C34: สีเบจอ่อน | Q34: 0.93490805
B35: พ2 | C35: สีเบจกลาง | Q35: 0.93490805
B36: พ3 | C36: สีเบจเข้ม | Q36: 0.93490805
A37: 1.2 | B37: พื้นค.ส.ล.ปูบล็อคซึมน้ำ หนา 80 มม. | E37: 910 | F37: ตร.ม. | G37: 647.5 | H37: =G37*Q37 -> 605.35296 | I37: =H37*E37 -> 550871.19 | J37: 194.25 | K37: =J37*Q37 -> 181.60589 | L37: =E37*K37 -> 165261.36 | M37: =SUM(I37,L37) -> 716132.55 | Q37: 0.93490805
B38: พ4 | C38: สีเบจอ่อน | Q38: 0.93490805
B39: พ5 | C39: สีเบจกลาง | Q39: 0.93490805
B40: พ6 | C40: สีเบจเข้ม | Q40: 0.93490805
B41: - | C41: ทรายปรับระดับ 50 มม. | E41: 46 | F41: ลบ.ม. | G41: 508.33 | H41: =G41*Q41 -> 475.24181 | I41: =H41*E41 -> 21861.123 | J41: 112 | K41: =J41*Q41 -> 104.7097 | L41: =E41*K41 -> 4816.6463 | M41: =SUM(I41,L41) -> 26677.769 | Q41: 0.93490805
A42: 1.3 | B42: พ7 | C42: พื้นหินแกรนิตสีเหลืองทรายทอง หนา 20 มม. | E42: 99 | F42: ตร.ม. | G42: 2322.76 | H42: =G42*Q42 -> 2171.567 | I42: =H42*E42 -> 214985.13 | J42: 339 | K42: =J42*Q42 -> 316.93383 | L42: =E42*K42 -> 31376.449 | M42: =SUM(I42,L42) -> 246361.58 | Q42: 0.93490805
Q43: 0.93490805
B44: รวมราคางานพื้น | M44: =SUM(M33:M42) -> 3783643.2 | Q44: 0.93490805
Q45: 0.93490805
A46: 2 | B46: งานผนัง | Q46: 0.93490805
A47: 2.1 | B47: ผ1 | C47: ขอบหินแกรนิตสีเหลืองทรายทองสั่งตัดพิเศษสำหรับขอบบันได | E47: 843 | F47: ม. | G47: 3102 | H47: =G47*Q47 -> 2900.0848 | I47: =H47*E47 -> 2444771.5 | J47: 310.2 | K47: =J47*Q47 -> 290.00848 | L47: =E47*K47 -> 244477.15 | M47: =SUM(I47,L47) -> 2689248.6 | Q47: 0.93490805
A48: 2.2 | B48: ผ2 | C48: ขอบหินแกรนิตสีเหลืองทรายทองสั่งตัดพิเศษสำหรับขอบที่นั่ง | E48: 55 | F48: ม. | G48: 5101.06 | H48: =G48*Q48 -> 4769.022 | I48: =H48*E48 -> 262296.21 | J48: 510.1 | K48: =J48*Q48 -> 476.89659 | L48: =E48*K48 -> 26229.313 | M48: =SUM(I48,L48) -> 288525.53 | Q48: 0.93490805
A49: 2.3 | B49: ผ3 | C49: ขอบค.ส.ล.กรุหินแกรนิตสีเหลืองทรายทอง หนา 20 มม. | E49: 65 | F49: ม. | G49: 1550.56 | H49: =G49*Q49 -> 1449.631 | I49: =H49*E49 -> 94226.016 | J49: 339 | K49: =J49*Q49 -> 316.93383 | L49: =E49*K49 -> 20600.699 | M49: =SUM(I49,L49) -> 114826.72 | Q49: 0.93490805
Q50: 0.93490805
B51: รวมราคางานผนัง | M51: =SUM(M47:M49) -> 3092600.8 | Q51: 0.93490805
Q52: 0.93490805
Q53: 0.93490805
Q54: 0.93490805
Q55: 0.93490805
Q56: 0.93490805
Q57: 0.93490805
Q58: 0.93490805
A59: 3 | B59: งานขอบพื้น | Q59: 0.93490805
A60: 3.1 | B60: ข1 | C60: ขอบค.ส.ล.กรุหินแกรนิตสีเหลืองทรายทอง หนา 20 มม. | E60: 71 | F60: ตร.ม. | G60: 2322.76 | H60: =G60*Q60 -> 2171.567 | I60: =H60*E60 -> 154181.26 | J60: 339 | K60: =J60*Q60 -> 316.93383 | L60: =E60*K60 -> 22502.302 | M60: =I60+L60 -> 176683.56 | Q60: 0.93490805
A61: 3.2 | B61: ข2 | C61: ขอบค.ส.ล.ทำผิวหินขัด หนา 10 มม. | E61: 27 | F61: ตร.ม. | G61: 238 | H61: =G61*Q61 -> 222.50812 | I61: =H61*E61 -> 6007.7191 | J61: 161 | K61: =J61*Q61 -> 150.5202 | L61: =E61*K61 -> 4064.0453 | M61: =I61+L61 -> 10071.764 | Q61: 0.93490805
A62: 3.3 | B62: ข3 | C62: ขอบค.ส.ล.สำเร็จรูปมาตรฐาน ขนาด 150x300x1000 มม. | E62: 239 | F62: ม. | G62: 148.54 | H62: =G62*Q62 -> 138.87124 | I62: =H62*E62 -> 33190.227 | J62: 44.56 | K62: =J62*Q62 -> 41.659503 | L62: =E62*K62 -> 9956.6211 | M62: =I62+L62 -> 43146.848 | Q62: 0.93490805
A63: 3.4 | B63: ข4 | C63: ขอบคิ้วสแตนเลสตัว T กว้าง 1 นิ้ว หนา 3 มม. | E63: 58 | F63: ม. | G63: 450 | H63: =G63*Q63 -> 420.70862 | I63: =H63*E63 -> 24401.1 | J63: 42 | K63: =J63*Q63 -> 39.266138 | L63: =E63*K63 -> 2277.436 | M63: =I63+L63 -> 26678.536 | Q63: 0.93490805
A64: 3.5 | B64: ข5 | C64: ขอบเหล็กแบนขนาด 2 นิ้ว หนา 12 มม. ทำสีดำ | E64: 96 | F64: ม. | G64: 137.44 | H64: =G64*Q64 -> 128.49376 | I64: =H64*E64 -> 12335.401 | J64: 63.02 | K64: =J64*Q64 -> 58.917905 | L64: =E64*K64 -> 5656.1189 | M64: =I64+L64 -> 17991.52 | Q64: 0.93490805
Q65: 0.93490805
B66: รวมราคางานขอบพื้น | M66: =SUM(M60:M64) -> 274572.23 | Q66: 0.93490805
Q67: 0.93490805
A68: 4 | B68: งานระบบรดน้ำ | Q68: 0.93490805
A69: 4.1 | B69: งานระบบรดน้ำหัวก๊อก | E69: 9 | F69: จุด | Q69: 0.93490805
A70: 4.2 | B70: งานระบบรดน้ำแบบน้ำซึม | E70: 1 | F70: จุด | G70: 15000 | H70: =G70*Q70 -> 14023.621 | I70: =H70*E70 -> 14023.621 | K70: =J70*Q70 -> 0 | L70: =E70*J70 -> 0 | M70: =SUM(I70,L70) -> 14023.621 | Q70: 0.93490805
Q71: 0.93490805
B72: รวมราคางานระบบรดน้ำ | M72: =SUM(M69:M70) -> 14023.621 | Q72: 0.93490805
Q73: 0.93490805
A74: 5 | B74: งานเบ็ดเตล็ด | Q74: 0.93490805
A75: 5.1 | B75: สลิงยึดติดผนังสำหรับปลูกไม้เลื้อย (สูง 3 ม.) | E75: 1 | F75: ชุด | G75: 200000 | H75: =G75*Q75 -> 186981.61 | I75: =H75*E75 -> 186981.61 | L75: =E75*J75 -> 0 | M75: =SUM(I75,L75) -> 186981.61 | Q75: 0.93490805
B77: รวมราคางานเบ็ดเตล็ด | M77: =SUM(M75:M76) -> 186981.61

Sheet แบบ ปร.5(ข)
F1: แบบ ปร.5ข
A2: แบบสรุปราคาค่าก่อสร้างงานครุภัณฑ์จัดซื้อ
A4: ชื่อโครงการ | C4: =+'RKCA1_ปร.5 (ก)'!C4 -> โครงการจัดตั้งศูนย์การเรียนรู้แห่งชาติ OKMD : OKMD National Knowledge Center (Ratchadamnoen Center 1 และ 2)
A5: สถานที่ก่อสร้าง | C5: =+'RKCA1_ปร.5 (ก)'!C5 -> แขวงตลาดยอด เขตพระนคร กรุงเทพมหานคร
A6: เจ้าของอาคาร | C6: สำนักงานบริหารและพัฒนาองค์ความรู้ (องค์การมหาชน)
A7: หน่วยงานออกแบบแปลนและรายการ | C7: กิจการร่วมค้าบริษัท จีโอเดสิค ดีไซน์ จำกัด , บริษัท เอ็มสเปซ จำกัด และ บริษัท จั่นอาร์คิเทค จำกัด
A8: แบบ ปร.4 (ข) ที่แนบ | C8: 44 แผ่น
A9: คำนวนราคาโดย | C9: =+'RKCA1_ปร.5 (ก)'!C9 -> คณะกรรมการกำหนดราคากลาง
A10: เมื่อวันที่ | C10: =+'RKCA1_ปร.5 (ก)'!C10 -> 16 กรกฎาคม 2568
A12: ลำดับที่ | B12: รายการ | C12: ค่างาน | D12: ภาษีมูลค่าเพิ่ม | E12: ค่าก่อสร้าง | F12: หมายเหตุ
C13: (บาท) | E13: (บาท)
B14: ส่วนที่ 2 ค่าครุภัณฑ์สั่งซื้อหรือจัดซื้อ
B15: อาคาร Ratchadamnoen Center 1
A16: 1 | B16: งานครุภัณฑ์ประจำอาคาร | C16: 55956543 | D16: =C16*7% -> 3916958 | E16: =C16+D16 -> 59873501
A17: 2 | B17: งานครุภัณฑ์ลอยตัว | C17: =RKCA1_LF!L14 -> 24899953 | D17: =C17*7% -> 1742996.7 | E17: =C17+D17 -> 26642950
A18: 3 | B18: งานครุภัณฑ์ห้องสมุด | C18: ='RKCA1_LE &FB'!L14 -> 24408641 | D18: =C18*7% -> 1708604.9 | E18: =C18+D18 -> 26117246
A19: 4 | B19: งานครุภัณฑ์ระบบภาพและเสียง | C19: ='RKCA1_AV '!M20 -> 17157979 | D19: =C19*7% -> 1201058.6 | E19: =C19+D19 -> 18359038
A20: 5 | B20: งานครุภัณฑ์ผ้าม่าน | C20: =RKCA1_CURTAIN!L12 -> 5895882.3 | D20: =C20*7% -> 412711.76 | E20: =C20+D20 -> 6308594
A21: 6 | B21: งานครุภัณฑ์งานป้ายสัญลักษณ์ | C21: =RKCA1_SIGNAGE!M12 -> 5650958.2 | D21: =C21*7% -> 395567.07 | E21: =C21+D21 -> 6046525.3
A22: 7 | B22: งานครุภัณฑ์ภูมิสถาปัตยกรรม | C22: =SOFTSCAPE!M13 -> 5161981.7 | D22: =C22*7% -> 361338.72 | E22: =C22+D22 -> 5523320.4
A25: สรุป | B25: รวมค่าก่อสร้างเป็นเงินทั้งสิ้น | E25: =SUM(E14:E24) -> 1.4887117e+08 | G25: 1.5923617e+08 | H25: =G25*0.934908047 -> 1.4887117e+08
B26: ="("&BAHTTEXT(E25)&")" -> (หนึ่งร้อยสี่สิบแปดล้านแปดแสนเจ็ดหมื่นหนึ่งพันหนึ่งร้อยเจ็ดสิบสามบาทแปดสิบเจ็ดสตางค์)
B27: พื้นที่อาคาร | C27: =+'RKCA1_ปร.5 (ก)'!C33 -> 16450 | D27: ตารางเมตร
B28: เฉลี่ยราคาประมาณ | C28: =+E25/C27 -> 9049.9194 | D28: บาท/ตารางเมตร

Sheet RC1_ครุภัณฑ์อาคาร
A1: ชื่อโครงการ | D1: =+'แบบ ปร.5(ข)'!C4 -> โครงการจัดตั้งศูนย์การเรียนรู้แห่งชาติ OKMD : OKMD National Knowledge Center (Ratchadamnoen Center 1 และ 2) | J1: หมวดงาน | K1: งานครุภัณฑ์ประจำอาคาร
A2: สถานที่ก่อสร้าง | D2: =+'แบบ ปร.5(ข)'!C5 -> แขวงตลาดยอด เขตพระนคร กรุงเทพมหานคร | J2: เมื่อวันที่ | K2: =+'แบบ ปร.5(ข)'!C10 -> 16 กรกฎาคม 2568
A3: คำนวณราคากลางโดย | D3: =+'แบบ ปร.5(ข)'!C9 -> คณะกรรมการกำหนดราคากลาง
A5: ลำดับ | B5: รายการ | E5: จำนวน | F5: หน่วย | G5: ราคาวัสดุสิ่งของ | J5: ค่าแรงงาน | L5: รวมค่าวัสดุ | M5: หมายเหตุ
G6: ราคา/หน่วย | H6: ราคา/หน่วย | I6: จำนวนเงิน | J6: ราคา/หน่วย | K6: จำนวนเงิน | L6: และแรงงาน
B7: สรุปราคาค่าก่อสร้างงานครุภัณฑ์ประจำอาคาร
B8: อาคาร Ratchadamnoen Center 1
A10: 1 | B10: งานครุภัณฑ์ลิฟต์ | L10: =L45 -> 17038699 | N10: =O10*0.934908047 -> 17038699 | O10: 18225000
A11: 2 | B11: งานครุภัณฑ์ระบบวิศวกรรมไฟฟ้า | L11: =L53 -> 3569478.9 | N11: =O11*0.934908047 -> 3569478.9 | O11: 3818000
A12: 3 | B12: งานครุภัณฑ์งานระบบสุขาภิบาลและดับเพลิง | L12: =L61 -> 2606897.6 | N12: =O12*0.934908047 -> 2606897.6 | O12: 2788400
A13: 4 | B13: งานครุภัณฑ์งานระบบปรับอากาศและระบายอากาศ | L13: =+L174 -> 32741467 | N13: =O13*0.934908047 -> 32741467 | O13: 35021056
N14: =O14*0.934899332 -> 0
B15: รวมราคางานครุภัณฑ์ประจำอาคาร | L15: =SUM(L10:L14) -> 55956543 | N15: =SUM(N10:N14) -> 55956543 | O15: =SUM(O10:O14) -> 59852456
A31: 1 | B31: งานครุภัณฑ์ลิฟต์และบันไดเลื่อน
B32: - | C32: ลิฟต์โดยสาร
B33: L1 | C33: ลิฟต์โดยสาร | E33: 1 | F33: ชุด | G33: 1305000 | H33: =G33*N33 -> 1220055 | I33: =SUM(H33*E33) -> 1220055 | J33: 0 | K33: 0 | L33: =SUM(I33) -> 1220055 | N33: 0.93490805
B34: L2 | C34: ลิฟต์โดยสาร | E34: 1 | F34: ชุด | G34: 1260000 | H34: =G34*N34 -> 1177984.1 | I34: =SUM(H34*E34) -> 1177984.1 | J34: 0 | K34: 0 | L34: =SUM(I34) -> 1177984.1 | N34: 0.93490805
B35: L3 | C35: ลิฟต์โดยสาร | E35: 1 | F35: ชุด | G35: 1395000 | H35: =G35*N35 -> 1304196.7 | I35: =SUM(H35*E35) -> 1304196.7 | J35: 0 | K35: 0 | L35: =SUM(I35) -> 1304196.7 | N35: 0.93490805
B36: L4 | C36: ลิฟต์โดยสาร | E36: 1 | F36: ชุด | G36: 1305000 | H36: =G36*N36 -> 1220055 | I36: =SUM(H36*E36) -> 1220055 | J36: 0 | K36: 0 | L36: =SUM(I36) -> 1220055 | N36: 0.93490805
B37: L5 | C37: ลิฟต์โดยสาร | E37: 1 | F37: ชุด | G37: 1260000 | H37: =G37*N37 -> 1177984.1 | I37: =SUM(H37*E37) -> 1177984.1 | J37: 0 | K37: 0 | L37: =SUM(I37) -> 1177984.1 | N37: 0.93490805
B38: L6 | C38: ลิฟต์โดยสาร | E38: 1 | F38: ชุด | G38: 1305000 | H38: =G38*N38 -> 1220055 | I38: =SUM(H38*E38) -> 1220055 | J38: 0 | K38: 0 | L38: =SUM(I38) -> 1220055 | N38: 0.93490805
B39: L7 | C39: ลิฟต์ขนของ | E39: 1 | F39: ชุด | G39: 2475000 | H39: =G39*N39 -> 2313897.4 | I39: =SUM(H39*E39) -> 2313897.4 | J39: 0 | K39: 0 | L39: =SUM(I39) -> 2313897.4 | N39: 0.93490805
B40: - | C40: บันไดเลื่อน | H40: =G40*N40 -> 0 | I40: =SUM(H40*E40) -> 0 | N40: 0.93490805
B41: ES1,2 | C41: บันไดเลื่อน | E41: 2 | F41: ชุด | G41: 1395000 | H41: =G41*N41 -> 1304196.7 | I41: =SUM(H41*E41) -> 2608393.5 | J41: 0 | K41: 0 | L41: =SUM(I41) -> 2608393.5 | N41: 0.93490805
B42: ES3,4 | C42: บันไดเลื่อน | E42: 2 | F42: ชุด | G42: 1350000 | H42: =G42*N42 -> 1262125.9 | I42: =SUM(H42*E42) -> 2524251.7 | J42: 0 | K42: 0 | L42: =SUM(I42) -> 2524251.7 | N42: 0.93490805
B43: ES5,6 | C43: บันไดเลื่อน | E43: 2 | F43: ชุด | G43: 1215000 | H43: =G43*N43 -> 1135913.3 | I43: =SUM(H43*E43) -> 2271826.6 | J43: 0 | K43: 0 | L43: =SUM(I43) -> 2271826.6 | N43: 0.93490805
N44: 0.93490805
B45: รวมราคางานครุภัณฑ์ลิฟต์ | L45: =SUM(L33:L44) -> 17038699 | N45: 0.93490805
N46: 0.93490805
A47: 2 | B47: งานครุภัณฑ์ระบบวิศวกรรมไฟฟ้า | N47: 0.93490805
B48: หม้อแปลงไฟฟ้า | N48: 0.93490805
B49: - | C49: Dry Type Transformer 1,250 kVA 24 kV | E49: 2 | F49: ชุด | G49: 1089000 | H49: =G49*N49 -> 1018114.9 | I49: =SUM(H49*E49) -> 2036229.7 | J49: 0 | K49: =ROUNDDOWN(E49*J49,2) -> 0 | L49: =I49+K49 -> 2036229.7 | N49: 0.93490805
B50: เครื่องกำเนิดไฟฟ้าสำรอง | N50: 0.93490805
B51: - | C51: Generator Set 500 kVA 0.8PF Prime Rating | E51: 1 | F51: ชุด | G51: 1640000 | H51: =G51*N51 -> 1533249.2 | I51: =SUM(H51*E51) -> 1533249.2 | J51: 0 | K51: =ROUNDDOWN(E51*J51,2) -> 0 | L51: =I51+K51 -> 1533249.2 | N51: 0.93490805
N52: 0.93490805
B53: รวมราคางานระบบวิศวกรรมไฟฟ้า | L53: =SUM(L49:L52) -> 3569478.9 | N53: 0.93490805
N54: 0.93490805
A55: 3 | B55: งานครุภัณฑ์งานระบบสุขาภิบาลและดับเพลิง | N55: 0.93490805
B56: งานระบบดับเพลิง | N56: 0.93490805
B57: Main Equipment | N57: 0.93490805
B58: - | C58: เครื่องสูบน้ำดับเพลิง และอุปกรณ์ประกอบ | N58: 0.93490805
C59: - Diesel Engine Fire Pump (DFP-01) | E59: 1 | F59: ชุด | G59: 2678400 | H59: =G59*N59 -> 2504057.7 | I59: =SUM(H59*E59) -> 2504057.7 | J59: 0 | K59: =ROUNDDOWN(E59*J59,2) -> 0 | L59: =I59+K59 -> 2504057.7 | N59: 0.93490805
C60: - Jocking Pump (JP-01) | E60: 1 | F60: ชุด | G60: 110000 | H60: =G60*N60 -> 102839.89 | I60: =SUM(H60*E60) -> 102839.89 | J60: 0 | K60: =ROUNDDOWN(E60*J60,2) -> 0 | L60: =I60+K60 -> 102839.89 | N60: 0.93490805
B61: รวมราคางานระบบสุขาภิบาลและดับเพลิง | L61: =SUM(L59:L60) -> 2606897.6 | N61: 0.93490805
N62: 0.93490805
A63: 4 | B63: งานครุภัณฑ์งานระบบปรับอากาศและระบายอากาศ | N63: 0.93490805
B64: เครื่องปรับอากาศแบบปรับปริมาณน้ำยาอัตโนมัติ(VRF) | N64: 0.93490805
B65: ชั้นใต้ดิน | N65: 0.93490805
C66: FCU-B01/1 TO B01/2 | D66: 24,000 BTU ; WE | E66: 2 | F66: ชุด | G66: 17416 | H66: =G66*N66 -> 16282.359 | I66: =SUM(H66*E66) -> 32564.717 | J66: 0 | K66: 0 | L66: =SUM(I66) -> 32564.717 | N66: 0.93490805
C67: FCU-B02,03 | D67: 96,000 BTU ; CC | E67: 2 | F67: ชุด | G67: 68936 | H67: =G67*N67 -> 64448.821 | I67: =SUM(H67*E67) -> 128897.64 | J67: 0 | K67: 0 | L67: =SUM(I67) -> 128897.64 | N67: 0.93490805
C68: FCU-B04/1 TO B04/2 | D68: 18,000 BTU ; WE | E68: 2 | F68: ชุด | G68: 18984 | H68: =G68*N68 -> 17748.294 | I68: =SUM(H68*E68) -> 35496.589 | J68: 0 | K68: 0 | L68: =SUM(I68) -> 35496.589 | N68: 0.93490805
C69: FCU-B05/1 TO 05/5 | D69: 76,000 BTU ; CC | E69: 5 | F69: ชุด | G69: 65016 | H69: =G69*N69 -> 60783.982 | I69: =SUM(H69*E69) -> 303919.91 | J69: 0 | K69: 0 | L69: =SUM(I69) -> 303919.91 | N69: 0.93490805
C70: FCU-B06 | D70: 76,000 BTU ; CC | E70: 1 | F70: ชุด | G70: 65016 | H70: =G70*N70 -> 60783.982 | I70: =SUM(H70*E70) -> 60783.982 | J70: 0 | K70: 0 | L70: =SUM(I70) -> 60783.982 | N70: 0.93490805
C71: FCU-B07 | D71: 18,000 BTU ; CC | E71: 1 | F71: ชุด | G71: 22456 | H71: =G71*N71 -> 20994.295 | I71: =SUM(H71*E71) -> 20994.295 | J71: 0 | K71: 0 | L71: =SUM(I71) -> 20994.295 | N71: 0.93490805
C72: FCU-B08 | D72: 15,000 BTU ; CC | E72: 1 | F72: ชุด | G72: 21896 | H72: =G72*N72 -> 20470.747 | I72: =SUM(H72*E72) -> 20470.747 | J72: 0 | K72: 0 | L72: =SUM(I72) -> 20470.747 | N72: 0.93490805
C73: FCU-B09 | D73: 24,000 BTU ; CC | E73: 1 | F73: ชุด | G73: 23576 | H73: =G73*N73 -> 22041.392 | I73: =SUM(H73*E73) -> 22041.392 | J73: 0 | K73: 0 | L73: =SUM(I73) -> 22041.392 | N73: 0.93490805
C74: FCU-B10 TO 11 | D74: 30,000 BTU ; CC | E74: 2 | F74: ชุด | G74: 27496 | H74: =G74*N74 -> 25706.232 | I74: =SUM(H74*E74) -> 51412.463 | J74: 0 | K74: 0 | L74: =SUM(I74) -> 51412.463 | N74: 0.93490805
C75: FCU-B12 | D75: 9,000 BTU ; CC | E75: 1 | F75: ชุด | G75: 20216 | H75: =G75*N75 -> 18900.101 | I75: =SUM(H75*E75) -> 18900.101 | J75: 0 | K75: 0 | L75: =SUM(I75) -> 18900.101 | N75: 0.93490805
C76: FCU-B13 | D76: 9,000 BTU ; CC | E76: 1 | F76: ชุด | G76: 20216 | H76: =G76*N76 -> 18900.101 | I76: =SUM(H76*E76) -> 18900.101 | J76: 0 | K76: 0 | L76: =SUM(I76) -> 18900.101 | N76: 0.93490805
C77: FCU-B14 | D77: 24,000 BTU ; CC | E77: 1 | F77: ชุด | G77: 23576 | H77: =G77*N77 -> 22041.392 | I77: =SUM(H77*E77) -> 22041.392 | J77: 0 | K77: 0 | L77: =SUM(I77) -> 22041.392 | N77: 0.93490805
... C85: FCU/CDU-B22 | D85: 42,000 BTU ; CE | E85: 1 | F85: ชุด | G85: 41440 | H85: =G85*N85 -> 38742.589 | I85: =SUM(H85*E85) -> 38742.589 | J85: 0 | K85: 0 | L85: =SUM(I85) -> 38742.589 | N85: 0.93490805
B86: ชั้น 1 | N86: 0.93490805
C87: FCU-101 | D87: 76,000 BTU ; CC | E87: 1 | F87: ชุด | G87: 65016 | H87: =G87*N87 -> 60783.982 | I87: =SUM(H87*E87) -> 60783.982 | J87: 0 | K87: 0 | L87: =SUM(I87) -> 60783.982 | N87: 0.93490805
C88: FCU-102 | D88: 18,000 BTU ; CS4W | E88: 1 | F88: ชุด | G88: 30240 | H88: =G88*N88 -> 28271.619 | I88: =SUM(H88*E88) -> 28271.619 | J88: 0 | K88: 0 | L88: =SUM(I88) -> 28271.619 | N88: 0.93490805
C89: FCU-103 | D89: 15,000 BTU ; CS4W | E89: 1 | F89: ชุด | G89: 29680 | H89: =G89*N89 -> 27748.071 | I89: =SUM(H89*E89) -> 27748.071 | J89: 0 | K89: 0 | L89: =SUM(I89) -> 27748.071 | N89: 0.93490805
C90: FCU-104 | D90: 76,000 BTU ; CC | E90: 1 | F90: ชุด | G90: 65016 | H90: =G90*N90 -> 60783.982 | I90: =SUM(H90*E90) -> 60783.982 | J90: 0 | K90: 0 | L90: =SUM(I90) -> 60783.982 | N90: 0.93490805
C91: FCU-105 | D91: 18,000 BTU ;CS4W | E91: 1 | F91: ชุด | G91: 30240 | H91: =G91*N91 -> 28271.619 | I91: =SUM(H91*E91) -> 28271.619 | J91: 0 | K91: 0 | L91: =I91+K91 -> 28271.619 | N91: 0.93490805
C92: FCU-105/1 TO 105/25 | D92: 96,000 BTU ; CC | E92: 25 | F92: ชุด | G92: 68936 | H92: =G92*N92 -> 64448.821 | I92: =SUM(H92*E92) -> 1611220.5 | J92: 0 | K92: 0 | L92: =SUM(I92) -> 1611220.5 | N92: 0.93490805
C93: FCU-106 TO 07 | D93: 76,000 BTU ; CC | E93: 2 | F93: ชุด | G93: 65016 | H93: =G93*N93 -> 60783.982 | I93: =SUM(H93*E93) -> 121567.96 | J93: 0 | K93: 0 | L93: =SUM(I93) -> 121567.96 | N93: 0.93490805
C94: FCU-108/1 TO 108/7,(108/7-1,-2,-3) | D94: 96,000/50,000 BTU ; CC | E94: 10 | F94: ชุด | G94: 68936 | H94: =G94*N94 -> 64448.821 | I94: =SUM(H94*E94) -> 644488.21 | J94: 0 | K94: 0 | L94: =SUM(I94) -> 644488.21 | N94: 0.93490805
C95: FCU-109 | D95: 12,000 BTU ; CC | E95: 1 | F95: ชุด | G95: 20776 | H95: =G95*N95 -> 19423.65 | I95: =SUM(H95*E95) -> 19423.65 | J95: 0 | K95: 0 | L95: =SUM(I95) -> 19423.65 | N95: 0.93490805
C96: FCU-110 TO 11 | D96: 54,000 BTU ; CC | E96: 2 | F96: ชุด | G96: 31976 | H96: =G96*N96 -> 29894.62 | I96: =SUM(H96*E96) -> 59789.239 | J96: 0 | K96: 0 | L96: =SUM(I96) -> 59789.239 | N96: 0.93490805
C97: FCU-112 | D97: 24,000 BTU ; CC | E97: 1 | F97: ชุด | G97: 23576 | H97: =G97*N97 -> 22041.392 | I97: =SUM(H97*E97) -> 22041.392 | J97: 0 | K97: 0 | L97: =SUM(I97) -> 22041.392 | N97: 0.93490805
C98: FCU-113 | D98: 30,000 BTU ; CC | E98: 1 | F98: ชุด | G98: 27496 | H98: =G98*N98 -> 25706.232 | I98: =SUM(H98*E98) -> 25706.232 | J98: 0 | K98: 0 | L98: =SUM(I98) -> 25706.232 | N98: 0.93490805
C99: FCU-114 | D99: 24,000 BTU ; WE | E99: 1 | F99: ชุด | G99: 19096 | H99: =G99*N99 -> 17853.004 | I99: =SUM(H99*E99) -> 17853.004 | J99: 0 | K99: 0 | L99: =SUM(I99) -> 17853.004 | N99: 0.93490805
B100: ชั้น 2 | N100: 0.93490805
C101: FCU-203 TO 204 | D101: 36,000 BTU ; CC | E101: 2 | F101: ชุด | G101: 68936 | H101: =G101*N101 -> 64448.821 | I101: =SUM(H101*E101) -> 128897.64 | J101: 0 | K101: 0 | L101: =SUM(I101) -> 128897.64 | N101: 0.93490805
C102: FCU-205 TO 206 | D102: 36,000 BTU ; CC | E102: 2 | F102: ชุด | G102: 29176 | H102: =G102*N102 -> 27276.877 | I102: =SUM(H102*E102) -> 54553.754 | J102: 0 | K102: 0 | L102: =SUM(I102) -> 54553.754 | N102: 0.93490805
C103: FCU-207/1 TO 207/10 | D103: 96,000 BTU ; CC | E103: 10 | F103: ชุด | G103: 68936 | H103: =G103*N103 -> 64448.821 | I103: =SUM(H103*E103) -> 644488.21 | J103: 0 | K103: 0 | L103: =SUM(I103) -> 644488.21 | N103: 0.93490805
C104: FCU-207/15 TO 207/38 | D104: 96,000 BTU ;CC | E104: 24 | F104: ชุด | G104: 68936 | H104: =G104*N104 -> 64448.821 | I104: =SUM(H104*E104) -> 1546771.7 | J104: 0 | K104: 0 | L104: =SUM(I104) -> 1546771.7 | N104: 0.93490805
C105: FCU-208/1 TO 208/4 | D105: 36,000 BTU ; FC | E105: 4 | F105: ชุด | G105: 23576 | H105: =G105*N105 -> 22041.392 | I105: =SUM(H105*E105) -> 88165.568 | J105: 0 | K105: 0 | L105: =SUM(I105) -> 88165.568 | N105: 0.93490805
C106: FCU-209 | D106: 18,000 BTU ; WE | E106: 1 | F106: ชุด | G106: 18984 | H106: =G106*N106 -> 17748.294 | I106: =SUM(H106*E106) -> 17748.294 | J106: 0 | K106: 0 | L106: =SUM(I106) -> 17748.294 | N106: 0.93490805
C107: FCU-210/1 TO 201/2 | D107: 24,000 BTU ; WE | E107: 2 | F107: ชุด | G107: 19096 | H107: =G107*N107 -> 17853.004 | I107: =SUM(H107*E107) -> 35706.008 | J107: 0 | K107: 0 | L107: =SUM(I107) -> 35706.008 | N107: 0.93490805
C108: FCU-211 | D108: 15,000 BTU ; WE | E108: 1 | F108: ชุด | G108: 18536 | H108: =G108*N108 -> 17329.456 | I108: =SUM(H108*E108) -> 17329.456 | J108: 0 | K108: 0 | L108: =SUM(I108) -> 17329.456 | N108: 0.93490805
C109: FCU-212 | D109: 15,000 BTU ; WE | E109: 1 | F109: ชุด | G109: 18536 | H109: =G109*N109 -> 17329.456 | I109: =SUM(H109*E109) -> 17329.456 | J109: 0 | K109: 0 | L109: =SUM(I109) -> 17329.456 | N109: 0.93490805
C110: FCU-213 TO 214 | D110: 96,000 BTU ; CC | E110: 2 | F110: ชุด | G110: 68936 | H110: =G110*N110 -> 64448.821 | I110: =SUM(H110*E110) -> 128897.64 | J110: 0 | K110: 0 | L110: =SUM(I110) -> 128897.64 | N110: 0.93490805
B111: ชั้น 3 | N111: 0.93490805
C112: FCU-301 TO 302 | D112: 54,000 BTU ; CC | E112: 2 | F112: ชุด | G112: 31976 | H112: =G112*N112 -> 29894.62 | I112: =SUM(H112*E112) -> 59789.239 | J112: 0 | K112: 0 | L112: =SUM(I112) -> 59789.239 | N112: 0.93490805
C113: FCU-303 TO 304 | D113: 36,000 BTU ; CS4W | E113: 2 | F113: ชุด | G113: 34160 | H113: =G113*N113 -> 31936.459 | I113: =SUM(H113*E113) -> 63872.918 | J113: 0 | K113: 0 | L113: =SUM(I113) -> 63872.918 | N113: 0.93490805
C114: FCU-305 | D114: 12,000 BTU ; WE | E114: 1 | F114: ชุด | G114: 18424 | H114: =G114*N114 -> 17224.746 | I114: =SUM(H114*E114) -> 17224.746 | J114: 0 | K114: 0 | L114: =SUM(I114) -> 17224.746 | N114: 0.93490805
C115: FCU-306 | D115: 12,000 BTU ; WE | E115: 1 | F115: ชุด | G115: 18424 | H115: =G115*N115 -> 17224.746 | I115: =SUM(H115*E115) -> 17224.746 | J115: 0 | K115: 0 | L115: =SUM(I115) -> 17224.746 | N115: 0.93490805
C116: FCU-307/1 TO 307/24 | D116: 96,000 BTU ; CC | E116: 24 | F116: ชุด | G116: 68936 | H116: =G116*N116 -> 64448.821 | I116: =SUM(H116*E116) -> 1546771.7 | J116: 0 | K116: 0 | L116: =SUM(I116) -> 1546771.7 | N116: 0.93490805
C117: FCU-307/25-1,-2,-3,-4 TO 307/40 | D117: 96,000 BTU ; CC | E117: 19 | F117: ชุด | G117: 68936 | H117: =G117*N117 -> 64448.821 | I117: =SUM(H117*E117) -> 1224527.6 | J117: 0 | K117: 0 | L117: =SUM(I117) -> 1224527.6 | N117: 0.93490805
C118: FCU-308 TO 310 | D118: 48,000 BTU ; CC | E118: 3 | F118: ชุด | G118: 30296 | H118: =G118*N118 -> 28323.974 | I118: =SUM(H118*E118) -> 84971.923 | J118: 0 | K118: 0 | L118: =SUM(I118) -> 84971.923 | N118: 0.93490805
C119: FCU-311 | D119: 48,000 BTU ; CS4W | E119: 1 | F119: ชุด | G119: 34720 | H119: =G119*N119 -> 32460.007 | I119: =SUM(H119*E119) -> 32460.007 | J119: 0 | K119: 0 | L119: =SUM(I119) -> 32460.007 | N119: 0.93490805
C120: FCU-312 TO 313 | D120: 54,000 BTU ; CC | E120: 2 | F120: ชุด | G120: 31976 | H120: =G120*N120 -> 29894.62 | I120: =SUM(H120*E120) -> 59789.239 | J120: 0 | K120: 0 | L120: =SUM(I120) -> 59789.239 | N120: 0.93490805
C121: FCU-314 | D121: 15,000 BTU ; CS4W | E121: 1 | F121: ชุด | G121: 29680 | H121: =G121*N121 -> 27748.071 | I121: =SUM(H121*E121) -> 27748.071 | J121: 0 | K121: 0 | L121: =SUM(I121) -> 27748.071 | N121: 0.93490805
C122: FCU-315 | D122: 24,000 BTU ; WE | E122: 1 | F122: ชุด | G122: 19096 | H122: =G122*N122 -> 17853.004 | I122: =SUM(H122*E122) -> 17853.004 | J122: 0 | K122: 0 | L122: =SUM(I122) -> 17853.004 | N122: 0.93490805
C123: FCU-316 | E123: 1 | F123: ชุด | G123: 0 | H123: =G123*N123 -> 0 | I123: =SUM(H123*E123) -> 0 | J123: 0 | K123: 0 | L123: =SUM(I123) -> 0 | N123: 0.93490805
C124: AHU-301 | D124: 768,000 BTU ; HH | E124: 1 | F124: ชุด | G124: 399168 | H124: =G124*N124 -> 373185.38 | I124: =SUM(H124*E124) -> 373185.38 | K124: =ROUNDDOWN(E124*J124,2) -> 0 | L124: =I124+K124 -> 373185.38 | N124: 0.93490805
...

Sheet RKCA1_LF
A1: ชื่อโครงการ | D1: =+'แบบ ปร.5(ข)'!C4 -> โครงการจัดตั้งศูนย์การเรียนรู้แห่งชาติ OKMD : OKMD National Knowledge Center (Ratchadamnoen Center 1 และ 2) | J1: หมวดงาน | K1: งานครุภัณฑ์ลอยตัว (RC1)
A2: สถานที่ก่อสร้าง | D2: =+'แบบ ปร.5(ข)'!C5 -> แขวงตลาดยอด เขตพระนคร กรุงเทพมหานคร | J2: เมื่อวันที่ | K2: =+'แบบ ปร.5(ข)'!C10 -> 16 กรกฎาคม 2568
A3: คำนวณราคากลางโดย | D3: =+'แบบ ปร.5(ข)'!C9 -> คณะกรรมการกำหนดราคากลาง
A5: ลำดับ | B5: รายการ | E5: จำนวน | F5: หน่วย | G5: ราคาวัสดุสิ่งของ | J5: ค่าแรงงาน | L5: รวมค่าวัสดุ | M5: หมายเหตุ
G6: ราคา/หน่วย | H6: ราคา/หน่วย | I6: จำนวนเงิน | J6: ราคา/หน่วย | K6: จำนวนเงิน | L6: และแรงงาน
B7: สรุปราคาค่าก่อสร้างงานครุภัณฑ์ลอยตัว
B8: อาคาร Ratchadamnoen Center 1
A10: 1 | B10: =B31 -> งานครุภัณฑ์เฟอร์นิเจอร์ | E10: =E195 -> 1573 | F10: =F195 -> ชุด | I10: =I195 -> 24480132 | L10: =L195 -> 24480132 | N10: =O10*0.934908047 -> 24480132 | O10: 26184535
A11: 2 | B11: =B199 -> งานครุภัณฑ์โคมไฟ | E11: =E205 -> 35 | F11: =F205 -> ชุด | I11: =I205 -> 216010.5 | L11: =L205 -> 216010.5 | N11: =O11*0.934908047 -> 216010.5 | O11: 231050
A12: 3 | B12: =B207 -> งานครุภัณฑ์พรม | E12: =E209 -> 2 | F12: =F209 -> ผืน | I12: =I209 -> 203809.95 | L12: =L209 -> 203809.95 | N12: =O12*0.934908047 -> 203809.95 | O12: 218000
B14: รวมราคาค่าก่อสร้างงานครุภัณฑ์ลอยตัว | E14: =SUM(E10:E12) -> 1610 | F14: =F202 -> ชุด | I14: =SUM(I10:I12) -> 24899953 | L14: =SUM(L10:L12) -> 24899953 | N14: =SUM(N10:N13) -> 24899953 | O14: =SUM(O10:O13) -> 26633585
A31: 1 | B31: งานครุภัณฑ์เฟอร์นิเจอร์
A32: 1 | B32: LF.CB01 | C32: เก้าอี้สำนักงาน | E32: 4 | F32: ชุด | G32: 8521 | H32: =G32*N32 -> 7966.3515 | I32: =H32*E32 -> 31865.406 | J32: 0 | K32: =J32*E32 -> 0 | L32: =I32+K32 -> 31865.406 | N32: 0.93490805
A33: =A32+1 -> 2 | B33: LF.CB02 | C33: เก้าอี้พนักงานต้อนรับ | E33: 2 | F33: ชุด | G33: 12806 | H33: =G33*N33 -> 11972.432 | I33: =H33*E33 -> 23944.865 | J33: 0 | K33: =J33*E33 -> 0 | L33: =I33+K33 -> 23944.865 | N33: 0.93490805
A34: =A33+1 -> 3 | B34: LF.CB03 | C34: เก้าอี้สตูลเล็ก | E34: 20 | F34: ชุด | G34: =2200*0.6 -> 1320 | H34: =G34*N34 -> 1234.0786 | I34: =H34*E34 -> 24681.572 | J34: 0 | K34: =J34*E34 -> 0 | L34: =I34+K34 -> 24681.572 | N34: 0.93490805
A35: =A34+1 -> 4 | B35: LF.CB04 | C35: เก้าอี้สำนักงาน | E35: 3 | F35: ชุด | G35: 8521 | H35: =G35*N35 -> 7966.3515 | I35: =H35*E35 -> 23899.054 | J35: 0 | K35: =J35*E35 -> 0 | L35: =I35+K35 -> 23899.054 | N35: 0.93490805
A36: =A35+1 -> 5 | B36: LF.CB05 | C36: เก้าอี้ทานอาหาร | E36: 40 | F36: ชุด | G36: 2489 | H36: =G36*N36 -> 2326.9861 | I36: =H36*E36 -> 93079.445 | J36: 0 | K36: =J36*E36 -> 0 | L36: =I36+K36 -> 93079.445 | N36: 0.93490805
A37: =A36+1 -> 6 | B37: LF.CB06 | C37: เก้าอี้พนักงานต้อนรับ มีที่รองแขน | E37: 2 | F37: ชุด | G37: 13623 | H37: =G37*N37 -> 12736.252 | I37: =H37*E37 -> 25472.505 | J37: 0 | K37: =J37*E37 -> 0 | L37: =I37+K37 -> 25472.505 | N37: 0.93490805
A38: =A37+1 -> 7 | B38: LF.CB07 | C38: เก้าอี้สตูลสูงมีพนักพิง | E38: 12 | F38: ชุด | G38: =3900*0.6 -> 2340 | H38: =G38*N38 -> 2187.6848 | I38: =H38*E38 -> 26252.218 | J38: 0 | K38: =J38*E38 -> 0 | L38: =I38+K38 -> 26252.218 | N38: 0.93490805
A39: =A38+1 -> 8 | B39: LF.CB08 | C39: เก้าอี้นั่งทำงานคอมพิวเตอร์ | E39: 8 | F39: ชุด | G39: 19171 | H39: =G39*N39 -> 17923.122 | I39: =H39*E39 -> 143384.98 | J39: 0 | K39: =J39*E39 -> 0 | L39: =I39+K39 -> 143384.98 | N39: 0.93490805
A40: =A39+1 -> 9 | B40: LF.CB09 | C40: เก้าอี้ TRAINING | E40: 49 | F40: ชุด | G40: 6973 | H40: =G40*N40 -> 6519.1138 | I40: =H40*E40 -> 319436.58 | J40: 0 | K40: =J40*E40 -> 0 | L40: =I40+K40 -> 319436.58 | N40: 0.93490805
A41: =A40+1 -> 10 | B41: LF.CB10 | C41: เก้าอี้ซ้อนเก็บ | E41: 36 | F41: ชุด | G41: 8700 | H41: =G41*N41 -> 8133.7 | I41: =H41*E41 -> 292813.2 | J41: 0 | K41: =J41*E41 -> 0 | L41: =I41+K41 -> 292813.2 | N41: 0.93490805
A42: =A41+1 -> 11 | B42: LF.CB10A | C42: รถเข็นสำหรับเก็บเก้าอี้ | E42: 1 | F42: ชุด | G42: 34000 | H42: =G42*N42 -> 31786.874 | I42: =H42*E42 -> 31786.874 | J42: 0 | K42: =J42*E42 -> 0 | L42: =I42+K42 -> 31786.874 | N42: 0.93490805
A43: =A42+1 -> 12 | B43: LF.CB11 | C43: เก้าอี้ห้องแต่งตัว | E43: 10 | F43: ชุด | G43: 14421 | H43: =G43*N43 -> 13482.309 | I43: =H43*E43 -> 134823.09 | J43: 0 | K43: =J43*E43 -> 0 | L43: =I43+K43 -> 134823.09 | N43: 0.93490805
A44: =A43+1 -> 13 | B44: LF.CB12 | C44: เก้าอี้สำนักงาน | E44: 4 | F44: ชุด | G44: 8521 | H44: =G44*N44 -> 7966.3515 | I44: =H44*E44 -> 31865.406 | J44: 0 | K44: =J44*E44 -> 0 | L44: =I44+K44 -> 31865.406 | N44: 0.93490805
A45: =A44+1 -> 14 | B45: LF.CB13 | C45: เก้าอี้ทานอาหาร | E45: 12 | F45: ชุด | G45: 3800 | H45: =G45*N45 -> 3552.6506 | I45: =H45*E45 -> 42631.807 | J45: 0 | K45: =J45*E45 -> 0 | L45: =I45+K45 -> 42631.807 | N45: 0.93490805
A46: =A45+1 -> 15 | B46: LF.LB01 | C46: LOCKER | D46: 1.20 X 0.40 X 2.00 | E46: 4 | F46: ชุด | G46: =49900+20900+18*(2290+300) -> 117420 | H46: =G46*N46 -> 109776.9 | I46: =H46*E46 -> 439107.61 | J46: 0 | K46: =J46*E46 -> 0 | L46: =I46+K46 -> 439107.61 | N46: 0.93490805
A47: =A46+1 -> 16 | B47: LF.LB02 | C47: LOCKER | D47: 2.40 X 0.40 X 2.00 | E47: 1 | F47: ชุด | G47: =75900+54960+7200+25900 -> 163960 | H47: =G47*N47 -> 153287.52 | I47: =H47*E47 -> 153287.52 | J47: 0 | K47: =J47*E47 -> 0 | L47: =I47+K47 -> 153287.52 | N47: 0.93490805
A48: =A47+1 -> 17 | B48: LF.RB01 | C48: ชั้นเก็บของด้านบนไม่มีหน้าบาน | D48: 0.90 X 0.40 X 1.85 | E48: 11 | F48: ชุด | G48: 13100 | H48: =G48*N48 -> 12247.295 | I48: =H48*E48 -> 134720.25 | J48: 0 | K48: =J48*E48 -> 0 | L48: =I48+K48 -> 134720.25 | N48: 0.93490805
A49: =A48+1 -> 18 | B49: LF.RB02 | C49: ชั้นเก็บของด้านบนไม่มีหน้าบาน | D49: 2.30 X 0.40 X 2.00 | E49: 1 | F49: ชุด | G49: 24833 | H49: =G49*N49 -> 23216.572 | I49: =H49*E49 -> 23216.572 | J49: 0 | K49: =J49*E49 -> 0 | L49: =I49+K49 -> 23216.572 | N49: 0.93490805
