Workbook
Name ____str1: #REF!
Name ____str2: #REF!
Name ____str3: #REF!
Name ___str1: #REF!
Name ___str2: #REF!
Name ___str3: #REF!
Name __str1: #REF!
Name __str2: #REF!
Name __str3: #REF!
Name _1Excel_BuiltIn_Print_Area_1_1: #REF!
Name _str1: #REF!
Name _str2: #REF!
Name _str3: #REF!
Name A: #REF!
Name A: #REF!
Name A: #REF!
Name A: #REF!
Name A: #REF!
Name A: #REF!
Name A: #REF!
Name A: #REF!
Name A: #REF!
Name A: #REF!
Name A: #REF!
Name A: #REF!
Name A: #REF!
Name A: #REF!
Name A: #REF!
Name ABL: '[1]Summary SN FP'!#REF!
Name ada: #REF!
Name ARCH_LAB: #REF!
Name ARCH_MAT: #REF!
Name Cavity_Pump: '[1]Summary SN FP'!#REF!
Name Decanter: '[1]Summary SN FP'!#REF!
Name Excel_BuiltIn_Print_Area: #REF!
Name Excel_BuiltIn_Print_Titles: #REF!
Name EXT_LAB: #REF!
Name EXT_MAT: #REF!
Name f: #REF!
Name FP: '[1]Summary SN FP'!#REF!
Name I: #REF!
Name I: #REF!
Name I: #REF!
Name I: #REF!
Name I: #REF!
Name I: #REF!
Name I: #REF!
Name I: #REF!
Name I: #REF!
Name I: #REF!
Name IX: #REF!
Name IX: #REF!
Name IX: #REF!
Name IX: #REF!
Name IX: #REF!
Name IX: #REF!
Name IX: #REF!
Name IX: #REF!
Name IX: #REF!
Name IY: #REF!

Sheet RC2_ปร.6
E1: แบบ ปร.6
A2: แบบสรุปราคาค่าก่อสร้างงานอาคาร
A4: โครงการ | C4: Ratchadamnoen Knowledge & Culture Avenue
A5: สถานที่ก่อสร้าง | C5: ถนนราชดำเนิน กรุงเทพ
A6: เจ้าของอาคาร | C6: สำนักงานบริหารและพัฒนาองค์ความรู้ (องค์การมหาชน)
A7: หน่วยงานออกแบบแปลนและรายการ | C7: บริษัท จีโอเดสิค ดีไซน์ จำกัด ,บริษัท เอ็มสเปซ จำกัด และบริษัท จั่นอาร์คิเทค จำกัด
A8: แบบ ปร.4 และ ปร.5 ที่แนบ | C8: 141 แผ่น
A9: คำนวนราคาโดย | C9: บริษัท ฟิวเจอร์เอ็นจิเนียริ่งคอนซัลแตนท์ จำกัด
A10: เมื่อวันที่ | C10: มิถุนายน 2567
A12: ลำดับที่ | B12: รายการ | E12: ค่าก่อสร้าง | F12: หมายเหตุ
E13: (บาท)
B14: กลุ่มงานอาคาร
B15: อาคาร Ratchadamnoen Center 2 | G15: ราคาผู้ออกแบบ | H15: ส่วนต่าง
A16: 1 | B16: =+'RC2_ปร.5 (ก)'!B2 -> ส่วนที่ 1 ค่าวัสดุและแรงงานหมวดงานก่อสร้าง | E16: =+'RC2_ปร.5 (ก)'!I18 -> 1.0769656e+08 | G16: =+'RC2_ปร.5 (ก)'!L18 -> 0 | H16: =+E16-G16 -> 1.0769656e+08
A17: 2 | B17: =+'แบบ ปร.5(ข)'!B14 -> ส่วนที่ 2 ค่าครุภัณฑ์สั่งซื้อหรือจัดซื้อ | E17: =+'แบบ ปร.5(ข)'!E22 -> 33207814 | G17: =+'แบบ ปร.5(ข)'!H22 -> 0 | H17: =+E17-G17 -> 33207814
A19: สรุป | B19: รวมค่าก่อสร้างเป็นเงินทั้งสิ้น | E19: =SUM(E15:E18) -> 1.4090437e+08 | G19: 1.5861999e+08 | H19: =+E19-G19 -> -17715623
B20: ="("&BAHTTEXT(E19)&")" -> (หนึ่งร้อยสี่สิบล้านเก้าแสนสี่พันสามร้อยเจ็ดสิบบาทสามสิบหกสตางค์)
B21: เฉลี่ยราคาประมาณ | D21: บาท/ตารางเมตร

Sheet NKC2
A1: WBS-1 | B1: WBS-2 | C1: WBS-3 | D1: WBS-4 | E1: Description | F1: Unit | G1: Qty | H1: Material | I1: Labor | J1: Amount
A2: Structure | B2: Tiolet-Pantry | E2: =IF(LEN(Str!C26)>0, Str!C26, Str!B26) -> อาคารห้องน้ำและห้องเตรียมอาหาร | F2: =Str!F26 -> 0 | G2: =Str!E26 -> 0 | H2: =Str!I26 -> 0 | I2: =Str!L26 -> 0 | J2: =Str!M26 -> 0
A3: Structure | F3: =Str!F27 -> 0 | G3: =Str!E27 -> 0 | H3: =Str!I27 -> 0 | I3: =Str!L27 -> 0 | J3: =Str!M27 -> 0
A4: Structure | B4: Tiolet-Pantry | E4: =IF(LEN(Str!C28)>0, Str!C28, Str!B28) -> อาคารห้องน้ำและห้องเตรียมอาหาร | F4: =Str!F28 -> 0 | G4: =Str!E28 -> 0 | H4: =Str!I28 -> 0 | I4: =Str!L28 -> 0 | J4: =Str!M28 -> 0
A5: Structure | B5: Tiolet-Pantry | C5: Sub-structure | D5: Pilling | E5: =IF(LEN(Str!C29)>0, Str!C29, Str!B29) -> งานเสาเข็ม | F5: =Str!F29 -> 0 | G5: =Str!E29 -> 0 | H5: =Str!I29 -> 0 | I5: =Str!L29 -> 0 | J5: =Str!M29 -> 0
A6: Structure | B6: Tiolet-Pantry | C6: Sub-structure | D6: Pilling | E6: =IF(LEN(Str!C30)>0, Str!C30, Str!B30) -> เสาเข็มเจาะระบบแห้งขนาด Dia. 0.35 x 21 ม. | F6: =Str!F30 -> ต้น | G6: =Str!E30 -> 34 | H6: =Str!I30 -> 365549.05 | I6: =Str!L30 -> 0 | J6: =Str!M30 -> 365549.05
A7: Structure | B7: Tiolet-Pantry | C7: Sub-structure | D7: Pilling | E7: =IF(LEN(Str!C31)>0, Str!C31, Str!B31) -> งานตัดหัวเข็ม | F7: =Str!F31 -> ต้น | G7: =Str!E31 -> 34 | H7: =Str!I31 -> 0 | I7: =Str!L31 -> 11125.406 | J7: =Str!M31 -> 11125.406
A8: Structure | B8: Tiolet-Pantry | C8: Sub-structure | D8: Foundation | E8: =IF(LEN(Str!C32)>0, Str!C32, Str!B32) -> งานโครงสร้างฐานราก | F8: =Str!F32 -> 0 | G8: =Str!E32 -> 0 | H8: =Str!I32 -> 0 | I8: =Str!L32 -> 0 | J8: =Str!M32 -> 0
A9: Structure | B9: Tiolet-Pantry | C9: Sub-structure | D9: Foundation | E9: =IF(LEN(Str!C33)>0, Str!C33, Str!B33) -> งานปรับระดับขุดดินทำฐานราก/ถมกลับ | F9: =Str!F33 -> ลบ.ม. | G9: =Str!E33 -> 57.2 | H9: =Str!I33 -> 0 | I9: =Str!L33 -> 5989.3949 | J9: =Str!M33 -> 5989.3949
A10: Structure | B10: Tiolet-Pantry | C10: Sub-structure | D10: Foundation | E10: =IF(LEN(Str!C34)>0, Str!C34, Str!B34) -> งานถมทรายบดอัดรองฐานราก | F10: =Str!F34 -> ลบ.ม. | G10: =Str!E34 -> 3.3 | H10: =Str!I34 -> 1568.298 | I10: =Str!L34 -> 320.86044 | J10: =Str!M34 -> 1889.1584
A11: Structure | B11: Tiolet-Pantry | C11: Sub-structure | D11: Foundation | E11: =IF(LEN(Str!C35)>0, Str!C35, Str!B35) -> งานคอนกรีตหยาบรองฐานราก | F11: =Str!F35 -> ลบ.ม. | G11: =Str!E35 -> 3.3 | H11: =Str!I35 -> 7589.5835 | I11: =Str!L35 -> 1314.2937 | J11: =Str!M35 -> 8903.8773
A12: Structure | B12: Tiolet-Pantry | C12: Sub-structure | D12: Foundation | E12: =IF(LEN(Str!C36)>0, Str!C36, Str!B36) -> งานคอนกรีตโครงสร้าง (fc' 240 ksc, Cyl.) ผสมน้ำยากันซึม | F12: =Str!F36 -> ลบ.ม. | G12: =Str!E36 -> 16.8 | H12: =Str!I36 -> 33258.419 | I12: =Str!L36 -> 8151.6502 | J12: =Str!M36 -> 41410.069
A13: Structure | B13: Tiolet-Pantry | C13: Sub-structure | D13: Foundation | E13: =IF(LEN(Str!C37)>0, Str!C37, Str!B37) -> เหล็กเสริม | F13: =Str!F37 -> 0 | G13: =Str!E37 -> 0 | H13: =Str!I37 -> 0 | I13: =Str!L37 -> 0 | J13: =Str!M37 -> 0
A14: Structure | B14: Tiolet-Pantry | C14: Sub-structure | D14: Foundation | E14: =IF(LEN(Str!C38)>0, Str!C38, Str!B38) -> งานเหล็กเสริมคอนกรีต RB 9 (SR-24) | F14: =Str!F38 -> กก. | G14: =Str!E38 -> 36.9 | H14: =Str!I38 -> 676.1629 | I14: =Str!L38 -> 151.79167 | J14: =Str!M38 -> 827.95457
A15: Structure | B15: Tiolet-Pantry | C15: Sub-structure | D15: Foundation | E15: =IF(LEN(Str!C39)>0, Str!C39, Str!B39) -> งานเหล็กเสริมคอนกรีต DB 12 (SD-40) | F15: =Str!F39 -> กก. | G15: =Str!E39 -> 0 | H15: =Str!I39 -> 0 | I15: =Str!L39 -> 0 | J15: =Str!M39 -> 0
A16: Structure | B16: Tiolet-Pantry | C16: Sub-structure | D16: Foundation | E16: =IF(LEN(Str!C40)>0, Str!C40, Str!B40) -> งานเหล็กเสริมคอนกรีต DB 16 (SD-40) | F16: =Str!F40 -> กก. | G16: =Str!E40 -> 1030.1 | H16: =Str!I40 -> 18779.451 | I16: =Str!L40 -> 3466.9756 | J16: =Str!M40 -> 22246.427
... A34: Structure | B34: Tiolet-Pantry | C34: Sub-structure | D34: เสาต่อม่อ | E34: =IF(LEN(Str!C58)>0, Str!C58, Str!B58) -> ตะปู (ใช้ 25% ของไม้แบบ 1 ตร.ม.) | F34: =Str!F58 -> กก. | G34: =Str!E58 -> 1.98 | H34: =Str!I58 -> 43.242115 | I34: =Str!L58 -> 0 | J34: =Str!M58 -> 43.242115
A35: Structure | B35: Tiolet-Pantry | C35: Sub-structure
A36: Structure | B36: Tiolet-Pantry | C36: Ground Floor | E36: =IF(LEN(Str!C60)>0, Str!C60, Str!B60) -> งานโครงสร้าง เสา คาน พื้นชั้น 1 | F36: =Str!F60 -> 0 | G36: =Str!E60 -> 0 | H36: =Str!I60 -> 0 | I36: =Str!L60 -> 0 | J36: =Str!M60 -> 0
A37: Structure | B37: Tiolet-Pantry | C37: Ground Floor | D37: Beam | E37: =IF(LEN(Str!C61)>0, Str!C61, Str!B61) -> คาน | F37: =Str!F61 -> 0 | G37: =Str!E61 -> 0 | H37: =Str!I61 -> 0 | I37: =Str!L61 -> 0 | J37: =Str!M61 -> 0
A38: Structure | B38: Tiolet-Pantry | C38: Ground Floor | D38: Beam | E38: =IF(LEN(Str!C62)>0, Str!C62, Str!B62) -> งานคอนกรีตโครงสร้าง (fc' 240 ksc, Cyl.) ผสมน้ำยากันซึม | F38: =Str!F62 -> ลบ.ม. | G38: =Str!E62 -> 10.8 | H38: =Str!I62 -> 21380.412 | I38: =Str!L62 -> 5240.3466 | J38: =Str!M62 -> 26620.759
A39: Structure | B39: Tiolet-Pantry | C39: Ground Floor | D39: Beam | E39: =IF(LEN(Str!C63)>0, Str!C63, Str!B63) -> งานคอนกรีตหยาบรองท้องคาน (fc' 150 ksc, Cyl.) | F39: =Str!F63 -> ลบ.ม. | G39: =Str!E63 -> 2.2 | H39: =Str!I63 -> 3985.0456 | I39: =Str!L63 -> 1067.478 | J39: =Str!M63 -> 5052.5236
A40: Structure | B40: Tiolet-Pantry | C40: Ground Floor | D40: Beam | E40: =IF(LEN(Str!C64)>0, Str!C64, Str!B64) -> เหล็กเสริม | F40: =Str!F64 -> 0 | G40: =Str!E64 -> 0 | H40: =Str!I64 -> 0 | I40: =Str!L64 -> 0 | J40: =Str!M64 -> 0
A41: Structure | B41: Tiolet-Pantry | C41: Ground Floor | D41: Beam | E41: =IF(LEN(Str!C65)>0, Str!C65, Str!B65) -> งานเหล็กเสริมคอนกรีต RB 9 (SR-24) | F41: =Str!F65 -> กก. | G41: =Str!E65 -> 336.3 | H41: =Str!I65 -> 6162.4277 | I41: =Str!L65 -> 1383.4021 | J41: =Str!M65 -> 7545.8298
A42: Structure | B42: Tiolet-Pantry | C42: Ground Floor | D42: Beam | E42: =IF(LEN(Str!C66)>0, Str!C66, Str!B66) -> งานเหล็กเสริมคอนกรีต DB 12 (SD-40) | F42: =Str!F66 -> กก. | G42: =Str!E66 -> 0 | H42: =Str!I66 -> 0 | I42: =Str!L66 -> 0 | J42: =Str!M66 -> 0
A43: Structure | B43: Tiolet-Pantry | C43: Ground Floor | D43: Beam | E43: =IF(LEN(Str!C67)>0, Str!C67, Str!B67) -> งานเหล็กเสริมคอนกรีต DB 16 (SD-40) | F43: =Str!F67 -> กก. | G43: =Str!E67 -> 805.7 | H43: =Str!I67 -> 14688.481 | I43: =Str!L67 -> 2711.7195 | J43: =Str!M67 -> 17400.2
A44: Structure | B44: Tiolet-Pantry | C44: Ground Floor | D44: Beam | E44: =IF(LEN(Str!C68)>0, Str!C68, Str!B68) -> ลวดผูกเหล็ก | F44: =Str!F68 -> กก. | G44: =Str!E68 -> 20.6 | H44: =Str!I68 -> 521.92177 | I44: =Str!L68 -> 0 | J44: =Str!M68 -> 521.92177
A45: Structure | B45: Tiolet-Pantry | C45: Ground Floor | D45: Beam | E45: =IF(LEN(Str!C69)>0, Str!C69, Str!B69) -> ไม้แบบ ค้ำยัน นั่งร้าน | F45: =Str!F69 -> 0 | G45: =Str!E69 -> 0 | H45: =Str!I69 -> 0 | I45: =Str!L69 -> 0 | J45: =Str!M69 -> 0
A46: Structure | B46: Tiolet-Pantry | C46: Ground Floor | D46: Beam | E46: =IF(LEN(Str!C70)>0, Str!C70, Str!B70) -> ไม้แบบ ค้ำยัน นั่งร้าน (อาคาร 3 ชั้น ใช้ 60%) | F46: =Str!F70 -> ตร.ม. | G46: =Str!E70 -> 59.16 | H46: =Str!I70 -> 13561.806 | I46: =Str!L70 -> 0 | J46: =Str!M70 -> 13561.806
A47: Structure | B47: Tiolet-Pantry | C47: Ground Floor | D47: Beam | E47: =IF(LEN(Str!C71)>0, Str!C71, Str!B71) -> ค่าแรงประกอบและติดตั้งไม้แบบหล่อคอนกรีต (ใช้ 100%) | F47: =Str!F71 -> ตร.ม. | G47: =Str!E71 -> 98.6 | H47: =Str!I71 -> 0 | I47: =Str!L71 -> 11154.014 | J47: =Str!M71 -> 11154.014
A48: Structure | B48: Tiolet-Pantry | C48: Ground Floor | D48: Beam | E48: =IF(LEN(Str!C72)>0, Str!C72, Str!B72) -> ไม้เคร่า (ใช้ 30% ของไม้แบบ 1 ตร.ม.) | F48: =Str!F72 -> ลบ.ฟ. | G48: =Str!E72 -> 17.75 | H48: =Str!I72 -> 5134.7067 | I48: =Str!L72 -> 0 | J48: =Str!M72 -> 5134.7067
... A71: Structure | B71: Tiolet-Pantry | C71: Ground Floor | D71: Column | E71: =IF(LEN(Str!C95)>0, Str!C95, Str!B95) -> งานสีน้ำมัน เหล็ก 1 ตัน ต่อ ทาสี 25 ตร.ม. | F71: =Str!F95 -> ตร.ม. | G71: =Str!E95 -> 58.6 | H71: =Str!I95 -> 1770.671 | I71: =Str!L95 -> 1917.4964 | J71: =Str!M95 -> 3688.1674
A72: Structure | B72: Tiolet-Pantry | C72: Ground Floor | D72: Column | F72: =Str!F96 -> 0 | G72: =Str!E96 -> 0 | H72: =Str!I96 -> 0 | I72: =Str!L96 -> 0 | J72: =Str!M96 -> 0
A73: Structure | B73: Tiolet-Pantry | C73: Mezzanine | E73: =IF(LEN(Str!C97)>0, Str!C97, Str!B97) -> งานโครงสร้าง เสา คาน พื้นชั้นลอย | F73: =Str!F97 -> 0 | G73: =Str!E97 -> 0 | H73: =Str!I97 -> 0 | I73: =Str!L97 -> 0 | J73: =Str!M97 -> 0
A74: Structure | B74: Tiolet-Pantry | C74: Mezzanine | D74: Beam | E74: =IF(LEN(Str!C98)>0, Str!C98, Str!B98) -> คาน | F74: =Str!F98 -> 0 | G74: =Str!E98 -> 0 | H74: =Str!I98 -> 0 | I74: =Str!L98 -> 0 | J74: =Str!M98 -> 0
A75: Structure | B75: Tiolet-Pantry | C75: Mezzanine | D75: Beam | E75: =IF(LEN(Str!C99)>0, Str!C99, Str!B99) -> WF300x200x8x12 mm.-56.8 kg/m | F75: =Str!F99 -> กก. | G75: =Str!E99 -> 6216.8 | H75: =Str!I99 -> 184012.24 | I75: =Str!L99 -> 81369.909 | J75: =Str!M99 -> 265382.15
A76: Structure | B76: Tiolet-Pantry | C76: Mezzanine | D76: Beam | E76: =IF(LEN(Str!C100)>0, Str!C100, Str!B100) -> Steel Plate 12 mm.Thk. | F76: =Str!F100 -> กก. | G76: =Str!E100 -> 131.8 | H76: =Str!I100 -> 3076.8254 | I76: =Str!L100 -> 1725.0923 | J76: =Str!M100 -> 4801.9177
A77: Structure | B77: Tiolet-Pantry | C77: Mezzanine | D77: Slab | E77: =IF(LEN(Str!C101)>0, Str!C101, Str!B101) -> พื้น | F77: =Str!F101 -> 0 | G77: =Str!E101 -> 0 | H77: =Str!I101 -> 0 | I77: =Str!L101 -> 0 | J77: =Str!M101 -> 0
A78: Structure | B78: Tiolet-Pantry | C78: Mezzanine | D78: Slab | E78: =IF(LEN(Str!C102)>0, Str!C102, Str!B102) -> งานคอนกรีตโครงสร้าง (fc' 240 ksc, Cyl.) | F78: =Str!F102 -> ลบ.ม. | G78: =Str!E102 -> 12.4 | H78: =Str!I102 -> 29063.299 | I78: =Str!L102 -> 6016.6942 | J78: =Str!M102 -> 35079.994
A79: Structure | B79: Tiolet-Pantry | C79: Mezzanine | D79: Slab | E79: =IF(LEN(Str!C103)>0, Str!C103, Str!B103) -> เหล็กเสริม | F79: =Str!F103 -> 0 | G79: =Str!E103 -> 0 | H79: =Str!I103 -> 0 | I79: =Str!L103 -> 0 | J79: =Str!M103 -> 0
A80: Structure | B80: Tiolet-Pantry | C80: Mezzanine | D80: Slab | E80: =IF(LEN(Str!C104)>0, Str!C104, Str!B104) -> งานเหล็กเสริมคอนกรีต RB 9 (SR-24) | F80: =Str!F104 -> กก. | G80: =Str!E104 -> 0 | H80: =Str!I104 -> 0 | I80: =Str!L104 -> 0 | J80: =Str!M104 -> 0
A81: Structure | B81: Tiolet-Pantry | C81: Mezzanine | D81: Slab | E81: =IF(LEN(Str!C105)>0, Str!C105, Str!B105) -> งานเหล็กเสริมคอนกรีต DB 12 (SD-40) | F81: =Str!F105 -> กก. | G81: =Str!E105 -> 0 | H81: =Str!I105 -> 0 | I81: =Str!L105 -> 0 | J81: =Str!M105 -> 0
A82: Structure | B82: Tiolet-Pantry | C82: Mezzanine | D82: Slab | E82: =IF(LEN(Str!C106)>0, Str!C106, Str!B106) -> งานเหล็กเสริมคอนกรีต DB 16 (SD-40) | F82: =Str!F106 -> กก. | G82: =Str!E106 -> 2806.2 | H82: =Str!I106 -> 51159.01 | I82: =Str!L106 -> 9444.7403 | J82: =Str!M106 -> 60603.75
A83: Structure | B83: Tiolet-Pantry | C83: Mezzanine | D83: Slab | E83: =IF(LEN(Str!C107)>0, Str!C107, Str!B107) -> ลวดผูกเหล็ก | F83: =Str!F107 -> กก. | G83: =Str!E107 -> 51 | H83: =Str!I107 -> 1292.1364 | I83: =Str!L107 -> 0 | J83: =Str!M107 -> 1292.1364
A84: Structure | B84: Tiolet-Pantry | C84: Mezzanine | D84: Slab | E84: =IF(LEN(Str!C108)>0, Str!C108, Str!B108) -> ไม้แบบ ค้ำยัน นั่งร้าน | F84: =Str!F108 -> 0 | G84: =Str!E108 -> 0 | H84: =Str!I108 -> 0 | I84: =Str!L108 -> 0 | J84: =Str!M108 -> 0
A85: Structure | B85: Tiolet-Pantry | C85: Mezzanine | D85: Slab | E85: =IF(LEN(Str!C109)>0, Str!C109, Str!B109) -> ไม้แบบ ค้ำยัน นั่งร้าน (อาคาร 3 ชั้น ใช้ 60%) | F85: =Str!F109 -> ตร.ม. | G85: =Str!E109 -> 63.54 | H85: =Str!I109 -> 14565.875 | I85: =Str!L109 -> 0 | J85: =Str!M109 -> 14565.875
... A93: Structure | B93: Tiolet-Pantry | C93: Mezzanine | D93: Column | E93: =IF(LEN(Str!C117)>0, Str!C117, Str!B117) -> งานสีน้ำมัน เหล็ก 1 ตัน ต่อ ทาสี 25 ตร.ม. | F93: =Str!F117 -> ตร.ม. | G93: =Str!E117 -> 214.9 | H93: =Str!I117 -> 6493.4674 | I93: =Str!L117 -> 7031.9109 | J93: =Str!M117 -> 13525.378
A94: Structure
A95: Structure | B95: Tiolet-Pantry | C95: 2nd-Floor | E95: =IF(LEN(Str!C119)>0, Str!C119, Str!B119) -> งานโครงสร้าง เสา คาน พื้นชั้น 2 | F95: =Str!F119 -> 0 | G95: =Str!E119 -> 0 | H95: =Str!I119 -> 0 | I95: =Str!L119 -> 0 | J95: =Str!M119 -> 0
A96: Structure | B96: Tiolet-Pantry | C96: 2nd-Floor | D96: Beam | E96: =IF(LEN(Str!C120)>0, Str!C120, Str!B120) -> คาน | F96: =Str!F120 -> 0 | G96: =Str!E120 -> 0 | H96: =Str!I120 -> 0 | I96: =Str!L120 -> 0 | J96: =Str!M120 -> 0
A97: Structure | B97: Tiolet-Pantry | C97: 2nd-Floor | D97: Beam | E97: =IF(LEN(Str!C121)>0, Str!C121, Str!B121) -> WF300x200x8x12 mm.-56.8 kg/m | F97: =Str!F121 -> กก. | G97: =Str!E121 -> 6154.3 | H97: =Str!I121 -> 182162.29 | I97: =Str!L121 -> 80551.864 | J97: =Str!M121 -> 262714.15
A98: Structure | B98: Tiolet-Pantry | C98: 2nd-Floor | D98: Beam | E98: =IF(LEN(Str!C122)>0, Str!C122, Str!B122) -> Steel Plate 12 mm.Thk. | F98: =Str!F122 -> กก. | G98: =Str!E122 -> 131.8 | H98: =Str!I122 -> 3076.8254 | I98: =Str!L122 -> 1725.0923 | J98: =Str!M122 -> 4801.9177
A99: Structure | B99: Tiolet-Pantry | C99: 2nd-Floor | D99: Slab | E99: =IF(LEN(Str!C123)>0, Str!C123, Str!B123) -> พื้น | F99: =Str!F123 -> 0 | G99: =Str!E123 -> 0 | H99: =Str!I123 -> 0 | I99: =Str!L123 -> 0 | J99: =Str!M123 -> 0
A100: Structure | B100: Tiolet-Pantry | C100: 2nd-Floor | D100: Slab | E100: =IF(LEN(Str!C124)>0, Str!C124, Str!B124) -> งานคอนกรีตโครงสร้าง (fc' 240 ksc, Cyl.) | F100: =Str!F124 -> ลบ.ม. | G100: =Str!E124 -> 14.1 | H100: =Str!I124 -> 33047.784 | I100: =Str!L124 -> 6841.5636 | J100: =Str!M124 -> 39889.348
A101: Structure | B101: Tiolet-Pantry | C101: 2nd-Floor | D101: Slab | E101: =IF(LEN(Str!C125)>0, Str!C125, Str!B125) -> เหล็กเสริม | F101: =Str!F125 -> 0 | G101: =Str!E125 -> 0 | H101: =Str!I125 -> 0 | I101: =Str!L125 -> 0 | J101: =Str!M125 -> 0
A102: Structure | B102: Tiolet-Pantry | C102: 2nd-Floor | D102: Slab | E102: =IF(LEN(Str!C126)>0, Str!C126, Str!B126) -> งานเหล็กเสริมคอนกรีต RB 9 (SR-24) | F102: =Str!F126 -> กก. | G102: =Str!E126 -> 0 | H102: =Str!I126 -> 0 | I102: =Str!L126 -> 0 | J102: =Str!M126 -> 0
A103: Structure | B103: Tiolet-Pantry | C103: 2nd-Floor | D103: Slab | E103: =IF(LEN(Str!C127)>0, Str!C127, Str!B127) -> งานเหล็กเสริมคอนกรีต DB 12 (SD-40) | F103: =Str!F127 -> กก. | G103: =Str!E127 -> 3145.8 | H103: =Str!I127 -> 57938.365 | I103: =Str!L127 -> 10587.721 | J103: =Str!M127 -> 68526.086
A104: Structure | B104: Tiolet-Pantry | C104: 2nd-Floor | D104: Slab | E104: =IF(LEN(Str!C128)>0, Str!C128, Str!B128) -> งานเหล็กเสริมคอนกรีต DB 16 (SD-40) | F104: =Str!F128 -> กก. | G104: =Str!E128 -> 0 | H104: =Str!I128 -> 0 | I104: =Str!L128 -> 0 | J104: =Str!M128 -> 0
A105: Structure | B105: Tiolet-Pantry | C105: 2nd-Floor | D105: Slab | E105: =IF(LEN(Str!C129)>0, Str!C129, Str!B129) -> ลวดผูกเหล็ก | F105: =Str!F129 -> กก. | G105: =Str!E129 -> 57.1 | H105: =Str!I129 -> 1446.6861 | I105: =Str!L129 -> 0 | J105: =Str!M129 -> 1446.6861
A106: Structure | B106: Tiolet-Pantry | C106: 2nd-Floor | D106: Slab | E106: =IF(LEN(Str!C130)>0, Str!C130, Str!B130) -> ไม้แบบ ค้ำยัน นั่งร้าน | F106: =Str!F130 -> 0 | G106: =Str!E130 -> 0 | H106: =Str!I130 -> 0 | I106: =Str!L130 -> 0 | J106: =Str!M130 -> 0
A107: Structure | B107: Tiolet-Pantry | C107: 2nd-Floor | D107: Slab | E107: =IF(LEN(Str!C131)>0, Str!C131, Str!B131) -> ไม้แบบ ค้ำยัน นั่งร้าน (อาคาร 3 ชั้น ใช้ 60%) | F107: =Str!F131 -> ตร.ม. | G107: =Str!E131 -> 71.34 | H107: =Str!I131 -> 16353.943 | I107: =Str!L131 -> 0 | J107: =Str!M131 -> 16353.943
... A136: Structure | B136: Tiolet-Pantry | C136: 3rd-Floor | D136: Column | E136: =IF(LEN(Str!C160)>0, Str!C160, Str!B160) -> งานสีน้ำมัน เหล็ก 1 ตัน ต่อ ทาสี 25 ตร.ม. | F136: =Str!F160 -> ตร.ม. | G136: =Str!E160 -> 218.1 | H136: =Str!I160 -> 6590.1593 | I136: =Str!L160 -> 7136.6206 | J136: =Str!M160 -> 13726.78
A137: Structure | B137: Tiolet-Pantry | C137: Roof Floor | E137: =IF(LEN(Str!C161)>0, Str!C161, Str!B161) -> งานโครงสร้าง คาน พื้นชั้นดาดฟ้า | F137: =Str!F161 -> 0 | G137: =Str!E161 -> 0 | H137: =Str!I161 -> 0 | I137: =Str!L161 -> 0 | J137: =Str!M161 -> 0
A138: Structure | B138: Tiolet-Pantry | C138: Roof Floor | D138: Beam | E138: =IF(LEN(Str!C162)>0, Str!C162, Str!B162) -> คาน | F138: =Str!F162 -> 0 | G138: =Str!E162 -> 0 | H138: =Str!I162 -> 0 | I138: =Str!L162 -> 0 | J138: =Str!M162 -> 0
A139: Structure | B139: Tiolet-Pantry | C139: Roof Floor | D139: Beam | E139: =IF(LEN(Str!C163)>0, Str!C163, Str!B163) -> WF300x200x8x12 mm.-56.8 kg/m | F139: =Str!F163 -> กก. | G139: =Str!E163 -> 5510.7 | H139: =Str!I163 -> 163112.25 | I139: =Str!L163 -> 72127.969 | J139: =Str!M163 -> 235240.22
A140: Structure | B140: Tiolet-Pantry | C140: Roof Floor | D140: Beam | E140: =IF(LEN(Str!C164)>0, Str!C164, Str!B164) -> Steel Plate 12 mm.Thk. | F140: =Str!F164 -> กก. | G140: =Str!E164 -> 131.8 | H140: =Str!I164 -> 3076.8254 | I140: =Str!L164 -> 1725.0923 | J140: =Str!M164 -> 4801.9177
A141: Structure | B141: Tiolet-Pantry | C141: Roof Floor | D141: Slab | E141: =IF(LEN(Str!C165)>0, Str!C165, Str!B165) -> พื้น | F141: =Str!F165 -> 0 | G141: =Str!E165 -> 0 | H141: =Str!I165 -> 0 | I141: =Str!L165 -> 0 | J141: =Str!M165 -> 0
A142: Structure | B142: Tiolet-Pantry | C142: Roof Floor | D142: Slab | E142: =IF(LEN(Str!C166)>0, Str!C166, Str!B166) -> งานคอนกรีตโครงสร้าง (fc' 240 ksc, Cyl.) ผสมน้ำยากันซึม | F142: =Str!F166 -> ลบ.ม. | G142: =Str!E166 -> 14.4 | H142: =Str!I166 -> 28507.216 | I142: =Str!L166 -> 6987.1288 | J142: =Str!M166 -> 35494.345
A143: Structure | B143: Tiolet-Pantry | C143: Roof Floor | D143: Slab | E143: =IF(LEN(Str!C167)>0, Str!C167, Str!B167) -> เหล็กเสริม | F143: =Str!F167 -> 0 | G143: =Str!E167 -> 0 | H143: =Str!I167 -> 0 | I143: =Str!L167 -> 0 | J143: =Str!M167 -> 0
A144: Structure | B144: Tiolet-Pantry | C144: Roof Floor | D144: Slab | E144: =IF(LEN(Str!C168)>0, Str!C168, Str!B168) -> งานเหล็กเสริมคอนกรีต RB 9 (SR-24) | F144: =Str!F168 -> กก. | G144: =Str!E168 -> 0 | H144: =Str!I168 -> 0 | I144: =Str!L168 -> 0 | J144: =Str!M168 -> 0
A145: Structure | B145: Tiolet-Pantry | C145: Roof Floor | D145: Slab | E145: =IF(LEN(Str!C169)>0, Str!C169, Str!B169) -> งานเหล็กเสริมคอนกรีต DB 12 (SD-40) | F145: =Str!F169 -> กก. | G145: =Str!E169 -> 3227.5 | H145: =Str!I169 -> 59443.09 | I145: =Str!L169 -> 10862.697 | J145: =Str!M169 -> 70305.786
A146: Structure | B146: Tiolet-Pantry | C146: Roof Floor | D146: Slab | E146: =IF(LEN(Str!C170)>0, Str!C170, Str!B170) -> งานเหล็กเสริมคอนกรีต DB 16 (SD-40) | F146: =Str!F170 -> กก. | G146: =Str!E170 -> 0 | H146: =Str!I170 -> 0 | I146: =Str!L170 -> 0 | J146: =Str!M170 -> 0
A147: Structure | B147: Tiolet-Pantry | C147: Roof Floor | D147: Slab | E147: =IF(LEN(Str!C171)>0, Str!C171, Str!B171) -> ลวดผูกเหล็ก | F147: =Str!F171 -> กก. | G147: =Str!E171 -> 58.6 | H147: =Str!I171 -> 1484.6901 | I147: =Str!L171 -> 0 | J147: =Str!M171 -> 1484.6901
A148: Structure | B148: Tiolet-Pantry | C148: Roof Floor | D148: Slab | E148: =IF(LEN(Str!C172)>0, Str!C172, Str!B172) -> ไม้แบบ ค้ำยัน นั่งร้าน | F148: =Str!F172 -> 0 | G148: =Str!E172 -> 0 | H148: =Str!I172 -> 0 | I148: =Str!L172 -> 0 | J148: =Str!M172 -> 0
A149: Structure | B149: Tiolet-Pantry | C149: Roof Floor | D149: Slab | E149: =IF(LEN(Str!C173)>0, Str!C173, Str!B173) -> ไม้แบบ ค้ำยัน นั่งร้าน (อาคาร 3 ชั้น ใช้ 60%) | F149: =Str!F173 -> ตร.ม. | G149: =Str!E173 -> 73.2 | H149: =Str!I173 -> 16780.328 | I149: =Str!L173 -> 0 | J149: =Str!M173 -> 16780.328
... A155: Structure | B155: Tiolet-Pantry | C155: Roof Floor | D155: Slab | E155: =IF(LEN(Str!C179)>0, Str!C179, Str!B179) -> งานสีน้ำมัน เหล็ก 1 ตัน ต่อ ทาสี 25 ตร.ม. | F155: =Str!F179 -> ตร.ม. | G155: =Str!E179 -> 141.1 | H155: =Str!I179 -> 4263.5098 | I155: =Str!L179 -> 4617.0434 | J155: =Str!M179 -> 8880.5532
A156: Structure | F156: =Str!F180 -> 0 | G156: =Str!E180 -> 0 | H156: =Str!I180 -> 0 | I156: =Str!L180 -> 0 | J156: =Str!M180 -> 0
A158: Structure | F158: =Str!F182 -> 0 | G158: =Str!E182 -> 0 | H158: =Str!I182 -> 0 | I158: =Str!L182 -> 0 | J158: =Str!M182 -> 0
A159: Structure | B159: Lift | E159: =IF(LEN(Str!C183)>0, Str!C183, Str!B183) -> อาคารโถงลิฟท์ | F159: =Str!F183 -> 0 | G159: =Str!E183 -> 0 | H159: =Str!I183 -> 0 | I159: =Str!L183 -> 0 | J159: =Str!M183 -> 0
A160: Structure | B160: Lift | C160: Sub-structure | D160: Pilling | E160: =IF(LEN(Str!C184)>0, Str!C184, Str!B184) -> งานเสาเข็ม | F160: =Str!F184 -> 0 | G160: =Str!E184 -> 0 | H160: =Str!I184 -> 0 | I160: =Str!L184 -> 0 | J160: =Str!M184 -> 0
A161: Structure | B161: Lift | C161: Sub-structure | D161: Pilling | E161: =IF(LEN(Str!C185)>0, Str!C185, Str!B185) -> เสาเข็มเจาะระบบแห้งขนาด Dia. 0.35 x 21 ม. | F161: =Str!F185 -> ต้น | G161: =Str!E185 -> 8 | H161: =Str!I185 -> 86011.54 | I161: =Str!L185 -> 0 | J161: =Str!M185 -> 86011.54
A162: Structure | B162: Lift | C162: Sub-structure | D162: Pilling | E162: =IF(LEN(Str!C186)>0, Str!C186, Str!B186) -> งานตัดหัวเข็ม | F162: =Str!F186 -> ต้น | G162: =Str!E186 -> 8 | H162: =Str!I186 -> 0 | I162: =Str!L186 -> 2617.7425 | J162: =Str!M186 -> 2617.7425
A163: Structure | B163: Lift | C163: Sub-structure | D163: Foundation | E163: =IF(LEN(Str!C187)>0, Str!C187, Str!B187) -> งานโครงสร้างฐานราก | F163: =Str!F187 -> 0 | G163: =Str!E187 -> 0 | H163: =Str!I187 -> 0 | I163: =Str!L187 -> 0 | J163: =Str!M187 -> 0
A164: Structure | B164: Lift | C164: Sub-structure | D164: Foundation | E164: =IF(LEN(Str!C188)>0, Str!C188, Str!B188) -> งานปรับระดับขุดดินทำฐานราก/ถมกลับ | F164: =Str!F188 -> ลบ.ม. | G164: =Str!E188 -> 11.3 | H164: =Str!I188 -> 0 | I164: =Str!L188 -> 1183.2196 | J164: =Str!M188 -> 1183.2196
A165: Structure | B165: Lift | C165: Sub-structure | D165: Foundation | E165: =IF(LEN(Str!C189)>0, Str!C189, Str!B189) -> งานถมทรายบดอัดรองฐานราก | F165: =Str!F189 -> ลบ.ม. | G165: =Str!E189 -> 0.6 | H165: =Str!I189 -> 285.14508 | I165: =Str!L189 -> 58.338262 | J165: =Str!M189 -> 343.48335
A166: Structure | B166: Lift | C166: Sub-structure | D166: Foundation | E166: =IF(LEN(Str!C190)>0, Str!C190, Str!B190) -> งานคอนกรีตหยาบรองฐานราก | F166: =Str!F190 -> ลบ.ม. | G166: =Str!E190 -> 0.6 | H166: =Str!I190 -> 1379.9243 | I166: =Str!L190 -> 238.9625 | J166: =Str!M190 -> 1618.8868
A167: Structure | B167: Lift | C167: Sub-structure | D167: Foundation | E167: =IF(LEN(Str!C191)>0, Str!C191, Str!B191) -> งานคอนกรีตโครงสร้าง (fc' 240 ksc, Cyl.) ผสมน้ำยากันซึม | F167: =Str!F191 -> ลบ.ม. | G167: =Str!E191 -> 2.9 | H167: =Str!I191 -> 5741.0366 | I167: =Str!L191 -> 1407.1301 | J167: =Str!M191 -> 7148.1667
A168: Structure | B168: Lift | C168: Sub-structure | D168: Foundation | E168: =IF(LEN(Str!C192)>0, Str!C192, Str!B192) -> เหล็กเสริม | F168: =Str!F192 -> 0 | G168: =Str!E192 -> 0 | H168: =Str!I192 -> 0 | I168: =Str!L192 -> 0 | J168: =Str!M192 -> 0
A169: Structure | B169: Lift | C169: Sub-structure | D169: Foundation | E169: =IF(LEN(Str!C193)>0, Str!C193, Str!B193) -> งานเหล็กเสริมคอนกรีต RB 9 (SR-24) | F169: =Str!F193 -> กก. | G169: =Str!E193 -> 11.2 | H169: =Str!I193 -> 205.23101 | I169: =Str!L193 -> 46.072269 | J169: =Str!M193 -> 251.30328
A170: Structure | B170: Lift | C170: Sub-structure | D170: Foundation | E170: =IF(LEN(Str!C194)>0, Str!C194, Str!B194) -> งานเหล็กเสริมคอนกรีต DB 12 (SD-40) | F170: =Str!F194 -> กก. | G170: =Str!E194 -> 82.8 | H170: =Str!I194 -> 1524.9846 | I170: =Str!L194 -> 278.67739 | J170: =Str!M194 -> 1803.662
A171: Structure | B171: Lift | C171: Sub-structure | D171: Foundation | E171: =IF(LEN(Str!C195)>0, Str!C195, Str!B195) -> งานเหล็กเสริมคอนกรีต DB 16 (SD-40) | F171: =Str!F195 -> กก. | G171: =Str!E195 -> 115.4 | H171: =Str!I195 -> 2103.8236 | I171: =Str!L195 -> 388.3982 | J171: =Str!M195 -> 2492.2218
... A177: Structure | B177: Lift | C177: Sub-structure | D177: Foundation | E177: =IF(LEN(Str!C201)>0, Str!C201, Str!B201) -> ตะปู (ใช้ 25% ของไม้แบบ 1 ตร.ม.) | F177: =Str!F201 -> กก. | G177: =Str!E201 -> 2.12 | H177: =Str!I201 -> 46.299638 | I177: =Str!L201 -> 0 | J177: =Str!M201 -> 46.299638
A178: Structure | B178: Lift | C178: Sub-structure | D178: Foundation | F178: =Str!F202 -> 0 | G178: =Str!E202 -> 0 | H178: =Str!I202 -> 0 | I178: =Str!L202 -> 0 | J178: =Str!M202 -> 0
A179: Structure | B179: Lift | C179: Sub-structure | D179: ปล่องลิฟท์ และตอม่อ | E179: =IF(LEN(Str!C203)>0, Str!C203, Str!B203) -> งานปล่องลิฟท์ และตอม่อ | F179: =Str!F203 -> 0 | G179: =Str!E203 -> 0 | H179: =Str!I203 -> 0 | I179: =Str!L203 -> 0 | J179: =Str!M203 -> 0
A180: Structure | B180: Lift | C180: Sub-structure | D180: ปล่องลิฟท์ และตอม่อ | E180: =IF(LEN(Str!C204)>0, Str!C204, Str!B204) -> งานคอนกรีตโครงสร้าง (fc' 240 ksc, Cyl.) ผสมน้ำยากันซึม | F180: =Str!F204 -> ลบ.ม. | G180: =Str!E204 -> 7.1 | H180: =Str!I204 -> 14055.641 | I180: =Str!L204 -> 3445.0427 | J180: =Str!M204 -> 17500.684
A181: Structure | B181: Lift | C181: Sub-structure | D181: ปล่องลิฟท์ และตอม่อ | E181: =IF(LEN(Str!C205)>0, Str!C205, Str!B205) -> งานคอนกรีตหยาบรองท้องคาน (fc' 150 ksc, Cyl.) | F181: =Str!F205 -> ลบ.ม. | G181: =Str!E205 -> 0.1 | H181: =Str!I205 -> 181.13843 | I181: =Str!L205 -> 48.521728 | J181: =Str!M205 -> 229.66016
A182: Structure | B182: Lift | C182: Sub-structure | D182: ปล่องลิฟท์ และตอม่อ | E182: =IF(LEN(Str!C206)>0, Str!C206, Str!B206) -> เหล็กเสริม | F182: =Str!F206 -> 0 | G182: =Str!E206 -> 0 | H182: =Str!I206 -> 0 | I182: =Str!L206 -> 0 | J182: =Str!M206 -> 0
A183: Structure | B183: Lift | C183: Sub-structure | D183: ปล่องลิฟท์ และตอม่อ | E183: =IF(LEN(Str!C207)>0, Str!C207, Str!B207) -> งานเหล็กเสริมคอนกรีต RB 9 (SR-24) | F183: =Str!F207 -> กก. | G183: =Str!E207 -> 22.3 | H183: =Str!I207 -> 408.62961 | I183: =Str!L207 -> 91.733178 | J183: =Str!M207 -> 500.36279
A184: Structure | B184: Lift | C184: Sub-structure | D184: ปล่องลิฟท์ และตอม่อ | E184: =IF(LEN(Str!C208)>0, Str!C208, Str!B208) -> งานเหล็กเสริมคอนกรีต DB 12 (SD-40) | F184: =Str!F208 -> กก. | G184: =Str!E208 -> 545 | H184: =Str!I208 -> 10037.64 | I184: =Str!L208 -> 1834.2896 | J184: =Str!M208 -> 11871.93
A185: Structure | B185: Lift | C185: Sub-structure | D185: ปล่องลิฟท์ และตอม่อ | E185: =IF(LEN(Str!C209)>0, Str!C209, Str!B209) -> งานเหล็กเสริมคอนกรีต DB 16 (SD-40) | F185: =Str!F209 -> กก. | G185: =Str!E209 -> 56.1 | H185: =Str!I209 -> 1022.7427 | I185: =Str!L209 -> 188.81403 | J185: =Str!M209 -> 1211.5567
...

Sheet RC2_ปร.5 (ก)
B1: Description | C1: Unit | D1: Qty | E1: Material | F1: Labor | G1: Amount | H1: Factor | I1: Amount x Factor
B2: ส่วนที่ 1 ค่าวัสดุและแรงงานหมวดงานก่อสร้าง
B3: อาคาร Ratchadamnoen Center 2
A4: 1 | B4: งานสถาปัตยกรรม | G4: =Arch!M13 -> 39847480 | H4: 1.1924 | I4: =SUM(G4*H4) -> 47514136
A5: 2 | B5: งานสถาปัตยกรรมภายใน (BUILT-IN) | G5: =Built!M35 -> 5231343.4 | H5: =+H4 -> 1.1924 | I5: =SUM(G5*H5) -> 6237853.9
A6: 3 | B6: งานวิศวกรรมโครงสร้าง | G6: =Str!M16 -> 9866360.7 | H6: =+H4 -> 1.1924 | I6: =SUM(G6*H6) -> 11764648
A7: 4 | B7: งานระบบไฟฟ้าและสื่อสาร | G7: =+EE!M28 -> 24337107 | H7: =+H4 -> 1.1924 | I7: =SUM(G7*H7) -> 29019566
A8: 5 | B8: งานระบบสุขาภิบาลและดับเพลิง | G8: =SAN_FP!M15 -> 3680529.1 | H8: =+H4 -> 1.1924 | I8: =SUM(G8*H8) -> 4388662.9
A9: 6 | B9: งานระบบปรับอากาศและระบายอากาศ | G9: =AC!M18 -> 6479043.2 | H9: =+H4 -> 1.1924 | I9: =SUM(G9*H9) -> 7725611.1
A10: 7 | B10: งานภูมิสถาปัตยกรรม | G10: =LD!M15 -> 877287.83 | H10: =+H4 -> 1.1924 | I10: =SUM(G10*H10) -> 1046078
G11: =SUM(G4:G10) -> 90319152
B13: เงื่อนไข
B14: เงินล่วงหน้าจ่าย 0%
B15: เงินประกันผลงานหัก 10%
B16: ดอกเบี้ยเงินกู้ 7%
B17: ค่าภาษีมูลค่าเพิ่ม 7%
A18: สรุป | B18: รวมค่าก่อสร้าง ส่วนที่ 1 ค่าวัสดุและแรงงานหมวดงานก่อสร้าง | I18: =SUM(I2:I17) -> 1.0769656e+08 | K18: 1.1618515e+08
B19: ="("&BAHTTEXT(I18)&")" -> (หนึ่งร้อยเจ็ดล้านหกแสนเก้าหมื่นหกพันห้าร้อยห้าสิบหกบาทสามสิบสตางค์)
B20: พื้นที่อาคาร | G20: 5825 | H20: ตารางเมตร
B21: เฉลี่ยราคาประมาณ | G21: =+I18/G20 -> 18488.679 | H21: บาท/ตารางเมตร
G22: =+G21+'แบบ ปร.5(ข)'!C25 -> 24189.591
G25: =G11+'แบบ ปร.5(ข)'!C22+Oth!M21 -> 1.3587946e+08

Sheet Arch
C1: Description | E1: Qty | F1: Unit | G1: ราคา/หน่วย | H1: ราคา/หน่วย | I1: Material | J1: ราคา/หน่วย | K1: ราคา/หน่วย | L1: Labor | M1: Amount
B2: สรุปราคาค่าก่อสร้างงานสถาปัตยกรรม
B3: อาคาร Ratchadamnoen Center 2
A4: 1 | B4: งานผิวพื้น | M4: =M72 -> 4066978.5 | O4: =P4*0.934908047 -> 4066978.5 | P4: 4350137.5
A5: 2 | B5: งานผนัง | M5: =M139 -> 7267154.3 | O5: =P5*0.934908047 -> 7267154.3 | P5: 7773122
A6: 3 | B6: งานฝ้าเพดาน | M6: =M187 -> 3631278.2 | O6: =P6*0.934908047 -> 3631278.2 | P6: 3884102
A7: 4 | B7: งานประตูและอุปกรณ์ | M7: =M351 -> 9393678.4 | O7: =P7*0.934908047 -> 9393678.4 | P7: 10047703
A8: 5 | B8: งานหน้าต่าง | M8: =M438 -> 4972313.1 | O8: =P8*0.934908047 -> 4972313.1 | P8: 5318505
A9: 6 | B9: งานห้องน้ำและสุขภัณฑ์ | M9: =M473 -> 1728663.7 | O9: =P9*0.934908047 -> 1728663.7 | P9: 1849020
A10: 7 | B10: งานบันได ราวบันได ราวกันตก และส่วนประกอบ | M10: =M549 -> 3535107.7 | O10: =P10*0.934908047 -> 3535107.7 | P10: 3781235.7
A11: 8 | B11: งานหลังคา งานฉนวนกันความร้อน งานกันซึมและส่วนประกอบ | M11: =M632 -> 5252306.5 | O11: =P11*0.934908047 -> 5252306.5 | P11: 5617992.6
O12: =P12*0.934899332 -> 0
B13: รวมราคาค่าก่อสร้างงานสถาปัตยกรรม | M13: =SUM(M4:M12) -> 39847480 | O13: =SUM(O4:O12) -> 39847480 | P13: =SUM(P4:P12) -> 42621818
B21: Allow for any items not described above but deemed necessary
B22: to complete the works :-
A26: 1 | B26: งานผิวพื้น
A28: 1.1 | B28: F0 | C28: พื้น ค.ส.ล. เทปูนทรายปรับระดับ ปรับผิวเรียบ ( ดูรายละเอียดงาน ตกแต่งภายใน ) | E28: 0 | F28: ตร.ม. | G28: 0 | I28: 0 | J28: 0 | L28: 0 | M28: 0
A29: 1.2 | B29: F1.1 | C29: พื้น ค.ส.ล. เทปูนทรายปรับระดับ ผิวขัดมัน 30-50 มม. | E29: 0 | F29: ตร.ม. | G29: 0 | I29: 0 | J29: 0 | L29: 0 | M29: 0
A30: 1.3 | B30: F1.2 | C30: พื้น ค.ส.ล. เทปูนทรายปรับระดับ ผิวขัดมัน 30-50 มม. พร้อมงานระบบกันซึม | E30: 1090 | F30: ตร.ม. | G30: 113 | H30: =G30*O30 -> 105.64461 | I30: =H30*E30 -> 115152.62 | J30: 87 | K30: =J30*O30 -> 81.337 | L30: =K30*E30 -> 88657.33 | M30: =SUM(I30,L30) -> 203809.95 | O30: 0.93490805
C31: (งานกันซึมดูรายละเอียดงานระบบกันซึม) | O31: 0.93490805
A32: 1.4 | B32: F1.3 | C32: พื้น ค.ส.ล. ผิวของ Topping หรือผิวโครงสร้าง ทางวิศวกรรม แต่งเรียบ | E32: 897 | F32: ตร.ม. | G32: 0 | H32: =G32*O32 -> 0 | I32: =H32*E32 -> 0 | J32: 64 | K32: =J32*O32 -> 59.834115 | L32: =K32*E32 -> 53671.201 | M32: =SUM(I32,L32) -> 53671.201 | O32: 0.93490805
A33: 1.5 | B33: F2.1 | C33: พื้น ค.ส.ล. เทปูนทรายปรับระดับ ผิวหินขัดเบอร์ 4 1/2 - 5 ชนิดคัดเม็ดหิน | E33: 325 | F33: ตร.ม. | G33: 238 | H33: =G33*O33 -> 222.50812 | I33: =H33*E33 -> 72315.137 | J33: 161 | K33: =J33*O33 -> 150.5202 | L33: =K33*E33 -> 48919.064 | M33: =SUM(I33,L33) -> 121234.2 | O33: 0.93490805
C34: หรือขนาดอื่นๆ ตามแบบระบุภายหลัง | O34: 0.93490805
A35: 1.6 | B35: F2.2 | C35: พื้น ค.ส.ล. เทปูนทรายปรับระดับ ผิวหินล้างเบอร์ 4 1/2 - 5 ชนิดคัดเม็ดหิน | E35: 70 | F35: ตร.ม. | G35: 308 | H35: =G35*O35 -> 287.95168 | I35: =H35*E35 -> 20156.617 | J35: 104 | K35: =J35*O35 -> 97.230437 | L35: =K35*E35 -> 6806.1306 | M35: =SUM(I35,L35) -> 26962.748 | O35: 0.93490805 | Q35: ราคามีแก้ไขตามกระทรวงพาณิชย์ กทม. ธ.ค. 67
C36: หรือขนาดอื่นๆ ตามแบบระบุภายหลัง | O36: 0.93490805
A37: 1.7 | B37: F3.1 | C37: พื้น ค.ส.ล. เทปูนทรายปรับระดับ ผิวปูกระเบื้องเซรามิค ขนาด 400x400 มม. | E37: 11 | F37: ตร.ม. | G37: 299 | H37: =G37*O37 -> 279.53751 | I37: =H37*E37 -> 3074.9126 | J37: 158 | K37: =J37*O37 -> 147.71547 | L37: =K37*E37 -> 1624.8702 | M37: =SUM(I37,L37) -> 4699.7828 | O37: 0.93490805 | Q37: ราคามีแก้ไขตามกระทรวงพาณิชย์ กทม. ธ.ค. 67
A38: 1.8 | B38: F3.2 | C38: พื้น ค.ส.ล. พร้อมปูนทรายปรับระดับ ผิวปูกระเบื้อง Porcelain สีเทา | E38: 4 | F38: ตร.ม. | G38: 575 | H38: =G38*O38 -> 537.57213 | I38: =H38*E38 -> 2150.2885 | J38: 222 | K38: =J38*O38 -> 207.54959 | L38: =K38*E38 -> 830.19835 | M38: =SUM(I38,L38) -> 2980.4869 | O38: 0.93490805 | Q38: ราคามีแก้ไขตามกระทรวงพาณิชย์ กทม. ธ.ค. 67
C39: ขนาด 600x600 มม. | O39: 0.93490805
A40: 1.9 | B40: F3.3 | C40: พื้น ค.ส.ล. พร้อมปูนทรายปรับระดับ ผิวปูกระเบื้องลายหินขัด ขนาด 600x600 มม. | E40: 95 | F40: ตร.ม. | G40: 377 | H40: =G40*O40 -> 352.46033 | I40: =H40*E40 -> 33483.732 | J40: 222 | K40: =J40*O40 -> 207.54959 | L40: =K40*E40 -> 19717.211 | M40: =SUM(I40,L40) -> 53200.942 | O40: 0.93490805 | Q40: ราคามีแก้ไขตามกระทรวงพาณิชย์ กทม. ธ.ค. 67
A41: 1.1 | B41: F3.4 | C41: พื้น ค.ส.ล. พร้อมปูนทรายปรับระดับ ผิวปูหินแกรนิตดำอินเดีย (Indian Black) | E41: 270 | F41: ตร.ม. | G41: 1630 | H41: =G41*O41 -> 1523.9001 | I41: =H41*E41 -> 411453.03 | J41: 207 | K41: =J41*O41 -> 193.52597 | L41: =K41*E41 -> 52252.011 | M41: =SUM(I41,L41) -> 463705.04 | O41: 0.93490805 | Q41: ราคามีแก้ไขตามกระทรวงพาณิชย์ กทม. ธ.ค. 67
C42: ขนาด 300 x ( ตามแบบระบุ ) x 20 มม. | O42: 0.93490805
A43: 1.11 | B43: F3.5 | C43: พื้น ค.ส.ล. พร้อมปูนทรายปรับระดับ ผิวกรุหินอ่อน สีตามระบุในแบบ | O43: 0.93490805
C44: ขนาด 300 x ( ตามแบบระบุ ) x 20 มม. ผิวกึ่งมัน | O44: 0.93490805
B45: - | C45: ผิวกรุหินอ่อนสลับลายตามแบบขยายบันได | E45: 80 | F45: ตร.ม. | G45: 2110 | H45: =G45*O45 -> 1972.656 | I45: =H45*E45 -> 157812.48 | J45: 231 | K45: =J45*O45 -> 215.96376 | L45: =K45*E45 -> 17277.101 | M45: =SUM(I45,L45) -> 175089.58 | O45: 0.93490805 | Q45: ราคามีแก้ไขตามกระทรวงพาณิชย์ กทม. ธ.ค. 67
B46: - | C46: ผิวกรุหินอ่อน สีขาว | E46: 20 | F46: ตร.ม. | G46: 1780 | H46: =G46*O46 -> 1664.1363 | I46: =H46*E46 -> 33282.726 | J46: 207 | K46: =J46*O46 -> 193.52597 | L46: =K46*E46 -> 3870.5193 | M46: =SUM(I46,L46) -> 37153.246 | O46: 0.93490805 | Q46: ราคามีแก้ไขตามกระทรวงพาณิชย์ กทม. ธ.ค. 67
A47: 1.12 | B47: F3.6 | C47: พื้น ค.ส.ล. ผิวคอนกรีตขัดเงา ( Polished Cement ) หนา 50 มม. | E47: 42.94 | F47: ตร.ม. | G47: 250 | H47: =G47*O47 -> 233.72701 | I47: =H47*E47 -> 10036.238 | J47: 0 | K47: =J47*O47 -> 0 | L47: =K47*E47 -> 0 | M47: =SUM(I47,L47) -> 10036.238 | O47: 0.93490805
A48: 1.13 | B48: F4.1 | C48: พื้น ค.ส.ล. พร้อมปูนทรายปรับระดับ ผิวขัดมันหนา 30-50 มม. | E48: 956.78 | F48: ตร.ม. | G48: 650 | H48: =G48*O48 -> 607.69023 | I48: =H48*E48 -> 581425.86 | J48: 140 | K48: =J48*O48 -> 130.88713 | L48: =K48*E48 -> 125230.18 | M48: =SUM(I48,L48) -> 706656.04 | O48: 0.93490805
C49: ทำผิว Epoxy Self Leveling Flake หนา 2 มม. ( ผิวมันระบุสีภายหลัง ) | O49: 0.93490805
A50: 1.14 | B50: F4.2 | C50: พื้น ค.ส.ล. พร้อมปูนทรายปรับระดับ ผิวขัดมันหนา 30-50 มม. | E50: 45.9 | F50: ตร.ม. | G50: 350 | H50: =G50*O50 -> 327.21782 | I50: =H50*E50 -> 15019.298 | J50: 150 | K50: =J50*O50 -> 140.23621 | L50: =K50*E50 -> 6436.8419 | M50: =SUM(I50,L50) -> 21456.14 | O50: 0.93490805
C51: ทาสี Epoxy Coating หนา 500 ไมครอน | O51: 0.93490805
A52: 1.15 | B52: F5.1 | C52: พื้น ค.ส.ล. พร้อมปูนทรายปรับระดับ หรือพื้นโครงสร้างเหล็ก | E52: 1686.41 | F52: ตร.ม. | G52: 740 | H52: =G52*O52 -> 691.83195 | I52: =H52*E52 -> 1166712.3 | J52: 170 | K52: =J52*O52 -> 158.93437 | L52: =K52*E52 -> 268028.51 | M52: =SUM(I52,L52) -> 1434740.8 | O52: 0.93490805
C53: ปรับระดับด้วยปูนปรับระดับชนิดไหลตัวได้ (Self Leveling Motar) หนา 10-15 มม. | O53: 0.93490805
C54: ปูทับด้วยกระเบื้องไวนิลชนิดม้วนขนาดกว้าง 2 เมตร ยาว 20 เมตร หนา 2 มม. | O54: 0.93490805
C55: (ระบุสีภายหลัง) | O55: 0.93490805
A56: 1.16 | B56: F5.2 | C56: พื้น ค.ส.ล. พร้อมปูนทรายปรับระดับ หรือพื้นโครงสร้างเหล็ก | E56: 431 | F56: ตร.ม. | G56: 740 | H56: =G56*O56 -> 691.83195 | I56: =H56*E56 -> 298179.57 | J56: 170 | K56: =J56*O56 -> 158.93437 | L56: =K56*E56 -> 68500.713 | M56: =SUM(I56,L56) -> 366680.29 | O56: 0.93490805
C57: ปรับระดับด้วยปูนปรับระดับชนิดไหลตัวได้ (Self Leveling Motar) หนา 10-15 มม. | O57: 0.93490805
C58: ปูทับด้วยกระเบื้องไวนิลชนิดม้วนขนาดกว้าง 2 เมตร ยาว 20 เมตร หนา 2 มม. | O58: 0.93490805
C59: (ระบุสีภายหลัง) | O59: 0.93490805
A60: 1.17 | B60: F5.3 | C60: พื้น ค.ส.ล. พร้อมปูนทรายปรับระดับ ปรับระดับด้วยปูนปรับระดับชนิดไหลตัวได้ | E60: 174.9 | F60: ตร.ม. | G60: 1000 | H60: =G60*O60 -> 934.90805 | I60: =H60*E60 -> 163515.42 | J60: 170 | K60: =J60*O60 -> 158.93437 | L60: =K60*E60 -> 27797.621 | M60: =SUM(I60,L60) -> 191313.04 | O60: 0.93490805
C61: ( Self Leveling Motar ) หนา 10-15 มม. ปูทับด้วยกระเบื้องไวนิลชนิดม้วน | O61: 0.93490805
C62: ขนาดกว้าง 2 เมตร ยาว 20 เมตร หนา 2 มม.(ระบุสีภายหลัง) | O62: 0.93490805
A63: 1.18 | B63: F5.4 | C63: พื้นโครงสร้างเหล็ก ปูทับด้วยแผ่นยางปูพื้นกันลื่นลายเหรียญสีเทา | E63: 9.36 | F63: ตร.ม. | G63: 520 | H63: =G63*O63 -> 486.15218 | I63: =H63*E63 -> 4550.3844 | J63: 156 | K63: =J63*O63 -> 145.84566 | L63: =K63*E63 -> 1365.1153 | M63: =SUM(I63,L63) -> 5915.4998 | O63: 0.93490805
C64: Round Dot — Anti Slip หนา 5 มม. | O64: 0.93490805
A65: 1.19 | B65: F6 | C65: พื้น ค.ส.ล. ขัดมัน พร้อมติดตั้ง Access Floor System ขนาด 600x600x35 mm. | E65: 15 | F65: ตร.ม. | G65: 2200 | H65: =G65*O65 -> 2056.7977 | I65: =H65*E65 -> 30851.966 | J65: 350 | K65: =J65*O65 -> 327.21782 | L65: =K65*E65 -> 4908.2672 | M65: =SUM(I65,L65) -> 35760.233 | O65: 0.93490805
C66: ชนิด Light Weight Cement Infilled Steel | O66: 0.93490805
A67: 1.2 | B67: งานรอยต่อพื้น | O67: 0.93490805
B68: - | C68: งานรอยต่อพื้น J1 (เส้นแบ่งแนว) | E68: 501.622 | F68: เมตร | G68: 220 | H68: =G68*O68 -> 205.67977 | I68: =H68*E68 -> 103173.5 | J68: 45 | K68: =J68*O68 -> 42.070862 | L68: =K68*E68 -> 21103.67 | M68: =SUM(I68,L68) -> 124277.17 | O68: 0.93490805
B69: - | C69: งานรอยต่อพื้น J2 (เส้นแบ่งแนว) | E69: 8 | F69: เมตร | G69: 400 | H69: =G69*O69 -> 373.96322 | I69: =H69*E69 -> 2991.7058 | J69: 45 | K69: =J69*O69 -> 42.070862 | L69: =K69*E69 -> 336.5669 | M69: =SUM(I69,L69) -> 3328.2726 | O69: 0.93490805
B70: - | C70: Expansion Joint ตึกเดิมและตึกใหม่ | E70: 10 | F70: เมตร | G70: 2500 | H70: =G70*O70 -> 2337.2701 | I70: =H70*E70 -> 23372.701 | J70: 100 | K70: =J70*O70 -> 93.490805 | L70: =K70*E70 -> 934.90805 | M70: =SUM(I70,L70) -> 24307.609 | O70: 0.93490805
L71: =K71*E71 -> 0 | O71: 0.93490805
M72: =SUM(M28:M70) -> 4066978.5 | O72: 0.93490805
O73: 0.93490805
O74: 0.93490805
O75: 0.93490805
O76: 0.93490805
O77: 0.93490805
O78: 0.93490805
O79: 0.93490805
A80: 2 | B80: งานผนังและผิวผนัง | O80: 0.93490805
O81: 0.93490805
A82: 2.1 | C82: ผนังก่อคอนกรีตมวลเบา ขนาด 20 x 60 x 10 ซม. | E82: 1180 | F82: ตร.ม. | G82: 240 | H82: =G82*O82 -> 224.37793 | I82: =H82*E82 -> 264765.96 | J82: 60 | K82: =J82*O82 -> 56.094483 | L82: =K82*E82 -> 66191.49 | M82: =SUM(I82,L82) -> 330957.45 | O82: 0.93490805 | Q82: ราคามีแก้ไขตามกระทรวงพาณิชย์ กทม. ธ.ค. 67
A83: 2.2 | C83: ผนังก่อคอนกรีตมวลเบา ขนาด 20 x 60 x 15 ซม. | E83: 55 | F83: ตร.ม. | G83: 353 | H83: =G83*O83 -> 330.02254 | I83: =H83*E83 -> 18151.24 | J83: 68 | K83: =J83*O83 -> 63.573747 | L83: =K83*E83 -> 3496.5561 | M83: =SUM(I83,L83) -> 21647.796 | O83: 0.93490805 | Q83: ราคามีแก้ไขตามกระทรวงพาณิชย์ กทม. ธ.ค. 67
A84: 2.3 | C84: ผนังก่อคอนกรีตมวลเบา ขนาด 20 x 60 x 20 ซม. | E84: 155 | F84: ตร.ม. | G84: 470 | H84: =G84*O84 -> 439.40678 | I84: =H84*E84 -> 68108.051 | J84: 78 | K84: =J84*O84 -> 72.922828 | L84: =K84*E84 -> 11303.038 | M84: =SUM(I84,L84) -> 79411.09 | O84: 0.93490805 | Q84: ราคามีแก้ไขตามกระทรวงพาณิชย์ กทม. ธ.ค. 67
A85: 2.4 | C85: งานเสาเอ็นและทับหลัง ผนังก่อคอนกรีตมวลเบา หนา 10 ซม. | E85: 990 | F85: เมตร | G85: 79 | H85: =G85*O85 -> 73.857736 | I85: =H85*E85 -> 73119.158 | J85: 46 | K85: =J85*O85 -> 43.00577 | L85: =K85*E85 -> 42575.712 | M85: =SUM(I85,L85) -> 115694.87 | O85: 0.93490805 | Q85: ราคามีแก้ไขตามกระทรวงพาณิชย์ กทม. ธ.ค. 67
A86: 2.5 | C86: งานเสาเอ็นและทับหลัง ผนังก่อคอนกรีตมวลเบา หนา 15 ซม. | E86: 45 | F86: เมตร | G86: 114 | H86: =G86*O86 -> 106.57952 | I86: =H86*E86 -> 4796.0783 | J86: 64 | K86: =J86*O86 -> 59.834115 | L86: =K86*E86 -> 2692.5352 | M86: =SUM(I86,L86) -> 7488.6135 | O86: 0.93490805 | Q86: ราคามีแก้ไขตามกระทรวงพาณิชย์ กทม. ธ.ค. 67
A87: 2.6 | C87: งานเสาเอ็นและทับหลัง ผนังก่อคอนกรีตมวลเบา หนา 20 ซม. | E87: 130 | F87: เมตร | G87: 118 | H87: =G87*O87 -> 110.31915 | I87: =H87*E87 -> 14341.489 | J87: 81 | K87: =J87*O87 -> 75.727552 | L87: =K87*E87 -> 9844.5817 | M87: =SUM(I87,L87) -> 24186.071 | O87: 0.93490805 | Q87: ราคามีแก้ไขตามกระทรวงพาณิชย์ กทม. ธ.ค. 67
A88: 2.7 | C88: งานฉาบเรียบผนังคอนกรีตมวลเบา | E88: 2715 | F88: ตร.ม. | G88: 29 | H88: =G88*O88 -> 27.112333 | I88: =H88*E88 -> 73609.985 | J88: 87 | K88: =J88*O88 -> 81.337 | L88: =K88*E88 -> 220829.96 | M88: =SUM(I88,L88) -> 294439.94 | O88: 0.93490805 | Q88: ราคามีแก้ไขตามกระทรวงพาณิชย์ กทม. ธ.ค. 67
A89: 2.8 | B89: P0 | C89: ผนังก่อฉาบหรือผนังโครงสร้างอื่นๆ ดูรายละเอียดงานตกแต่งภายใน | E89: * ดูรายละเอียดงานตกแต่งภายใน | O89: 0.93490805
A90: 2.9 | B90: P1.1 | C90: ผนังอาคารเดิมแต่งเรียบ (คิดเฉพาะงานทำความสะอาดและแต่งผิว) | E90: 3450 | F90: ตร.ม. | G90: 30 | H90: =G90*O90 -> 28.047241 | I90: =H90*E90 -> 96762.983 | J90: 30 | K90: =J90*O90 -> 28.047241 | L90: =K90*E90 -> 96762.983 | M90: =SUM(I90,L90) -> 193525.97 | O90: 0.93490805
A91: 2.1 | B91: P1.2 | C91: ผนังอาคารเดิมแต่งเรียบ (คิดเฉพาะงานทำความสะอาดและแต่งผิว) | E91: 3260 | F91: ตร.ม. | G91: 30 | H91: =G91*O91 -> 28.047241 | I91: =H91*E91 -> 91434.007 | J91: 30 | K91: =J91*O91 -> 28.047241 | L91: =K91*E91 -> 91434.007 | M91: =SUM(I91,L91) -> 182868.01 | O91: 0.93490805
A92: 2.11 | B92: P1.3 | C92: ผนังอาคารเดิม ทาน้ำยารักษาสภาพสีเดิมของอาคาร | E92: 670 | F92: ตร.ม. | G92: 50 | H92: =G92*O92 -> 46.745402 | I92: =H92*E92 -> 31319.42 | J92: 50 | K92: =J92*O92 -> 46.745402 | L92: =K92*E92 -> 31319.42 | M92: =SUM(I92,L92) -> 62638.839 | O92: 0.93490805
A93: 2.12 | B93: P1.4 | C93: ผนังทาสีอะครีลิค | E93: * ดูรายละเอียดงานทาสีผนัง | O93: 0.93490805
A94: 2.13 | B94: P2.1 | C94: ผนังกรุกระเบื้องโมเสค รูป 6 เหลี่ยม ขนาดแผ่น 30x30 ซม. จำนวน 36 ชิ้นต่อแผ่น | E94: 483 | F94: ตร.ม. | G94: 1000 | H94: =G94*O94 -> 934.90805 | I94: =H94*E94 -> 451560.59 | J94: 174 | K94: =J94*O94 -> 162.674 | L94: =K94*E94 -> 78571.542 | M94: =SUM(I94,L94) -> 530132.13 | O94: 0.93490805
A95: 2.14 | B95: P2.2 | C95: ผนังกรุกระเบื้องโมเสค ขนาด 12"x12" จำนวน 36 ชิ้นต่อแผ่น | E95: 42 | F95: ตร.ม. | G95: 620 | H95: =G95*O95 -> 579.64299 | I95: =H95*E95 -> 24345.006 | J95: 174 | K95: =J95*O95 -> 162.674 | L95: =K95*E95 -> 6832.308 | M95: =SUM(I95,L95) -> 31177.314 | O95: 0.93490805
A96: 2.15 | B96: P2.3 | C96: ผนังกรุกระเบื้องโมเสค ขนาด 12"x12" จำนวน 9 ชิ้นต่อแผ่น | E96: 28 | F96: ตร.ม. | G96: 620 | H96: =G96*O96 -> 579.64299 | I96: =H96*E96 -> 16230.004 | J96: 174 | K96: =J96*O96 -> 162.674 | L96: =K96*E96 -> 4554.872 | M96: =SUM(I96,L96) -> 20784.876 | O96: 0.93490805
A97: 2.16 | B97: P3.1 | C97: ผนังกระจก U GLASS ขนาด 262 x 60 x 7 มม. | E97: 102 | F97: ตร.ม. | G97: 5200 | H97: =G97*O97 -> 4861.5218 | I97: =H97*E97 -> 495875.23 | J97: 2000 | K97: =J97*O97 -> 1869.8161 | L97: =K97*E97 -> 190721.24 | M97: =SUM(I97,L97) -> 686596.47 | O97: 0.93490805
A98: 2.17 | B98: P3.2 | C98: ผนังกระจก U GLASS ขนาด 262 x 60 x 7 มม. | E98: 275 | F98: ตร.ม. | G98: 2100 | H98: =G98*O98 -> 1963.3069 | I98: =H98*E98 -> 539909.4 | J98: 1200 | K98: =J98*O98 -> 1121.8897 | L98: =K98*E98 -> 308519.66 | M98: =SUM(I98,L98) -> 848429.05 | O98: 0.93490805
A99: 2.18 | B99: P3.3 | C99: ผนังกระจก U GLASS ขนาด 262 x 60 x 7 มม. | E99: 80 | F99: ตร.ม. | G99: 4500 | H99: =G99*O99 -> 4207.0862 | I99: =H99*E99 -> 336566.9 | J99: 2000 | K99: =J99*O99 -> 1869.8161 | L99: =K99*E99 -> 149585.29 | M99: =SUM(I99,L99) -> 486152.18 | O99: 0.93490805
A100: 2.19 | B100: P4 | C100: ผนังฉาบปูนเรียบ | E100: * ดูรายละเอียดงานผนังก่อและงานฉาบ | O100: 0.93490805
B101: งานตกแต่งกรุผิวผนัง | O101: 0.93490805
A102: 2.2 | B102: P4.1 | C102: ผนังกรุผิวไม้อัดยางหนา 4 มม. และแผ่นลามิเนทลายไม้ ( ดูแบบขยายผนัง ) | E102: * ดูรายละเอียดงานสถาปัตยกรรมภายใน | O102: 0.93490805
A103: 2.21 | B103: P4.2 | C103: งานกรุผิวไม้อัดยางหนา 4 มม. และแผ่นลามิเนทลายโลหะ ( ดูแบบขยายผนัง ) | E103: 106 | F103: ตร.ม. | G103: 1230 | H103: =G103*O103 -> 1149.9369 | I103: =H103*E103 -> 121893.31 | J103: 350 | K103: =J103*O103 -> 327.21782 | L103: =K103*E103 -> 34685.089 | M103: =SUM(L103+I103) -> 156578.4 | O103: 0.93490805 | Q103: ราคามีแก้ไขตามกระทรวงพาณิชย์ กทม. ธ.ค. 67
O104: 0.93490805
O105: 0.93490805
A106: 2.22 | B106: P4.3 | C106: ผนังกรุผิวไม้อัดยางหนา 4 มม. และแผ่นไม้วีเนียร์ ( ดูแบบขยายผนัง ) | E106: 9 | F106: ตร.ม. | G106: 750 | H106: =G106*O106 -> 701.18104 | I106: =H106*E106 -> 6310.6293 | J106: 280 | K106: =J106*O106 -> 261.77425 | L106: =K106*E106 -> 2355.9683 | M106: =SUM(L106+I106) -> 8666.5976 | O106: 0.93490805 | Q106: ราคามีแก้ไขตามกระทรวงพาณิชย์ กทม. ธ.ค. 67
A107: 2.23 | B107: P4.4 | C107: ผนังกรุผิวไม้อัดยางหนา 4 มม. ทับหน้าด้วยไม้วีเนียร์และไม้สัก ขนาด 20 x 20 มม. | E107: * ดูรายละเอียดงานสถาปัตยกรรมภายใน | O107: 0.93490805
C108: ทำสีธรรมชาติ ( ดูแบบขยายผนัง ) | O108: 0.93490805
A109: 2.24 | B109: P5 | C109: ผนังยิปซั่มบอร์ด Multi Wall หนา 15 มม. โครงเคร่า Hot Dip Galvanized Steel | E109: 973 | F109: ตร.ม. | G109: 487 | H109: =G109*O109 -> 455.30022 | I109: =H109*E109 -> 443007.11 | J109: 130 | K109: =J109*O109 -> 121.53805 | L109: =K109*E109 -> 118256.52 | M109: =SUM(I109,L109) -> 561263.63 | O109: 0.93490805
C110: หนา 0.52 มม. (กรุยิปซั่ม 2 ด้าน) | O110: 0.93490805
B111: งานตกแต่งกรุผิวผนังยิปซั่มบอร์ด | O111: 0.93490805
...

Sheet Built
C1: Description | E1: Qty | F1: Unit | I1: Material | L1: Labor | M1: Amount
B2: สรุปราคาค่าก่อสร้างงานสถาปัตยกรรมภายใน
B3: อาคาร Ratchadamnoen Center 2
A4: 1 | B4: งาน LOBBY (ชั้นล่าง) | M4: =M70 -> 250027.13 | O4: =P4*0.934908047 -> 250027.13 | P4: 267435 | Q4: =M4-O4 -> 0
A5: 2 | B5: งานห้อง Workshop (ชั้นล่าง) | M5: =M91 -> 519799.53 | O5: =P5*0.934908047 -> 519799.53 | P5: 555990 | Q5: =M5-O5 -> 0
A6: 3 | B6: งานสำนักงาน 1 (ชั้นล่าง) | M6: =M96 -> 117728.3 | O6: =P6*0.934908047 -> 117728.3 | P6: 125925 | Q6: =M6-O6 -> 0
A7: 4 | B7: งาน Print & Copy 1 (ชั้นล่าง) | M7: =M102 -> 63872.918 | O7: =P7*0.934908047 -> 63872.918 | P7: 68320 | Q7: =M7-O7 -> 0
A8: 5 | B8: งานห้องเตรียมอาหาร 1 (ชั้นล่าง) | M8: =M110 -> 66004.508 | O8: =P8*0.934908047 -> 66004.508 | P8: 70600 | Q8: =M8-O8 -> 0
A9: 6 | B9: งานห้องประชุม 1 (ชั้นลอย) | M9: =M122 -> 168732.2 | O9: =P9*0.934908047 -> 168732.2 | P9: 180480 | Q9: =M9-O9 -> 0
A10: 7 | B10: งาน Print & Copy 2 (ชั้นลอย) | M10: =M128 -> 56398.328 | O10: =P10*0.934908047 -> 56398.328 | P10: 60325 | Q10: =M10-O10 -> 0
A11: 8 | B11: งานสำนักงาน 3 (ชั้น 2) | M11: =M134 -> 87939.788 | O11: =P11*0.934908047 -> 87939.788 | P11: 94062.5 | Q11: =M11-O11 -> 0
A12: 9 | B12: งานห้องเก็บเอกสาร 1 (ชั้น 2) | M12: =M139 -> 112188.97 | O12: =P12*0.934908047 -> 112188.97 | P12: 120000 | Q12: =M12-O12 -> 0
A13: 10 | B13: งาน Print & Copy 3 (ชั้น 2) | M13: =M146 -> 98913.271 | O13: =P13*0.934908047 -> 98913.271 | P13: 105800 | Q13: =M13-O13 -> 0
A14: 11 | B14: งานห้องประชุม 2 (ชั้น 2) | M14: =M158 -> 341045.11 | O14: =P14*0.934908047 -> 341045.11 | P14: 364790 | Q14: =M14-O14 -> 0
A15: 12 | B15: งานห้องประชุม 3 (ชั้น 2) | M15: =M163 -> 50134.444 | O15: =P15*0.934908047 -> 50134.444 | P15: 53625 | Q15: =M15-O15 -> 0
A16: 13 | B16: งานห้องประชุม 4 (ชั้น 2) | M16: =M173 -> 93598.319 | O16: =P16*0.934908047 -> 93598.319 | P16: 100115 | Q16: =M16-O16 -> 0
A17: 14 | B17: งานห้องประชุม 5 (ชั้น 2) | M17: =M183 -> 53490.764 | O17: =P17*0.934908047 -> 53490.764 | P17: 57215 | Q17: =M17-O17 -> 0
A18: 15 | B18: งานสำนักงาน 4 (ชั้น 2) | M18: =M189 -> 87939.788 | O18: =P18*0.934908047 -> 87939.788 | P18: 94062.5 | Q18: =M18-O18 -> 0
A19: 16 | B19: งานห้องเก็บเอกสาร 2 (ชั้น 2) | M19: =M194 -> 153324.92 | O19: =P19*0.934908047 -> 153324.92 | P19: 164000 | Q19: =M19-O19 -> 0
A20: 17 | B20: งาน Print & Copy 4 (ชั้น 2) | M20: =M200 -> 93023.351 | O20: =P20*0.934908047 -> 93023.351 | P20: 99500 | Q20: =M20-O20 -> 0
A21: 18 | B21: งานห้องดิจิตอลแลป (ชั้น 2) | M21: =M204 -> 7946.7184 | O21: =P21*0.934908047 -> 7946.7184 | P21: 8500 | Q21: =M21-O21 -> 0
A22: 19 | B22: งานห้องเตรียมอาหาร 3 (ชั้น 2) | M22: =M213 -> 182236.95 | O22: =P22*0.934908047 -> 182236.95 | P22: 194925 | Q22: =M22-O22 -> 0
A23: 20 | B23: งานสำนักงาน 5 (ชั้น 3) | M23: =M219 -> 109384.24 | O23: =P23*0.934908047 -> 109384.24 | P23: 117000 | Q23: =M23-O23 -> 0
A24: 21 | B24: งานห้องเก็บเอกสาร 3 (ชั้น 3) | M24: =M226 -> 162253.29 | O24: =P24*0.934908047 -> 162253.29 | P24: 173550 | Q24: =M24-O24 -> 0
O25: =P25*0.934908047 -> 0 | Q25: =M25-O25 -> 0
O26: =P26*0.934908047 -> 0 | Q26: =M26-O26 -> 0
A27: 22 | B27: งาน Print & Copy 5 (ชั้น 3) | M27: =M232 -> 55393.302 | O27: =P27*0.934908047 -> 55393.302 | P27: 59250 | Q27: =M27-O27 -> 0
A28: 23 | B28: งานห้องประชุม 6 (ชั้น 3) | M28: =M241 -> 691084.03 | O28: =P28*0.934908047 -> 691084.03 | P28: 739200 | Q28: =M28-O28 -> 0
A29: 24 | B29: งานสำนักงาน 6 (ชั้น 3) | M29: =M248 -> 414094.15 | O29: =P29*0.934908047 -> 414094.15 | P29: 442925 | Q29: =M29-O29 -> 0
A30: 25 | B30: งาน Print & Copy 6 (ชั้น 3) | M30: =M254 -> 39125.902 | O30: =P30*0.934908047 -> 39125.902 | P30: 41850 | Q30: =M30-O30 -> 0
A31: 26 | B31: งานห้องเตรียมอาหาร 3 (ชั้น 3) | M31: =M263 -> 185906.47 | O31: =P31*0.934908047 -> 185906.47 | P31: 198850 | Q31: =M31-O31 -> 0
A32: 27 | B32: งานห้องเตรียมอาหาร 4 (ชั้น 3) | M32: =M270 -> 85637.577 | O32: =P32*0.934908047 -> 85637.577 | P32: 91600 | Q32: =M32-O32 -> 0
A33: 28 | B33: งานห้องสมุดและพักผ่อน (ชั้นดาดฟ้า) | M33: =M284 -> 884119.17 | O33: =P33*0.934908047 -> 884119.17 | P33: 945675 | Q33: =M33-O33 -> 0
O34: =P34*0.934899332 -> 0 | Q34: =M34-O34 -> 0
B35: รวมราคางานสถาปัตยกรรมภายใน อาคาร Ratchadamnoen Center 2 | M35: =SUM(M4:M34) -> 5231343.4 | O35: =SUM(O4:O34) -> 5231343.4 | P35: =SUM(P4:P34) -> 5595570 | Q35: =M35-O35 -> 0
A54: 1 | B54: งาน LOBBY (ชั้นล่าง)
A56: 1.1 | B56: งานผนัง
B57: P3.1 | C57: ผนังกระจก U GLASS ขนาด 262 x 60 x 7 มม. รุ่น Clarissimo + รุ่น Clarissimo | E57: * ดูรายละเอียดงานผนังและผิวผนัง
B58: - | C58: งานกระจก | E58: * ดูรายละเอียดงานผนังและผิวผนัง
B59: - | C59: งานโครงเคร่าเหล็กประกอบงานผนัง พร้อมงานทาสี | E59: * ดูรายละเอียดวิศวกรรมโครงสร้าง
B60: - | C60: ผนังโครงไม้จ๊อยท์ตะแบก ขนาด 25 x 45 มม. @500 มม. | E60: 11 | F60: ตร.ม. | G60: 950 | H60: =G60*O60 -> 888.16264 | I60: =E60*H60 -> 9769.7891 | J60: 285 | K60: =J60*O60 -> 266.44879 | L60: =E60*K60 -> 2930.9367 | M60: =SUM(I60+L60) -> 12700.726 | O60: 0.93490805
C61: กรุไม้อัด HMR หนา 4 มม. กรุลามิเนต สีดำด้าน(เสนออนุมัติ) | O61: 0.93490805
B62: - | C62: ผนังโครงไม้จ๊อยท์ตะแบก ขนาด 25 x 45 มม. @500 มม. | E62: 3 | F62: ตร.ม. | G62: 950 | H62: =G62*O62 -> 888.16264 | I62: =E62*H62 -> 2664.4879 | J62: 285 | K62: =J62*O62 -> 266.44879 | L62: =E62*K62 -> 799.34638 | M62: =SUM(I62+L62) -> 3463.8343 | O62: 0.93490805
C63: กรุไม้อัด HMR หนา 4 มม. กรุลามิเนต สีขาว (เสนออนุมัติ) | O63: 0.93490805
B64: - | C64: โครงสร้างเหล็ก Steel Square Tube 50x50x2.3 @500 mm. | E64: 9 | F64: ตร.ม. | G64: 850 | H64: =G64*O64 -> 794.67184 | I64: =E64*H64 -> 7152.0466 | J64: 255 | K64: =J64*O64 -> 238.40155 | L64: =E64*K64 -> 2145.614 | M64: =SUM(I64+L64) -> 9297.6605 | O64: 0.93490805
C65: สำหรับติดตั้ง จอ LED VIDEO WALL | O65: 0.93490805
A66: 1.2 | B66: งานครุภัณฑ์ | O66: 0.93490805
B67: BF.T 06 | C67: โต๊ะ (ตามแบบ IN1008) ขนาด กว้าง 1.00xยาว 4.90xสูง 1.00 ม. | E67: 1 | F67: ชุด | G67: 73500 | H67: =G67*O67 -> 68715.741 | I67: =E67*H67 -> 68715.741 | J67: 0 | L67: 0 | M67: =SUM(I67) -> 68715.741 | O67: 0.93490805
B68: BF.SC00 | C68: ตู้เก็บของ (ตามแบบ IN1008) | E68: 1 | F68: ชุด | G68: 12000 | H68: =G68*O68 -> 11218.897 | I68: =E68*H68 -> 11218.897 | J68: 0 | L68: 0 | M68: =SUM(I68) -> 11218.897 | O68: 0.93490805
B69: BF.C 01 | C69: เก้าอี้พักรอ LOBBY | E69: 1 | F69: ชุด | G69: 154700 | H69: =G69*O69 -> 144630.27 | I69: =E69*H69 -> 144630.27 | J69: 0 | L69: 0 | M69: =SUM(I69) -> 144630.27 | O69: 0.93490805
B70: รวมราคางาน LOBBY (ชั้นล่าง) | M70: =SUM(M60:M69) -> 250027.13 | O70: 0.93490805
O71: 0.93490805
A72: 2 | B72: งานห้อง Workshop (ชั้นล่าง) | O72: 0.93490805
A73: 2.1 | B73: งานผนัง | O73: 0.93490805
B74: P4.2 | C74: ผนังกรุผิวไม้อัดยางหนา 4 มม. และแผ่นลามิเนทลายโลหะ ( ดูแบบขยายผนัง ) | E74: 64 | F74: ตร.ม. | G74: 1650 | H74: =G74*O74 -> 1542.5983 | I74: =E74*H74 -> 98726.29 | J74: 495 | K74: =J74*O74 -> 462.77948 | L74: =E74*K74 -> 29617.887 | M74: =SUM(L74+I74) -> 128344.18 | O74: 0.93490805
B75: P4.3 | C75: ผนังกรุผิวไม้อัดยางหนา 4 มม. และแผ่นไม้วีเนียร์ ( ดูแบบขยายผนัง ) | E75: 25 | F75: ตร.ม. | G75: 850 | H75: =G75*O75 -> 794.67184 | I75: =E75*H75 -> 19866.796 | J75: 255 | K75: =J75*O75 -> 238.40155 | L75: =E75*K75 -> 5960.0388 | M75: =SUM(L75+I75) -> 25826.835 | O75: 0.93490805
B76: P5.2 | C76: งานกรุผิวไม้อัดยางหนา 4 มม. และแผ่นลามิเนทลายโลหะ ( ดูแบบขยายผนัง ) | E76: 15 | F76: ตร.ม. | G76: 1650 | H76: =G76*O76 -> 1542.5983 | I76: =E76*H76 -> 23138.974 | J76: 495 | K76: =J76*O76 -> 462.77948 | L76: =E76*K76 -> 6941.6922 | M76: =SUM(L76+I76) -> 30080.666 | O76: 0.93490805 | P76: ค่าแรงตัวคูณผิด | Q76: 809325
C77: ผนังเลื่อนกั้นห้อง (Operable Wall) กว้าง 5.95 เมตร สูง 3.00 เมตร ผิวกรุลามิเนท | E77: 1 | F77: ชุด | G77: 200000 | H77: =G77*O77 -> 186981.61 | I77: =E77*H77 -> 186981.61 | J77: 0 | K77: =J77*O77 -> 0 | L77: =E77*K77 -> 0 | M77: =SUM(I77) -> 186981.61 | O77: 0.93490805 | P77: =E76*J76 -> 7425
B78: ส่วน Connecting void. | O78: 0.93490805
B79: P4.2 | C79: ผนังกรุผิวไม้อัดยางหนา 4 มม. และแผ่นลามิเนทลายโลหะ ( ดูแบบขยายผนัง ) | E79: 58 | F79: ตร.ม. | G79: 1650 | H79: =G79*O79 -> 1542.5983 | I79: =E79*H79 -> 89470.7 | J79: 495 | K79: =J79*O79 -> 462.77948 | L79: =E79*K79 -> 26841.21 | M79: =SUM(L79+I79) -> 116311.91 | O79: 0.93490805
O80: 0.93490805
A81: 2.2 | B81: งานฝ้าเพดาน | O81: 0.93490805
B82: C1.2 | C82: ฝ้าเพดานโครงสร้างเหล็ก แต่งผิวทำสีน้ำมันอัลคิด (สีพ่น) ดูแบบขยาย | E82: * ดูรายละเอียดงานฝ้าเพดาน | O82: 0.93490805
B83: C3.2 | C83: ฝ้าเพดานกรุไม้อัดสัก หนา 4 มม. โครงคร่าวไม้ 1''x 2'' # 300 x 300 มม. | E83: 30 | F83: ตร.ม. | G83: 850 | H83: =G83*O83 -> 794.67184 | I83: =E83*H83 -> 23840.155 | J83: 300 | K83: =J83*O83 -> 280.47241 | L83: =E83*K83 -> 8414.1724 | M83: =SUM(L83+I83) -> 32254.328 | O83: 0.93490805
O84: 0.93490805
O85: 0.93490805
A86: 2.3 | B86: งานโครงสร้างเหล็กรับผนังและฝ้าเพดาน | O86: 0.93490805
B87: - | C87: โครง Steel Tube 50x50 mm. (ดูแบบขยายวิศวกรรม) | E87: *ดูรายละเอียดวิศวกรรม | O87: 0.93490805
B88: - | C88: H-BEAM 250 x 250 | E88: *ดูรายละเอียดวิศวกรรม | O88: 0.93490805
B89: - | C89: Steel Plat THK 5 mm. | E89: *ดูรายละเอียดวิศวกรรม | O89: 0.93490805
B90: - | C90: งานทาสีน้ำมันอัลคิด โครงสร้างเหล็กทั้งหมด | E90: *ดูรายละเอียดวิศวกรรม | O90: 0.93490805
B91: รวมราคางานห้อง Workshop (ชั้นล่าง) | M91: =SUM(M73:M90) -> 519799.53 | O91: 0.93490805
O92: 0.93490805
A93: 3 | B93: งานสำนักงาน 1 (ชั้นล่าง) | O93: 0.93490805
A94: 3.1 | B94: งานครุภัณฑ์ | O94: 0.93490805
B95: BF.T 01 | C95: เคาน์เตอร์สำนักงาน 1 กรุหินสังเคราะห์ ขนาด กว้าง 1.20xยาว 3.65 x 1.00 เมตร | E95: 3.65 | F95: เมตร | G95: 34500 | H95: =G95*O95 -> 32254.328 | I95: =E95*H95 -> 117728.3 | J95: 0 | L95: 0 | M95: =SUM(I95) -> 117728.3 | O95: 0.93490805
B96: รวมราคางานสำนักงาน 1 (ชั้นล่าง) | M96: =SUM(M95) -> 117728.3 | O96: 0.93490805
O97: 0.93490805
A98: 4 | B98: งาน Print & Copy 1 (ชั้นล่าง) | O98: 0.93490805
A99: 4.1 | B99: งานครุภัณฑ์ | O99: 0.93490805
B100: BF.R 05 | C100: ตู้เอกสาร (ตามแบบ IN1032) | D100: กว้าง 0.40xยาว 3.10xสูง 2.20 เมตร | E100: 3.1 | F100: เมตร | G100: 17000 | H100: =G100*O100 -> 15893.437 | I100: =E100*H100 -> 49269.654 | J100: 0 | L100: 0 | M100: =SUM(I100) -> 49269.654 | O100: 0.93490805
C101: ตู้เอกสาร (ตามแบบ IN1032) | D101: กว้าง 0.60xยาว 1.562xสูง 1.00 เมตร | E101: 1.562 | F101: เมตร | G101: 10000 | H101: =G101*O101 -> 9349.0805 | I101: =E101*H101 -> 14603.264 | J101: 0 | L101: 0 | M101: =SUM(I101) -> 14603.264 | O101: 0.93490805
B102: รวมราคางาน Print & Copy 1 (ชั้นล่าง) | M102: =SUM(M100:M101) -> 63872.918 | O102: 0.93490805
O103: 0.93490805
A104: 5 | B104: งานห้องเตรียมอาหาร 1 (ชั้นล่าง) | O104: 0.93490805
A105: 5.1 | B105: งานครุภัณฑ์ | O105: 0.93490805
B106: BF.P 01 | C106: เคาน์เตอร์เตรียมอาหารพร้อมตู้แขวน | D106: ขนาด 0.60 x 2.20 x 0.85 ม. | E106: 2.2 | F106: เมตร | G106: 18000 | H106: =G106*O106 -> 16828.345 | I106: =E106*H106 -> 37022.359 | J106: 0 | L106: 0 | M106: =SUM(I106) -> 37022.359 | O106: 0.93490805
C107: พร้อมตู้ลอยเหนือเคาน์เตอร์ | D107: ขนาด 0.35 x 2.20 x 0.75 ม. | E107: 2.2 | F107: เมตร | G107: 10000 | H107: =G107*O107 -> 9349.0805 | I107: =E107*H107 -> 20567.977 | J107: 0 | L107: 0 | M107: =SUM(I107) -> 20567.977 | O107: 0.93490805
B108: - | C108: Pantry Sink | E108: 1 | F108: ชุด | G108: 6500 | H108: =G108*O108 -> 6076.9023 | I108: =E108*H108 -> 6076.9023 | L108: 0 | M108: =SUM(I108) -> 6076.9023 | O108: 0.93490805
B109: - | C109: ก๊อกอ่างซิงค์ พร้อมอุปกรณ์ประกอบครบชุด | E109: 1 | F109: ชุด | G109: 2500 | H109: =G109*O109 -> 2337.2701 | I109: =E109*H109 -> 2337.2701 | J109: 0 | L109: 0 | M109: =SUM(I109) -> 2337.2701 | O109: 0.93490805
B110: รวมราคางานห้องเตรียมอาหาร 1 (ชั้นล่าง) | M110: =SUM(M106:M109) -> 66004.508 | O110: 0.93490805
O111: 0.93490805
A112: 6 | B112: งานห้องประชุม 1 (ชั้นลอย) | O112: 0.93490805
A113: 6.1 | B113: งานผนัง | O113: 0.93490805
B114: P5.1 | C114: ผนังกรุผิวไม้อัดสักหนา 4 มม. และแผ่นไม้วีเนียร์ ( ดูแบบขยายผนัง ) | E114: 6 | F114: ตร.ม. | G114: 850 | H114: =G114*O114 -> 794.67184 | I114: =E114*H114 -> 4768.031 | J114: 255 | K114: =J114*O114 -> 238.40155 | L114: =E114*K114 -> 1430.4093 | M114: =SUM(L114+I114) -> 6198.4404 | O114: 0.93490805
B115: P5.4 | C115: ผนังกรุผิวไม้อัดยางหนา 4 มม. ทับหน้าด้วยไม้วีเนียร์และไม้สัก ขนาด 20 x 20 มม. | O115: 0.93490805
B116: - | C116: ผนังกรุผิวไม้อัดยางหนา 4 มม. ทับหน้าด้วยไม้สัก ขนาด 20 x 20 มม. ทำสีธรรมชาติ | E116: 25 | F116: ตร.ม. | G116: 1350 | H116: =G116*O116 -> 1262.1259 | I116: =E116*H116 -> 31553.147 | J116: 450 | K116: =J116*O116 -> 420.70862 | L116: =E116*K116 -> 10517.716 | M116: =SUM(L116+I116) -> 42070.862 | O116: 0.93490805
B117: - | C117: ผนังกรุผิวไม้อัดยางหนา 4 มม. ทับหน้าด้วยไม้วีเนียร์ | E117: 10 | F117: ตร.ม. | G117: 850 | H117: =G117*O117 -> 794.67184 | I117: =E117*H117 -> 7946.7184 | J117: 255 | K117: =J117*O117 -> 238.40155 | L117: =E117*K117 -> 2384.0155 | M117: =SUM(L117+I117) -> 10330.734 | O117: 0.93490805
B118: - | C118: Top ไม้สักหนา 25 มม. ทำสีธรรมชาติ | E118: 10 | F118: เมตร | G118: 500 | H118: =G118*O118 -> 467.45402 | I118: =E118*H118 -> 4674.5402 | J118: 100 | K118: =J118*O118 -> 93.490805 | L118: =E118*K118 -> 934.90805 | M118: =SUM(L118+I118) -> 5609.4483 | O118: 0.93490805
B119: P5.6 | C119: ผนังกรุผิวไม้อัดยางหนา 4 มม.และแผ่นลามิเนทสีเรียบโครงคร่าวประกอบขึ้นจากไม้จ๊อย | E119: 8 | F119: ตร.ม. | G119: 1000 | H119: =G119*O119 -> 934.90805 | I119: =E119*H119 -> 7479.2644 | J119: 300 | K119: =J119*O119 -> 280.47241 | L119: =E119*K119 -> 2243.7793 | M119: =SUM(L119+I119) -> 9723.0437 | O119: 0.93490805
...

Sheet Str
A1: ลำดับ | C1: Description | E1: Qty | F1: Unit | G1: ราคาวัสดุสิ่งของ | H1: Rate | I1: Material | J1: ค่าแรงงาน | K1: RAte | L1: Labor | M1: Amount | N1: หมายเหตุ
C2: สรุปราคาค่าก่อสร้างงานโครงสร้าง
C3: อาคาร Ratchadamnoen Center 2
A4: 1 | D4: อาคารห้องน้ำและห้องเตรียมอาหาร | M4: =M181 -> 2841633.4 | O4: =P4*0.934908047 -> 2841633.4 | P4: 3039479
A5: 2 | D5: อาคารโถงลิฟท์ | M5: =M308 -> 725488.87 | O5: =P5*0.934908047 -> 725488.87 | P5: 776000.24
A6: 3 | D6: บันได ST6 | M6: =M322 -> 43085.168 | O6: =P6*0.934908047 -> 43085.172 | P6: 46084.93
A7: 4 | D7: โครงสร้างทางเข้าอาคาร | M7: =M446 -> 132959.02 | O7: =P7*0.934908047 -> 132959.01 | P7: 142216.14
A8: 5 | D8: โครงสร้างชั้นลอย | M8: =M475 -> 3168993.6 | O8: =P8*0.934908047 -> 3168993.6 | P8: 3389631.4
A9: 6 | D9: โครงสร้างเพดานห้อง WORKSHOP | M9: =M494 -> 145432.5 | O9: =P9*0.934908047 -> 145432.5 | P9: 155558.08
A10: 7 | D10: โครงสร้างพื้นชั้น 2 | M10: =M534 -> 376822.58 | O10: =P10*0.934908047 -> 376822.58 | P10: 403058.44
A11: 8 | D11: โครงสร้างโครงหลังคาดาดฟ้า ห้องสนามหลวง/ห้องศาสนา | M11: =M569 -> 406080.11 | O11: =P11*0.934908047 -> 406080.11 | P11: 434353
A12: 9 | D12: โครงสร้างหลังคาอาคารหลัก | M12: =M605 -> 874869.25 | O12: =P12*0.934908047 -> 874869.25 | P12: 935781.07
A13: 10 | D13: โครงสร้างบ่อและแท่นคสล.สำหรับงานระบบ | M13: =M678 -> 411813.34 | O13: =P13*0.934908047 -> 411813.34 | P13: 440485.39
A14: 11 | D14: งานซ่อมแซมโครงสร้างอาคารเดิม | M14: =M686 -> 739182.81 | O14: =P14*0.934908047 -> 739182.81 | P14: 790647.61
O15: =P15*0.934899332 -> 0
D16: รวมราคาค่าก่อสร้างงานวิศวกรรมโครงสร้าง | M16: =SUM(M4:M15) -> 9866360.7 | O16: =SUM(O4:O15) -> 9866360.7 | P16: =SUM(P4:P15) -> 10553295
C26: อาคารห้องน้ำและห้องเตรียมอาหาร
A28: 1 | C28: อาคารห้องน้ำและห้องเตรียมอาหาร
C29: งานเสาเข็ม
A30: 1.1 | C30: เสาเข็มเจาะระบบแห้งขนาด Dia. 0.35 x 21 ม. | E30: 34 | F30: ต้น | G30: 11500 | H30: =G30*O30 -> 10751.443 | I30: =E30*H30 -> 365549.05 | J30: 0 | K30: =J30*O30 -> 0 | L30: =E30*K30 -> 0 | M30: =I30+L30 -> 365549.05 | O30: 0.93490805
A31: 1.2 | C31: งานตัดหัวเข็ม | E31: 34 | F31: ต้น | G31: 0 | H31: =G31*O31 -> 0 | I31: =E31*H31 -> 0 | J31: 350 | K31: =J31*O31 -> 327.21782 | L31: =E31*K31 -> 11125.406 | M31: =I31+L31 -> 11125.406 | O31: 0.93490805
C32: งานโครงสร้างฐานราก | O32: 0.93490805
A33: 1.3 | C33: งานปรับระดับขุดดินทำฐานราก/ถมกลับ | E33: 57.2 | F33: ลบ.ม. | G33: 0 | H33: =G33*O33 -> 0 | I33: =E33*H33 -> 0 | J33: 112 | K33: =J33*O33 -> 104.7097 | L33: =E33*K33 -> 5989.3949 | M33: =I33+L33 -> 5989.3949 | O33: 0.93490805
A34: 1.4 | C34: งานถมทรายบดอัดรองฐานราก | E34: 3.3 | F34: ลบ.ม. | G34: 508.33 | H34: =G34*O34 -> 475.24181 | I34: =E34*H34 -> 1568.298 | J34: 104 | K34: =J34*O34 -> 97.230437 | L34: =E34*K34 -> 320.86044 | M34: =I34+L34 -> 1889.1584 | O34: 0.93490805
A35: 1.5 | C35: งานคอนกรีตหยาบรองฐานราก | E35: 3.3 | F35: ลบ.ม. | G35: 2460 | H35: =G35*O35 -> 2299.8738 | I35: =E35*H35 -> 7589.5835 | J35: 426 | K35: =J35*O35 -> 398.27083 | L35: =E35*K35 -> 1314.2937 | M35: =I35+L35 -> 8903.8773 | O35: 0.93490805
A36: 1.6 | C36: งานคอนกรีตโครงสร้าง (fc' 240 ksc, Cyl.) ผสมน้ำยากันซึม | E36: 16.8 | F36: ลบ.ม. | G36: 2117.5 | H36: =G36*O36 -> 1979.6678 | I36: =E36*H36 -> 33258.419 | J36: 519 | K36: =J36*O36 -> 485.21728 | L36: =E36*K36 -> 8151.6502 | M36: =I36+L36 -> 41410.069 | O36: 0.93490805
C37: เหล็กเสริม | O37: 0.93490805
A38: 1.7 | C38: งานเหล็กเสริมคอนกรีต RB 9 (SR-24) | E38: 36.9 | F38: กก. | G38: 19.6 | H38: =G38*O38 -> 18.324198 | I38: =E38*H38 -> 676.1629 | J38: 4.4 | K38: =J38*O38 -> 4.1135954 | L38: =E38*K38 -> 151.79167 | M38: =I38+L38 -> 827.95457 | O38: 0.93490805 | Q38: ราคามีแก้ไขตามกระทรวงพาณิชย์ กทม. ธ.ค.67
A39: 1.8 | C39: งานเหล็กเสริมคอนกรีต DB 12 (SD-40) | F39: กก. | G39: 19.7 | H39: =G39*O39 -> 18.417689 | I39: =E39*H39 -> 0 | J39: 3.6 | K39: =J39*O39 -> 3.365669 | L39: =E39*K39 -> 0 | M39: =I39+L39 -> 0 | O39: 0.93490805 | Q39: ราคามีแก้ไขตามกระทรวงพาณิชย์ กทม. ธ.ค.67
A40: 1.9 | C40: งานเหล็กเสริมคอนกรีต DB 16 (SD-40) | E40: 1030.1 | F40: กก. | G40: 19.5 | H40: =G40*O40 -> 18.230707 | I40: =E40*H40 -> 18779.451 | J40: 3.6 | K40: =J40*O40 -> 3.365669 | L40: =E40*K40 -> 3466.9756 | M40: =I40+L40 -> 22246.427 | O40: 0.93490805 | Q40: ราคามีแก้ไขตามกระทรวงพาณิชย์ กทม. ธ.ค.67
A41: 1.1 | C41: ลวดผูกเหล็ก | E41: 19.1 | F41: กก. | G41: 27.1 | H41: =G41*O41 -> 25.336008 | I41: =E41*H41 -> 483.91775 | J41: 0 | K41: =J41*O41 -> 0 | L41: =E41*K41 -> 0 | M41: =I41+L41 -> 483.91775 | O41: 0.93490805 | Q41: ราคามีแก้ไขตามกระทรวงพาณิชย์ กทม. ธ.ค.67 | R41: =+E41+E53+E68+E80+E107+E129+E150+E171+E196+E210+E236+E267+E289+E334+E351+E369+E387+E404+E421+E438+E471+E510+E529+E593+E617+E636+E653+E670 -> 495.85 | S41: ปริมาณลวด
A42: 1.11 | C42: ไม้แบบ ค้ำยัน นั่งร้าน | O42: 0.93490805
C43: ไม้แบบ ค้ำยัน นั่งร้าน (อาคาร 3 ชั้น ใช้ 60%) | E43: 29.46 | F43: ตร.ม. | G43: 245.2 | H43: =G43*O43 -> 229.23945 | I43: =E43*H43 -> 6753.3943 | J43: 0 | K43: =J43*O43 -> 0 | L43: =E43*K43 -> 0 | M43: =I43+L43 -> 6753.3943 | O43: 0.93490805
C44: ค่าแรงประกอบและติดตั้งไม้แบบหล่อคอนกรีต (ใช้ 100%) | E44: 49.1 | F44: ตร.ม. | G44: 0 | H44: =G44*O44 -> 0 | I44: =E44*H44 -> 0 | J44: 121 | K44: =J44*O44 -> 113.12387 | L44: =E44*K44 -> 5554.3822 | M44: =I44+L44 -> 5554.3822 | O44: 0.93490805
C45: ไม้เคร่า (ใช้ 30% ของไม้แบบ 1 ตร.ม.) | E45: 8.84 | F45: ลบ.ฟ. | G45: 309.42 | H45: =G45*O45 -> 289.27925 | I45: =E45*H45 -> 2557.2286 | J45: 0 | K45: =J45*O45 -> 0 | L45: =E45*K45 -> 0 | M45: =I45+L45 -> 2557.2286 | O45: 0.93490805
C46: ตะปู (ใช้ 25% ของไม้แบบ 1 ตร.ม.) | E46: 7.37 | F46: กก. | G46: 23.36 | H46: =G46*O46 -> 21.839452 | I46: =E46*H46 -> 160.95676 | J46: 0 | K46: =J46*O46 -> 0 | L46: =E46*K46 -> 0 | M46: =I46+L46 -> 160.95676 | O46: 0.93490805 | Q46: ราคามีแก้ไขตามกระทรวงพาณิชย์ กทม. ธ.ค.67
C47: งานเสาชั้นตอม่อ | O47: 0.93490805
A48: 1.12 | C48: งานคอนกรีตโครงสร้าง (fc' 240 ksc, Cyl.) ผสมน้ำยากันซึม | E48: 0.4 | F48: ลบ.ม. | G48: 2117.5 | H48: =G48*O48 -> 1979.6678 | I48: =E48*H48 -> 791.86712 | J48: 519 | K48: =J48*O48 -> 485.21728 | L48: =E48*K48 -> 194.08691 | M48: =I48+L48 -> 985.95403 | O48: 0.93490805
C49: เหล็กเสริม | O49: 0.93490805
A50: 1.13 | C50: งานเหล็กเสริมคอนกรีต RB 9 (SR-24) | E50: 64.2 | F50: กก. | G50: 19.6 | H50: =G50*O50 -> 18.324198 | I50: =E50*H50 -> 1176.4135 | J50: 4.4 | K50: =J50*O50 -> 4.1135954 | L50: =E50*K50 -> 264.09283 | M50: =I50+L50 -> 1440.5063 | O50: 0.93490805 | Q50: ราคามีแก้ไขตามกระทรวงพาณิชย์ กทม. ธ.ค.67
A51: 1.14 | C51: งานเหล็กเสริมคอนกรีต DB 12 (SD-40) | F51: กก. | G51: 19.7 | H51: =G51*O51 -> 18.417689 | I51: =E51*H51 -> 0 | J51: 3.6 | K51: =J51*O51 -> 3.365669 | L51: =E51*K51 -> 0 | M51: =I51+L51 -> 0 | O51: 0.93490805 | Q51: ราคามีแก้ไขตามกระทรวงพาณิชย์ กทม. ธ.ค.67
A52: 1.15 | C52: งานเหล็กเสริมคอนกรีต DB 16 (SD-40) | E52: 227.3 | F52: กก. | G52: 19.5 | H52: =G52*O52 -> 18.230707 | I52: =E52*H52 -> 4143.8397 | J52: 3.6 | K52: =J52*O52 -> 3.365669 | L52: =E52*K52 -> 765.01656 | M52: =I52+L52 -> 4908.8562 | O52: 0.93490805 | Q52: ราคามีแก้ไขตามกระทรวงพาณิชย์ กทม. ธ.ค.67
A53: 1.16 | C53: ลวดผูกเหล็ก | E53: 5.2 | F53: กก. | G53: 27.1 | H53: =G53*O53 -> 25.336008 | I53: =E53*H53 -> 131.74724 | J53: 0 | K53: =J53*O53 -> 0 | L53: =E53*K53 -> 0 | M53: =I53+L53 -> 131.74724 | O53: 0.93490805 | Q53: ราคามีแก้ไขตามกระทรวงพาณิชย์ กทม. ธ.ค.67
A54: 1.17 | C54: ไม้แบบ ค้ำยัน นั่งร้าน | O54: 0.93490805
C55: ไม้แบบ ค้ำยัน นั่งร้าน (อาคาร 3 ชั้น ใช้ 60%) | E55: 7.92 | F55: ตร.ม. | G55: 245.2 | H55: =G55*O55 -> 229.23945 | I55: =E55*H55 -> 1815.5765 | J55: 0 | K55: =J55*O55 -> 0 | L55: =E55*K55 -> 0 | M55: =I55+L55 -> 1815.5765 | O55: 0.93490805
C56: ค่าแรงประกอบและติดตั้งไม้แบบหล่อคอนกรีต (ใช้ 100%) | E56: 13.2 | F56: ตร.ม. | G56: 0 | H56: =G56*O56 -> 0 | I56: =E56*H56 -> 0 | J56: 121 | K56: =J56*O56 -> 113.12387 | L56: =E56*K56 -> 1493.2351 | M56: =I56+L56 -> 1493.2351 | O56: 0.93490805
C57: ไม้เคร่า (ใช้ 30% ของไม้แบบ 1 ตร.ม.) | E57: 2.38 | F57: ลบ.ฟ. | G57: 309.42 | H57: =G57*O57 -> 289.27925 | I57: =E57*H57 -> 688.48461 | J57: 0 | K57: =J57*O57 -> 0 | L57: =E57*K57 -> 0 | M57: =I57+L57 -> 688.48461 | O57: 0.93490805
C58: ตะปู (ใช้ 25% ของไม้แบบ 1 ตร.ม.) | E58: 1.98 | F58: กก. | G58: 23.36 | H58: =G58*O58 -> 21.839452 | I58: =E58*H58 -> 43.242115 | J58: 0 | K58: =J58*O58 -> 0 | L58: =E58*K58 -> 0 | M58: =I58+L58 -> 43.242115 | O58: 0.93490805 | Q58: ราคามีแก้ไขตามกระทรวงพาณิชย์ กทม. ธ.ค.67
O59: 0.93490805
C60: งานโครงสร้าง เสา คาน พื้นชั้น 1 | O60: 0.93490805
C61: คาน | O61: 0.93490805
A62: 1.18 | C62: งานคอนกรีตโครงสร้าง (fc' 240 ksc, Cyl.) ผสมน้ำยากันซึม | E62: 10.8 | F62: ลบ.ม. | G62: 2117.5 | H62: =G62*O62 -> 1979.6678 | I62: =E62*H62 -> 21380.412 | J62: 519 | K62: =J62*O62 -> 485.21728 | L62: =E62*K62 -> 5240.3466 | M62: =I62+L62 -> 26620.759 | O62: 0.93490805
A63: 1.19 | C63: งานคอนกรีตหยาบรองท้องคาน (fc' 150 ksc, Cyl.) | E63: 2.2 | F63: ลบ.ม. | G63: 1937.5 | H63: =G63*O63 -> 1811.3843 | I63: =E63*H63 -> 3985.0456 | J63: 519 | K63: =J63*O63 -> 485.21728 | L63: =E63*K63 -> 1067.478 | M63: =I63+L63 -> 5052.5236 | O63: 0.93490805
C64: เหล็กเสริม | O64: 0.93490805
A65: 1.2 | C65: งานเหล็กเสริมคอนกรีต RB 9 (SR-24) | E65: 336.3 | F65: กก. | G65: 19.6 | H65: =G65*O65 -> 18.324198 | I65: =E65*H65 -> 6162.4277 | J65: 4.4 | K65: =J65*O65 -> 4.1135954 | L65: =E65*K65 -> 1383.4021 | M65: =I65+L65 -> 7545.8298 | O65: 0.93490805 | Q65: ราคามีแก้ไขตามกระทรวงพาณิชย์ กทม. ธ.ค.67
A66: 1.21 | C66: งานเหล็กเสริมคอนกรีต DB 12 (SD-40) | F66: กก. | G66: 19.7 | H66: =G66*O66 -> 18.417689 | I66: =E66*H66 -> 0 | J66: 3.6 | K66: =J66*O66 -> 3.365669 | L66: =E66*K66 -> 0 | M66: =I66+L66 -> 0 | O66: 0.93490805 | Q66: ราคามีแก้ไขตามกระทรวงพาณิชย์ กทม. ธ.ค.67
A67: 1.22 | C67: งานเหล็กเสริมคอนกรีต DB 16 (SD-40) | E67: 805.7 | F67: กก. | G67: 19.5 | H67: =G67*O67 -> 18.230707 | I67: =E67*H67 -> 14688.481 | J67: 3.6 | K67: =J67*O67 -> 3.365669 | L67: =E67*K67 -> 2711.7195 | M67: =I67+L67 -> 17400.2 | O67: 0.93490805 | Q67: ราคามีแก้ไขตามกระทรวงพาณิชย์ กทม. ธ.ค.67
A68: 1.23 | C68: ลวดผูกเหล็ก | E68: 20.6 | F68: กก. | G68: 27.1 | H68: =G68*O68 -> 25.336008 | I68: =E68*H68 -> 521.92177 | J68: 0 | K68: =J68*O68 -> 0 | L68: =E68*K68 -> 0 | M68: =I68+L68 -> 521.92177 | O68: 0.93490805 | Q68: ราคามีแก้ไขตามกระทรวงพาณิชย์ กทม. ธ.ค.67
A69: 1.24 | C69: ไม้แบบ ค้ำยัน นั่งร้าน | O69: 0.93490805
C70: ไม้แบบ ค้ำยัน นั่งร้าน (อาคาร 3 ชั้น ใช้ 60%) | E70: 59.16 | F70: ตร.ม. | G70: 245.2 | H70: =G70*O70 -> 229.23945 | I70: =E70*H70 -> 13561.806 | J70: 0 | K70: =J70*O70 -> 0 | L70: =E70*K70 -> 0 | M70: =I70+L70 -> 13561.806 | O70: 0.93490805
C71: ค่าแรงประกอบและติดตั้งไม้แบบหล่อคอนกรีต (ใช้ 100%) | E71: 98.6 | F71: ตร.ม. | G71: 0 | H71: =G71*O71 -> 0 | I71: =E71*H71 -> 0 | J71: 121 | K71: =J71*O71 -> 113.12387 | L71: =E71*K71 -> 11154.014 | M71: =I71+L71 -> 11154.014 | O71: 0.93490805
C72: ไม้เคร่า (ใช้ 30% ของไม้แบบ 1 ตร.ม.) | E72: 17.75 | F72: ลบ.ฟ. | G72: 309.42 | H72: =G72*O72 -> 289.27925 | I72: =E72*H72 -> 5134.7067 | J72: 0 | K72: =J72*O72 -> 0 | L72: =E72*K72 -> 0 | M72: =I72+L72 -> 5134.7067 | O72: 0.93490805
C73: ตะปู (ใช้ 25% ของไม้แบบ 1 ตร.ม.) | E73: 14.79 | F73: กก. | G73: 23.36 | H73: =G73*O73 -> 21.839452 | I73: =E73*H73 -> 323.00549 | J73: 0 | K73: =J73*O73 -> 0 | L73: =E73*K73 -> 0 | M73: =I73+L73 -> 323.00549 | O73: 0.93490805 | Q73: ราคามีแก้ไขตามกระทรวงพาณิชย์ กทม. ธ.ค.67
C74: พื้น | O74: 0.93490805
A75: 1.25 | C75: งานคอนกรีตโครงสร้าง (fc' 240 ksc, Cyl.) ผสมน้ำยากันซึม | E75: 11.9 | F75: ลบ.ม. | G75: 2117.5 | H75: =G75*O75 -> 1979.6678 | I75: =E75*H75 -> 23558.047 | J75: 519 | K75: =J75*O75 -> 485.21728 | L75: =E75*K75 -> 5774.0856 | M75: =I75+L75 -> 29332.132 | O75: 0.93490805
C76: เหล็กเสริม | O76: 0.93490805
A77: 1.26 | C77: งานเหล็กเสริมคอนกรีต RB 9 (SR-24) | F77: กก. | G77: 19.6 | H77: =G77*O77 -> 18.324198 | I77: =E77*H77 -> 0 | J77: 4.4 | K77: =J77*O77 -> 4.1135954 | L77: =E77*K77 -> 0 | M77: =I77+L77 -> 0 | O77: 0.93490805 | Q77: ราคามีแก้ไขตามกระทรวงพาณิชย์ กทม. ธ.ค.67
A78: 1.27 | C78: งานเหล็กเสริมคอนกรีต DB 12 (SD-40) | E78: 2565.1 | F78: กก. | G78: 19.7 | H78: =G78*O78 -> 18.417689 | I78: =E78*H78 -> 47243.213 | J78: 3.6 | K78: =J78*O78 -> 3.365669 | L78: =E78*K78 -> 8633.2775 | M78: =I78+L78 -> 55876.49 | O78: 0.93490805 | Q78: ราคามีแก้ไขตามกระทรวงพาณิชย์ กทม. ธ.ค.67
A79: 1.28 | C79: งานเหล็กเสริมคอนกรีต DB 16 (SD-40) | F79: กก. | G79: 19.5 | H79: =G79*O79 -> 18.230707 | I79: =E79*H79 -> 0 | J79: 3.6 | K79: =J79*O79 -> 3.365669 | L79: =E79*K79 -> 0 | M79: =I79+L79 -> 0 | O79: 0.93490805 | Q79: ราคามีแก้ไขตามกระทรวงพาณิชย์ กทม. ธ.ค.67
A80: 1.29 | C80: ลวดผูกเหล็ก | E80: 46.6 | F80: กก. | G80: 27.1 | H80: =G80*O80 -> 25.336008 | I80: =E80*H80 -> 1180.658 | J80: 0 | K80: =J80*O80 -> 0 | L80: =E80*K80 -> 0 | M80: =I80+L80 -> 1180.658 | O80: 0.93490805 | Q80: ราคามีแก้ไขตามกระทรวงพาณิชย์ กทม. ธ.ค.67
A81: 1.3 | C81: ไม้แบบ ค้ำยัน นั่งร้าน | O81: 0.93490805
C82: ไม้แบบ ค้ำยัน นั่งร้าน (อาคาร 3 ชั้น ใช้ 60%) | E82: 56.88 | F82: ตร.ม. | G82: 245.2 | H82: =G82*O82 -> 229.23945 | I82: =E82*H82 -> 13039.14 | J82: 0 | K82: =J82*O82 -> 0 | L82: =E82*K82 -> 0 | M82: =I82+L82 -> 13039.14 | O82: 0.93490805
C83: ค่าแรงประกอบและติดตั้งไม้แบบหล่อคอนกรีต (ใช้ 100%) | E83: 94.8 | F83: ตร.ม. | G83: 0 | H83: =G83*O83 -> 0 | I83: =E83*H83 -> 0 | J83: 121 | K83: =J83*O83 -> 113.12387 | L83: =E83*K83 -> 10724.143 | M83: =I83+L83 -> 10724.143 | O83: 0.93490805
C84: ไม้เคร่า (ใช้ 30% ของไม้แบบ 1 ตร.ม.) | E84: 17.07 | F84: ลบ.ฟ. | G84: 309.42 | H84: =G84*O84 -> 289.27925 | I84: =E84*H84 -> 4937.9968 | J84: 0 | K84: =J84*O84 -> 0 | L84: =E84*K84 -> 0 | M84: =I84+L84 -> 4937.9968 | O84: 0.93490805
C85: ตะปู (ใช้ 25% ของไม้แบบ 1 ตร.ม.) | E85: 14.22 | F85: กก. | G85: 23.36 | H85: =G85*O85 -> 21.839452 | I85: =E85*H85 -> 310.55701 | J85: 0 | K85: =J85*O85 -> 0 | L85: =E85*K85 -> 0 | M85: =I85+L85 -> 310.55701 | O85: 0.93490805 | Q85: ราคามีแก้ไขตามกระทรวงพาณิชย์ กทม. ธ.ค.67
A86: 1.31 | C86: ทรายถมปรับระดับ | E86: 9.5 | F86: ลบ.ม. | G86: 508.33 | H86: =G86*O86 -> 475.24181 | I86: =E86*H86 -> 4514.7972 | J86: 112 | K86: =J86*O86 -> 104.7097 | L86: =E86*K86 -> 994.74216 | M86: =I86+L86 -> 5509.5393 | O86: 0.93490805
A87: 1.32 | C87: งานแผ่นพลาสติกปูรองหนา 0.2 มม. | E87: 94.8 | F87: ตร.ม. | G87: 12 | H87: =G87*O87 -> 11.218897 | I87: =E87*H87 -> 1063.5514 | J87: 3.6 | K87: =J87*O87 -> 3.365669 | L87: =E87*K87 -> 319.06542 | M87: =I87+L87 -> 1382.6168 | O87: 0.93490805
C88: เสา | O88: 0.93490805
A89: 1.33 | C89: WF300x200x8x12 mm.-56.8 kg/m | E89: 2249.3 | F89: กก. | G89: 31.66 | H89: =G89*O89 -> 29.599189 | I89: =E89*H89 -> 66577.455 | J89: 14 | K89: =J89*O89 -> 13.088713 | L89: =E89*K89 -> 29440.441 | M89: =I89+L89 -> 96017.897 | O89: 0.93490805
C90: Support | O90: 0.93490805
A91: 1.34 | C91: Steel Plate 15 mm.Thk. | E91: 93.3 | F91: กก. | G91: 27.45 | H91: =G91*O91 -> 25.663226 | I91: =E91*H91 -> 2394.379 | J91: 14 | K91: =J91*O91 -> 13.088713 | L91: =E91*K91 -> 1221.1769 | M91: =I91+L91 -> 3615.5559 | O91: 0.93490805
A92: 1.35 | C92: M20 Anchor J-Bolt | E92: 48 | F92: ชุด | G92: 107.71 | H92: =G92*O92 -> 100.69895 | I92: =E92*H92 -> 4833.5494 | J92: 32.31 | K92: =J92*O92 -> 30.206879 | L92: =E92*K92 -> 1449.9302 | M92: =I92+L92 -> 6283.4796 | O92: 0.93490805
C93: งานสีกันสนิม | O93: 0.93490805
A94: 1.36 | C94: งานสีกันสนิม เหล็ก 1 ตัน ต่อ ทาสี 25 ตร.ม. | E94: 58.6 | F94: ตร.ม. | G94: 28.02 | H94: =G94*O94 -> 26.196123 | I94: =E94*H94 -> 1535.0928 | J94: 30 | K94: =J94*O94 -> 28.047241 | L94: =E94*K94 -> 1643.5683 | M94: =I94+L94 -> 3178.6612 | O94: 0.93490805
A95: 1.37 | C95: งานสีน้ำมัน เหล็ก 1 ตัน ต่อ ทาสี 25 ตร.ม. | E95: 58.6 | F95: ตร.ม. | G95: 32.32 | H95: =G95*O95 -> 30.216228 | I95: =E95*H95 -> 1770.671 | J95: 35 | K95: =J95*O95 -> 32.721782 | L95: =E95*K95 -> 1917.4964 | M95: =I95+L95 -> 3688.1674 | O95: 0.93490805 | Q95: ราคามีแก้ไขตามกระทรวงพาณิชย์ กทม. ธ.ค.67
C97: งานโครงสร้าง เสา คาน พื้นชั้นลอย | O97: 0.93490805
C98: คาน | O98: 0.93490805
A99: 1.38 | C99: WF300x200x8x12 mm.-56.8 kg/m | E99: 6216.8 | F99: กก. | G99: 31.66 | H99: =G99*O99 -> 29.599189 | I99: =E99*H99 -> 184012.24 | J99: 14 | K99: =J99*O99 -> 13.088713 | L99: =E99*K99 -> 81369.909 | M99: =I99+L99 -> 265382.15 | O99: 0.93490805
A100: 1.39 | C100: Steel Plate 12 mm.Thk. | E100: 131.8 | F100: กก. | G100: 24.97 | H100: =G100*O100 -> 23.344654 | I100: =E100*H100 -> 3076.8254 | J100: 14 | K100: =J100*O100 -> 13.088713 | L100: =E100*K100 -> 1725.0923 | M100: =I100+L100 -> 4801.9177 | O100: 0.93490805
C101: พื้น | G101: 0 | H101: =G101*O101 -> 0 | I101: =E101*H101 -> 0 | J101: 0 | K101: =J101*O101 -> 0 | L101: =E101*K101 -> 0 | M101: =I101+L101 -> 0 | O101: 0.93490805
A102: 1.4 | C102: งานคอนกรีตโครงสร้าง (fc' 240 ksc, Cyl.) | E102: 12.4 | F102: ลบ.ม. | G102: 2507 | H102: =G102*O102 -> 2343.8145 | I102: =E102*H102 -> 29063.299 | J102: 519 | K102: =J102*O102 -> 485.21728 | L102: =E102*K102 -> 6016.6942 | M102: =I102+L102 -> 35079.994 | O102: 0.93490805
C103: เหล็กเสริม | O103: 0.93490805
A104: 1.41 | C104: งานเหล็กเสริมคอนกรีต RB 9 (SR-24) | F104: กก. | G104: 19.6 | H104: =G104*O104 -> 18.324198 | I104: =E104*H104 -> 0 | J104: 4.4 | K104: =J104*O104 -> 4.1135954 | L104: =E104*K104 -> 0 | M104: =I104+L104 -> 0 | O104: 0.93490805 | Q104: ราคามีแก้ไขตามกระทรวงพาณิชย์ กทม. ธ.ค.67
A105: 1.42 | C105: งานเหล็กเสริมคอนกรีต DB 12 (SD-40) | F105: กก. | G105: 19.7 | H105: =G105*O105 -> 18.417689 | I105: =E105*H105 -> 0 | J105: 3.6 | K105: =J105*O105 -> 3.365669 | L105: =E105*K105 -> 0 | M105: =I105+L105 -> 0 | O105: 0.93490805 | Q105: ราคามีแก้ไขตามกระทรวงพาณิชย์ กทม. ธ.ค.67
A106: 1.43 | C106: งานเหล็กเสริมคอนกรีต DB 16 (SD-40) | E106: 2806.2 | F106: กก. | G106: 19.5 | H106: =G106*O106 -> 18.230707 | I106: =E106*H106 -> 51159.01 | J106: 3.6 | K106: =J106*O106 -> 3.365669 | L106: =E106*K106 -> 9444.7403 | M106: =I106+L106 -> 60603.75 | O106: 0.93490805 | Q106: ราคามีแก้ไขตามกระทรวงพาณิชย์ กทม. ธ.ค.67
A107: 1.44 | C107: ลวดผูกเหล็ก | E107: 51 | F107: กก. | G107: 27.1 | H107: =G107*O107 -> 25.336008 | I107: =E107*H107 -> 1292.1364 | J107: 0 | K107: =J107*O107 -> 0 | L107: =E107*K107 -> 0 | M107: =I107+L107 -> 1292.1364 | O107: 0.93490805 | Q107: ราคามีแก้ไขตามกระทรวงพาณิชย์ กทม. ธ.ค.67
A108: 1.45 | C108: ไม้แบบ ค้ำยัน นั่งร้าน | O108: 0.93490805
C109: ไม้แบบ ค้ำยัน นั่งร้าน (อาคาร 3 ชั้น ใช้ 60%) | E109: 63.54 | F109: ตร.ม. | G109: 245.2 | H109: =G109*O109 -> 229.23945 | I109: =E109*H109 -> 14565.875 | J109: 0 | K109: =J109*O109 -> 0 | L109: =E109*K109 -> 0 | M109: =I109+L109 -> 14565.875 | O109: 0.93490805
C110: ค่าแรงประกอบและติดตั้งไม้แบบหล่อคอนกรีต (ใช้ 100%) | E110: 105.9 | F110: ตร.ม. | G110: 0 | H110: =G110*O110 -> 0 | I110: =E110*H110 -> 0 | J110: 121 | K110: =J110*O110 -> 113.12387 | L110: =E110*K110 -> 11979.818 | M110: =I110+L110 -> 11979.818 | O110: 0.93490805
C111: ไม้เคร่า (ใช้ 30% ของไม้แบบ 1 ตร.ม.) | E111: 19.07 | F111: ลบ.ฟ. | G111: 309.42 | H111: =G111*O111 -> 289.27925 | I111: =E111*H111 -> 5516.5553 | J111: 0 | K111: =J111*O111 -> 0 | L111: =E111*K111 -> 0 | M111: =I111+L111 -> 5516.5553 | O111: 0.93490805
...

Sheet EE
A1: ชื่อโครงการ | D1: =+'RC2_ปร.5 (ก)'!#REF! -> #REF! | J1: หมวดงาน | K1: หมวดงาน | L1: งานระบบไฟฟ้าและสื่อสาร (RKCA 2)
A2: สถานที่ก่อสร้าง | D2: =+'RC2_ปร.5 (ก)'!#REF! -> #REF! | J2: เมื่อวันที่ | K2: เมื่อวันที่ | L2: =+'RC2_ปร.5 (ก)'!#REF! -> #REF!
A3: คำนวณราคากลางโดย | D3: =+'RC2_ปร.5 (ก)'!#REF! -> #REF!
A5: ลำดับ | B5: รายการ | E5: จำนวน | F5: หน่วย | G5: ราคาวัสดุสิ่งของ | J5: ค่าแรงงาน | M5: รวมค่าวัสดุ | N5: หมายเหตุ
G6: ราคา/หน่วย | H6: ราคา/หน่วย | I6: จำนวนเงิน | J6: ราคา/หน่วย | L6: จำนวนเงิน | M6: และแรงงาน
B7: สรุปราคาค่าก่อสร้างงานระบบไฟฟ้าและสื่อสาร
B8: อาคาร Ratchadamnoen Center 2
A9: 1 | B9: ระบบไฟฟ้าแรงสูง | E9: 1 | F9: งาน | I9: =I39 -> 739053.23 | L9: =L39 -> 75554.594 | M9: =I9+L9 -> 814607.82 | O9: =P9*0.934908047 -> 814607.82 | P9: 871324 | Q9: =M9-O9 -> 0
A10: 2 | B10: Unit Substation | E10: 1 | F10: งาน | I10: =I46 -> 1719108.9 | L10: =L46 -> 28047.241 | M10: =I10+L10 -> 1747156.2 | O10: =P10*0.934908047 -> 1747156.2 | P10: 1868800 | Q10: =M10-O10 -> 0
A11: 3 | B11: งานอุปกรณ์ติดตั้งเครื่องกำเนิดไฟฟ้าสำรอง | E11: 1 | F11: งาน | I11: =I54 -> 75461.103 | L11: =L54 -> 9349.0805 | M11: =I11+L11 -> 84810.183 | O11: =P11*0.934908047 -> 84810.183 | P11: 90715 | Q11: =M11-O11 -> 0
A12: 4 | B12: งานอุปกรณ์ติดตั้งเครื่องจ่ายไฟแบบต่อเนื่อง UPS | E12: 1 | F12: งาน | I12: =I61 -> 1041721.3 | L12: =L61 -> 11218.897 | M12: =I12+L12 -> 1052940.2 | O12: =P12*0.934908047 -> 1052940.2 | P12: 1126250 | Q12: =M12-O12 -> 0
A13: 5 | B13: ตู้ไฟฟ้า | E13: 1 | F13: งาน | I13: =I160 -> 1760545 | L13: =L160 -> 48147.764 | M13: =I13+L13 -> 1808692.7 | O13: =P13*0.934908047 -> 1808692.7 | P13: 1934621 | Q13: =M13-O13 -> 0
A14: 6 | B14: สายไฟฟ้า | E14: 1 | F14: งาน | I14: =I185 -> 1590806.2 | L14: =L185 -> 714927.92 | M14: =I14+L14 -> 2305734.2 | O14: =P14*0.934908047 -> 2305734.2 | P14: 2466268.4 | Q14: =M14-O14 -> 0
A15: 7 | B15: ท่อและรางเดินสายไฟฟ้า | E15: 1 | F15: งาน | I15: =I206 -> 1279605.7 | L15: =L206 -> 623665 | M15: =I15+L15 -> 1903270.8 | O15: =P15*0.934908047 -> 1903270.8 | P15: 2035783.9 | Q15: =M15-O15 -> 0
A16: 8 | B16: ดวงโคมไฟฟ้า | E16: 1 | F16: งาน | I16: =I343 -> 5873749.8 | L16: =L343 -> 302472.67 | M16: =I16+L16 -> 6176222.4 | O16: =P16*0.934908047 -> 6176222.4 | P16: 6606235.2 | Q16: =M16-O16 -> 0
A17: 9 | B17: แสงสว่างฉุกเฉิน และป้ายทางออกฉุกเฉิน | E17: 1 | F17: งาน | I17: =I349 -> 120535.82 | L17: =L349 -> 9524.8432 | M17: =I17+L17 -> 130060.67 | O17: =P17*0.934908047 -> 130060.67 | P17: 139116 | Q17: =M17-O17 -> 0
A18: 10 | B18: สวิตช์ เต้ารับไฟฟ้า | E18: 1 | F18: งาน | I18: =I371 -> 142430.44 | L18: =L371 -> 59479.785 | M18: =I18+L18 -> 201910.22 | O18: =P18*0.934908047 -> 201910.22 | P18: 215968 | Q18: =M18-O18 -> 0
A19: 11 | B19: ระบบการต่อลงดิน และการป้องกันฟ้าผ่า | E19: 1 | F19: งาน | I19: =I390 -> 485432.12 | L19: =L390 -> 72829.337 | M19: =I19+L19 -> 558261.46 | O19: =P19*0.934908047 -> 558261.46 | P19: 597129.8 | Q19: =M19-O19 -> 0
A20: 12 | B20: ระบบป้องกันไฟลาม | E20: 1 | F20: งาน | I20: =I394 -> 70118.104 | L20: =L394 -> 9349.0805 | M20: =I20+L20 -> 79467.184 | O20: =P20*0.934908047 -> 79467.184 | P20: 85000 | Q20: =M20-O20 -> 0
A21: 13 | B21: ระบบควบคุมไฟฟ้าแสงสว่าง | E21: 1 | F21: งาน | I21: =I456 -> 772805.46 | L21: =L456 -> 77560.42 | M21: =I21+L21 -> 850365.88 | O21: =P21*0.934908047 -> 850365.88 | P21: 909571.68 | Q21: =M21-O21 -> 0
A22: 14 | B22: ระบบแจ้งเหตุเพลิงไหม้ | E22: 1 | F22: งาน | I22: =I485 -> 1326623.5 | L22: =L485 -> 264908.06 | M22: =I22+L22 -> 1591531.6 | O22: =P22*0.934908047 -> 1591531.6 | P22: 1702340.2 | Q22: =M22-O22 -> 0
A23: 15 | B23: ระบบควบคุมการเข้า-ออก | E23: 1 | F23: งาน | I23: =I515 -> 733997.71 | L23: =L515 -> 50391.544 | M23: =I23+L23 -> 784389.25 | O23: =P23*0.934908047 -> 784389.25 | P23: 839001.5 | Q23: =M23-O23 -> 0
A24: 16 | B24: ระบบกล้องวงจรปิด | E24: 1 | F24: งาน | I24: =I540 -> 1153340 | L24: =L540 -> 80980.8 | M24: =I24+L24 -> 1234320.8 | O24: =P24*0.934908047 -> 1234320.8 | P24: 1320259 | Q24: =M24-O24 -> 0
A25: 17 | B25: ระบบคอมพิวเตอร์ | E25: 1 | F25: งาน | I25: =I583 -> 2083470.8 | L25: =L583 -> 680274.21 | M25: =I25+L25 -> 2763745 | O25: =P25*0.934908047 -> 2763745 | P25: 2956167.8 | Q25: =M25-O25 -> 0
A26: 18 | B26: ค่าขยายเขตการไฟฟ้า | E26: 1 | F26: งาน | I26: =I591 -> 0 | J26: 0 | L26: =L591 -> 249620.45 | M26: =I26+L26 -> 249620.45 | O26: =P26*0.934908047 -> 249620.45 | P26: 267000 | Q26: =M26-O26 -> 0
O27: =P27*0.934899332 -> 0 | Q27: =M27-O27 -> 0
B28: รวมราคาค่าก่อสร้างงานระบบไฟฟ้าและสื่อสาร | I28: =SUM(I9:I26) -> 20968805 | L28: =SUM(L9:L26) -> 3368301.7 | M28: =SUM(M9:M26) -> 24337107 | O28: =SUM(O9:O27) -> 24337107 | P28: =SUM(P9:P27) -> 26031551 | Q28: =M28-O28 -> 0
A30: 1 | B30: ระบบไฟฟ้าแรงสูง
B31: 1.1 | C31: สายไฟฟ้าแรงสูง (HV Cable)
C32: สายไฟแรงสูงชนิด CU XLPE Cable 1C 12/20kV (24kV)
C33: - 70 มม2 | E33: 9 | F33: ม. | G33: 597 | H33: =G33*O33 -> 558.1401 | I33: =E33*H33 -> 5023.2609 | J33: 70 | K33: =J33*O33 -> 65.443563 | L33: =E33*K33 -> 588.99207 | M33: =I33+L33 -> 5612.253 | O33: 0.93490805
C34: - 240 มม2 | E34: 48 | F34: ม. | G34: 1212 | H34: =G34*O34 -> 1133.1086 | I34: =E34*H34 -> 54389.211 | J34: 155 | K34: =J34*O34 -> 144.91075 | L34: =E34*K34 -> 6955.7159 | M34: =I34+L34 -> 61344.926 | O34: 0.93490805
B35: 1.3 | C35: 2x2 DUCT BANK ∅127mm.(ID)RTRC. EMBERDED | E35: 13 | F35: ม. | G35: 4500 | H35: =G35*O35 -> 4207.0862 | I35: =E35*H35 -> 54692.121 | J35: 1350 | K35: =J35*O35 -> 1262.1259 | L35: =E35*K35 -> 16407.636 | M35: =I35+L35 -> 71099.757 | O35: 0.93490805
B36: 1.4 | C36: MANHOLE HV. TYPE A-1/2M | E36: 1 | F36: ชุด | G36: 158460 | H36: =G36*O36 -> 148145.53 | I36: =E36*H36 -> 148145.53 | J36: 35195 | K36: =J36*O36 -> 32904.089 | L36: =E36*K36 -> 32904.089 | M36: =I36+L36 -> 181049.62 | O36: 0.93490805
B37: 1.7 | C37: Outdoor Enclosure for Ring Main Unit With Meetering MEA. 24 kV | E37: 1 | F37: ชุด | G37: 500000 | H37: =G37*O37 -> 467454.02 | I37: =E37*H37 -> 467454.02 | J37: 20000 | K37: =J37*O37 -> 18698.161 | L37: =E37*K37 -> 18698.161 | M37: =I37+L37 -> 486152.18 | O37: 0.93490805
B38: 1.8 | C38: Concrete Foundation | E38: 1 | F38: ชุด | G38: 10000 | H38: =G38*O38 -> 9349.0805 | I38: =E38*H38 -> 9349.0805 | K38: =J38*O38 -> 0 | L38: =E38*K38 -> 0 | M38: =I38+L38 -> 9349.0805 | O38: 0.93490805
B39: รวมรายการที่ 1 | I39: =SUM(I30:I38) -> 739053.23 | L39: =SUM(L30:L38) -> 75554.594 | M39: =SUM(M30:M38) -> 814607.82 | O39: 0.93490805
O40: 0.93490805
A41: 2 | B41: Unit Substation | O41: 0.93490805
B42: 2.1 | C42: Outdoor Enclosure for Unit Substation | E42: 1 | F42: ชุด | G42: 1788800 | H42: =G42*O42 -> 1672363.5 | I42: =E42*H42 -> 1672363.5 | J42: 30000 | K42: =J42*O42 -> 28047.241 | L42: =E42*K42 -> 28047.241 | M42: =I42+L42 -> 1700410.8 | O42: 0.93490805
B43: 2.2 | C43: RMU. : 2 IN - 1 OUT | E43: 1 | F43: ชุด | G43: INC. | I43: 0 | J43: 0 | L43: =ROUNDDOWN(E43*J43,2) -> 0 | M43: =I43+L43 -> 0 | O43: 0.93490805
B44: 2.3 | C44: Oil Type Hermetically Transformer 630 kVA 24 kV | E44: 1 | F44: ชุด | G44: INC. | I44: 0 | J44: 0 | L44: =ROUNDDOWN(E44*J44,2) -> 0 | M44: =I44+L44 -> 0 | O44: 0.93490805
B45: 2.4 | C45: Concrete Foundation | E45: 1 | F45: ชุด | G45: 50000 | H45: =G45*O45 -> 46745.402 | I45: =E45*H45 -> 46745.402 | L45: =ROUNDDOWN(E45*J45,2) -> 0 | M45: =I45+L45 -> 46745.402 | O45: 0.93490805
B46: รวมรายการที่ 2 | I46: =SUM(I42:I45) -> 1719108.9 | L46: =SUM(L42:L45) -> 28047.241 | M46: =SUM(M42:M45) -> 1747156.2 | O46: 0.93490805
O47: 0.93490805
A48: 3 | B48: งานอุปกรณ์ติดตั้งเครื่องกำเนิดไฟฟ้าสำรอง | O48: 0.93490805
B49: 3.1 | C49: Generator Set 100 kVA 0.8PF Canopy Type | E49: 1 | F49: ชุด | I49: =ROUNDDOWN(E49*G49,2) -> 0 | J49: 10000 | K49: =J49*O49 -> 9349.0805 | L49: =E49*K49 -> 9349.0805 | M49: =I49+L49 -> 9349.0805 | O49: 0.93490805
B50: 3.2 | C50: Generator Control Panel ประกอบด้วย | E50: 1 | F50: งาน | G50: 60715 | H50: =G50*O50 -> 56762.942 | I50: =E50*H50 -> 56762.942 | J50: 0 | L50: 0 | M50: =I50+L50 -> 56762.942 | O50: 0.93490805
C51: - CB, 3P 200AT/250AF, 3P, IC ≥ 35 kA | E51: 1 | F51: ชุด | G51: 0 | I51: =ROUNDDOWN(E51*G51,2) -> 0 | M51: =I51+L51 -> 0 | O51: 0.93490805
C52: - Cubicle w/ Busbar & Accessories | E52: 1 | F52: ชุด | G52: 0 | I52: =ROUNDDOWN(E52*G52,2) -> 0 | M52: =I52+L52 -> 0 | O52: 0.93490805
B53: 3.6 | C53: Concrete Foundation | E53: 1 | F53: ชุด | G53: 20000 | H53: =G53*O53 -> 18698.161 | I53: =E53*H53 -> 18698.161 | L53: =ROUNDDOWN(E53*J53,2) -> 0 | M53: =I53+L53 -> 18698.161 | O53: 0.93490805
B54: รวมรายการที่ 3 | I54: =SUM(I49:I53) -> 75461.103 | L54: =SUM(L49:L53) -> 9349.0805 | M54: =SUM(M49:M53) -> 84810.183 | O54: 0.93490805
O55: 0.93490805
A56: 4 | B56: งานอุปกรณ์ติดตั้งเครื่องจ่ายไฟแบบต่อเนื่อง UPS | O56: 0.93490805
B57: 4.1 | C57: Uninterruptible Power Supply 30 kVA Modular Type | E57: 1 | F57: ชุด | G57: 1109250 | H57: =G57*O57 -> 1037046.8 | I57: =E57*H57 -> 1037046.8 | J57: 5000 | K57: =J57*O57 -> 4674.5402 | L57: =E57*K57 -> 4674.5402 | M57: =I57+L57 -> 1041721.3 | O57: 0.93490805
B58: 4.2 | C58: Battery Backup Time 60 min. | E58: 1 | F58: ชุด | G58: 0 | I58: =ROUNDDOWN(E58*G58,2) -> 0 | J58: 5000 | K58: =J58*O58 -> 4674.5402 | L58: =E58*K58 -> 4674.5402 | M58: =I58+L58 -> 4674.5402 | O58: 0.93490805
B59: 4.3 | C59: Communacation Module | E59: 1 | F59: ชุด | G59: 0 | I59: =ROUNDDOWN(E59*G59,2) -> 0 | J59: 2000 | K59: =J59*O59 -> 1869.8161 | L59: =E59*K59 -> 1869.8161 | M59: =I59+L59 -> 1869.8161 | O59: 0.93490805
B60: 4.4 | C60: Concrete Foundation | E60: 1 | F60: ชุด | G60: 5000 | H60: =G60*O60 -> 4674.5402 | I60: =E60*H60 -> 4674.5402 | L60: =ROUNDDOWN(E60*J60,2) -> 0 | M60: =I60+L60 -> 4674.5402 | O60: 0.93490805
B61: รวมรายการที่ 4 | I61: =SUM(I56:I60) -> 1041721.3 | L61: =SUM(L56:L60) -> 11218.897 | M61: =SUM(M56:M60) -> 1052940.2 | O61: 0.93490805
O62: 0.93490805
A63: 5 | B63: ตู้ไฟฟ้า | O63: 0.93490805
B64: 5.1 | C64: Main Distribution Board | O64: 0.93490805
B65: 5.1.1 | C65: MDB01 | E65: 1 | F65: ชุด | G65: 662902 | H65: =G65*O65 -> 619752.41 | I65: =E65*H65 -> 619752.41 | J65: 10000 | K65: =J65*O65 -> 9349.0805 | L65: =E65*K65 -> 9349.0805 | M65: =I65+L65 -> 629101.49 | O65: 0.93490805
C66: CB, IC ≥ 35 kA ประกอบด้วย | O66: 0.93490805
C67: - 3P 30A | E67: 1 | F67: ชุด | G67: INC. | O67: 0.93490805
C68: - 3P 100A | E68: 1 | F68: ชุด | G68: INC. | O68: 0.93490805
C69: - 3P 200A | E69: 5 | F69: ชุด | G69: INC. | O69: 0.93490805
C70: - 3P 350A | E70: 1 | F70: ชุด | G70: INC. | O70: 0.93490805
C71: - 3P 500A | E71: 1 | F71: ชุด | G71: INC. | O71: 0.93490805
C72: - 3P 1,000A | E72: 1 | F72: ชุด | G72: INC. | O72: 0.93490805
C73: Digital Meter | E73: 7 | F73: ชุด | G73: INC. | O73: 0.93490805
C74: ตู้ไฟฟ้า,อุปกรณ์เครื่องวัด และอุปกรณ์ประกอบ (Metering) | E74: 1 | F74: ชุด | G74: INC. | O74: 0.93490805
C75: (Cubicle w/ Busbar , Metering & Acc.) | O75: 0.93490805
B76: 5.1.2 | C76: CAP01 | E76: 1 | F76: ชุด | G76: 185326 | H76: =G76*O76 -> 173262.77 | I76: =E76*H76 -> 173262.77 | J76: 10000 | K76: =J76*O76 -> 9349.0805 | L76: =E76*K76 -> 9349.0805 | M76: =I76+L76 -> 182611.85 | O76: 0.93490805
C77: - Fuse 63 A. w/Base | E77: 8 | F77: ชุด | G77: INC. | O77: 0.93490805
C78: - Magnetic Contector 63 A. | E78: 8 | F78: ชุด | G78: INC. | O78: 0.93490805
C79: - Magnetic Contector 63 A. | E79: 8 | F79: ชุด | G79: INC. | O79: 0.93490805
C80: - Capacitor Bank 25 KVA. (400 V.) | E80: 8 | F80: ชุด | G80: INC. | O80: 0.93490805
C81: - Cubicle w/ Busbar , Metering & Acc. | E81: 1 | F81: ชุด | G81: INC. | O81: 0.93490805
O82: 0.93490805
B83: 5.1.3 | C83: EMDB01 | E83: 1 | F83: ชุด | G83: 444540 | H83: =G83*O83 -> 415604.02 | I83: =E83*H83 -> 415604.02 | J83: 10000 | K83: =J83*O83 -> 9349.0805 | L83: =E83*K83 -> 9349.0805 | M83: =I83+L83 -> 424953.1 | O83: 0.93490805
C84: CB, IC ≥ 35 kA ประกอบด้วย | O84: 0.93490805
C85: - 3P 30A | E85: 3 | F85: ชุด | G85: INC. | I85: 0 | J85: 0 | L85: =J85*E85 -> 0 | M85: =L85+I85 -> 0 | O85: 0.93490805
C86: - 3P 50A | E86: 3 | F86: ชุด | G86: INC. | I86: 0 | J86: 0 | L86: =J86*E86 -> 0 | M86: =L86+I86 -> 0 | O86: 0.93490805
C87: - 3P 80A | E87: 1 | F87: ชุด | G87: INC. | I87: 0 | J87: 0 | L87: =J87*E87 -> 0 | M87: =L87+I87 -> 0 | O87: 0.93490805
C88: - 3P 100A | E88: 1 | F88: ชุด | G88: INC. | I88: 0 | J88: 0 | L88: =J88*E88 -> 0 | M88: =L88+I88 -> 0 | O88: 0.93490805
C89: - 3P 200A | E89: 1 | F89: ชุด | G89: INC. | I89: 0 | J89: 0 | L89: =J89*E89 -> 0 | M89: =L89+I89 -> 0 | O89: 0.93490805
C90: ATS, 200A, 3P With Control | E90: 1 | F90: ชุด | G90: 60000 | H90: =G90*O90 -> 56094.483 | I90: =E90*H90 -> 56094.483 | J90: 0 | L90: =J90*E90 -> 0 | M90: =L90+I90 -> 56094.483 | O90: 0.93490805
C91: Digital Meter | E91: 6 | F91: ชุด | G91: INC. | I91: 0 | J91: 0 | L91: =J91*E91 -> 0 | M91: =L91+I91 -> 0 | O91: 0.93490805
C92: ตู้ไฟฟ้า,อุปกรณ์เครื่องวัด และอุปกรณ์ประกอบ (Metering) | E92: 1 | F92: ชุด | G92: INC. | I92: 0 | J92: 0 | L92: =J92*E92 -> 0 | M92: =L92+I92 -> 0 | O92: 0.93490805
C93: (Cubicle w/ Busbar , Metering & Acc.) | O93: 0.93490805
B94: 5.2 | C94: Distribution Board | O94: 0.93490805
C95: - AMCC1 | E95: 1 | F95: ชุด | G95: By HVAC | O95: 0.93490805
C96: - 1DB1 | E96: 1 | F96: ชุด | G96: 59758 | H96: =G96*O96 -> 55868.235 | I96: =E96*H96 -> 55868.235 | J96: 3000 | K96: =J96*O96 -> 2804.7241 | L96: =E96*K96 -> 2804.7241 | M96: =I96+L96 -> 58672.959 | O96: 0.93490805
C97: - RDB1 | E97: 1 | F97: ชุด | G97: 59758 | H97: =G97*O97 -> 55868.235 | I97: =E97*H97 -> 55868.235 | J97: 3000 | K97: =J97*O97 -> 2804.7241 | L97: =E97*K97 -> 2804.7241 | M97: =I97+L97 -> 58672.959 | O97: 0.93490805
C98: - 2DB1 | E98: 1 | F98: ชุด | G98: 59758 | H98: =G98*O98 -> 55868.235 | I98: =E98*H98 -> 55868.235 | J98: 3000 | K98: =J98*O98 -> 2804.7241 | L98: =E98*K98 -> 2804.7241 | M98: =I98+L98 -> 58672.959 | O98: 0.93490805
C99: - 3DB1 | E99: 1 | F99: ชุด | G99: 59758 | H99: =G99*O99 -> 55868.235 | I99: =E99*H99 -> 55868.235 | J99: 3000 | K99: =J99*O99 -> 2804.7241 | L99: =E99*K99 -> 2804.7241 | M99: =I99+L99 -> 58672.959 | O99: 0.93490805
C100: - Digital Meter | E100: 0 | F100: ชุด | G100: 0 | I100: =ROUNDDOWN(E100*G100,2) -> 0 | J100: 0 | L100: =ROUNDDOWN(E100*J100,2) -> 0 | M100: =I100+L100 -> 0 | O100: 0.93490805
B101: 5.3 | C101: Essential Distribution board | O101: 0.93490805
C102: - MEESP1 | E102: 1 | F102: ชุด | G102: By SN | O102: 0.93490805
...

Sheet SAN_FP
A1: ชื่อโครงการ | D1: =+'RC2_ปร.5 (ก)'!#REF! -> #REF! | J1: หมวดงาน | K1: หมวดงาน | L1: งานระบบสุขาภิบาลและดับเพลิง (RKCA 2)
A2: สถานที่ก่อสร้าง | D2: =+'RC2_ปร.5 (ก)'!#REF! -> #REF! | J2: เมื่อวันที่ | K2: เมื่อวันที่ | L2: =+'RC2_ปร.5 (ก)'!#REF! -> #REF!
A3: คำนวณราคากลางโดย | D3: =+'RC2_ปร.5 (ก)'!#REF! -> #REF!
O4: 0.93489933
A5: ลำดับ | B5: รายการ | E5: จำนวน | F5: หน่วย | G5: ราคาวัสดุสิ่งของ | J5: ค่าแรงงาน | M5: รวมค่าวัสดุ | N5: หมายเหตุ
G6: ราคา/หน่วย | H6: ราคา/หน่วย | I6: จำนวนเงิน | J6: ราคา/หน่วย | K6: ราคา/หน่วย | L6: จำนวนเงิน | M6: และแรงงาน
B7: สรุปราคาค่าก่อสร้างงานระบบสุขาภิบาลและดับเพลิง
B8: อาคาร Ratchadamnoen Center 2
A9: 1 | B9: งานระบบประปา | E9: 1 | F9: งาน | I9: =I104 -> 1374631 | L9: =L104 -> 142541.69 | M9: =I9+L9 -> 1517172.7 | O9: =P9*0.934908047 -> 1517172.7 | P9: 1622804.2
A10: 2 | B10: งานระบบนำน้ำผ่านการบำบัดกลับมาใช้ | I10: =I107 -> 0 | L10: =L107 -> 0 | M10: =I10+L10 -> 0 | N10: ไม่มี | O10: =P10*0.934908047 -> 0
A11: 3 | B11: งานระบบน้ำเสีย | E11: 1 | F11: งาน | I11: =I175 -> 964182.36 | L11: =L175 -> 183393.43 | M11: =I11+L11 -> 1147575.8 | O11: =P11*0.934908047 -> 1147575.8 | P11: 1227474.5
A12: 4 | B12: งานระบบระบายน้ำฝน | E12: 1 | F12: งาน | I12: =I216 -> 329327.81 | L12: =L216 -> 91980.928 | M12: =I12+L12 -> 421308.74 | O12: =P12*0.934908047 -> 421308.74 | P12: 450641.9
A13: 5 | B13: งานระบบดับเพลิง | E13: 1 | F13: งาน | I13: =I256 -> 468373.33 | L13: =L256 -> 126098.53 | M13: =I13+L13 -> 594471.86 | O13: =P13*0.934908047 -> 594471.86 | P13: 635861.31
O14: =P14*0.934899332 -> 0
B15: รวมราคาค่าก่อสร้างงานระบบสุขาภิบาลและดับเพลิง | I15: =SUM(I9:I14) -> 3136514.5 | L15: =SUM(L9:L14) -> 544014.58 | M15: =SUM(M9:M14) -> 3680529.1 | O15: =SUM(O9:O14) -> 3680529.1 | P15: =SUM(P9:P14) -> 3936781.9
A25: 1 | B25: งานระบบประปา
B27: Main Equipment
B28: 1.1 | C28: เครื่องสูบน้ำเพิ่มแรงดัน และอุปกรณ์ประกอบ
C29: - PBS-01 | E29: 1 | F29: ชุด | G29: 577000 | H29: =G29*O29 -> 539441.94 | I29: =E29*H29 -> 539441.94 | J29: 8500 | K29: =J29*O29 -> 7946.7184 | L29: =E29*K29 -> 7946.7184 | M29: =I29+L29 -> 547388.66 | O29: 0.93490805
C30: - WT-01 | E30: 1 | F30: ชุด | G30: 240570 | H30: =G30*O30 -> 224910.83 | I30: =E30*H30 -> 224910.83 | J30: 6000 | K30: =J30*O30 -> 5609.4483 | L30: =E30*K30 -> 5609.4483 | M30: =I30+L30 -> 230520.28 | O30: 0.93490805
C31: - งานฐานราก WT-01 | E31: 1 | F31: ชุด | I31: =ROUNDDOWN(E31*G31,2) -> 0 | M31: =I31+L31 -> 0 | N31: ราคาอยู่ในงานโครงสร้าง | O31: 0.93490805
B32: งานท่อ (Piping Work) | O32: 0.93490805
B33: 1.2 | C33: ท่อ PP-R PN 10 | O33: 0.93490805
C34: - Ø 20 มม. (15 มม. ) | E34: 30 | F34: ม. | G34: 35 | H34: =G34*O34 -> 32.721782 | I34: =E34*H34 -> 981.65345 | J34: 30 | K34: =J34*O34 -> 28.047241 | L34: =E34*K34 -> 841.41724 | M34: =I34+L34 -> 1823.0707 | O34: 0.93490805
C35: - Ø 25 มม. (20 มม. ) | E35: 334 | F35: ม. | G35: 46 | H35: =G35*O35 -> 43.00577 | I35: =E35*H35 -> 14363.927 | J35: 30 | K35: =J35*O35 -> 28.047241 | L35: =E35*K35 -> 9367.7786 | M35: =I35+L35 -> 23731.706 | O35: 0.93490805 | Q35: กระทรวงพาณิชย์ | R35: 46
C36: - Ø 32 มม. (25 มม.) | E36: 275 | F36: ม. | G36: 76 | H36: =G36*O36 -> 71.053012 | I36: =E36*H36 -> 19539.578 | J36: 30 | K36: =J36*O36 -> 28.047241 | L36: =E36*K36 -> 7712.9914 | M36: =I36+L36 -> 27252.57 | O36: 0.93490805 | Q36: กระทรวงพาณิชย์ | R36: 76
C37: - Ø 40 มม. (32 มม.) | E37: 0 | F37: ม. | G37: 113 | H37: =G37*O37 -> 105.64461 | I37: =E37*H37 -> 0 | J37: 30 | K37: =J37*O37 -> 28.047241 | L37: =E37*K37 -> 0 | M37: =I37+L37 -> 0 | O37: 0.93490805 | Q37: กระทรวงพาณิชย์ | R37: 113
C38: - Ø 50 มม. (40 มม.) | E38: 163 | F38: ม. | G38: 180 | H38: =G38*O38 -> 168.28345 | I38: =E38*H38 -> 27430.202 | J38: 50 | K38: =J38*O38 -> 46.745402 | L38: =E38*K38 -> 7619.5006 | M38: =I38+L38 -> 35049.703 | O38: 0.93490805 | Q38: กระทรวงพาณิชย์ | R38: 180
C39: - Ø 63 มม. (50 มม.) | E39: 73 | F39: ม. | G39: 287 | H39: =G39*O39 -> 268.31861 | I39: =E39*H39 -> 19587.258 | J39: 75 | K39: =J39*O39 -> 70.118104 | L39: =E39*K39 -> 5118.6216 | M39: =I39+L39 -> 24705.88 | O39: 0.93490805 | Q39: กระทรวงพาณิชย์ | R39: 287
C40: - Ø 75 มม. (65 มม.) | E40: 53 | F40: ม. | G40: 402 | H40: =G40*O40 -> 375.83303 | I40: =E40*H40 -> 19919.151 | J40: 100 | K40: =J40*O40 -> 93.490805 | L40: =E40*K40 -> 4955.0126 | M40: =I40+L40 -> 24874.163 | O40: 0.93490805 | Q40: กระทรวงพาณิชย์ | R40: 402
C41: - Ø 90 มม. (80 มม.) | E41: 56 | F41: ม. | G41: 562 | H41: =G41*O41 -> 525.41832 | I41: =E41*H41 -> 29423.426 | J41: 120 | K41: =J41*O41 -> 112.18897 | L41: =E41*K41 -> 6282.5821 | M41: =I41+L41 -> 35706.008 | O41: 0.93490805 | Q41: กระทรวงพาณิชย์ | R41: 562
C42: - Ø 110 มม. (100 มม.) | E42: 9 | F42: ม. | G42: 834 | H42: =G42*O42 -> 779.71331 | I42: =E42*H42 -> 7017.4198 | J42: 150 | K42: =J42*O42 -> 140.23621 | L42: =E42*K42 -> 1262.1259 | M42: =I42+L42 -> 8279.5457 | O42: 0.93490805 | Q42: กระทรวงพาณิชย์ | R42: 643
B43: 1.3 | C43: ท่อ HDPE PN 10 | O43: 0.93490805
C44: - Ø 32 มม. (25 มม.) | E44: 0 | F44: ม. | G44: 33 | I44: =ROUNDDOWN(E44*G44,2) -> 0 | J44: 30 | L44: =ROUNDDOWN(E44*J44,2) -> 0 | M44: =I44+L44 -> 0 | O44: 0.93490805 | Q44: TAP | R44: 33
C45: - Ø 63 มม. (50 มม.) | E45: 0 | F45: ม. | G45: 117.7 | I45: =ROUNDDOWN(E45*G45,2) -> 0 | J45: 75 | L45: =ROUNDDOWN(E45*J45,2) -> 0 | M45: =I45+L45 -> 0 | O45: 0.93490805 | Q45: TAP | R45: 73.7
C46: - Ø 75 มม. (65 มม.) | E46: 0 | F46: ม. | G46: 166.1 | I46: =ROUNDDOWN(E46*G46,2) -> 0 | J46: 100 | L46: =ROUNDDOWN(E46*J46,2) -> 0 | M46: =I46+L46 -> 0 | O46: 0.93490805 | Q46: TAP | R46: 117.7
C47: - Ø 90 มม. (80 มม.) | E47: 69 | F47: ม. | G47: 228.8 | H47: =G47*O47 -> 213.90696 | I47: =E47*H47 -> 14759.58 | J47: 120 | K47: =J47*O47 -> 112.18897 | L47: =E47*K47 -> 7741.0386 | M47: =I47+L47 -> 22500.619 | O47: 0.93490805 | Q47: TAP | R47: 166.1
C48: - Ø 110 มม. (100 มม.) | E48: 0 | F48: ม. | G48: 341 | H48: =G48*O48 -> 318.80364 | I48: =ROUNDDOWN(E48*G48,2) -> 0 | J48: 150 | K48: =J48*O48 -> 140.23621 | L48: =E48*K48 -> 0 | M48: =I48+L48 -> 0 | O48: 0.93490805 | Q48: TAP | R48: 228.8
B49: 1.4 | C49: ข้อต่ออุปกรณ์ท่อ | E49: 1 | F49: เหมา | G49: 80979 | H49: =G49*O49 -> 75707.919 | I49: =E49*H49 -> 75707.919 | J49: 24294 | K49: =J49*O49 -> 22712.656 | L49: =E49*K49 -> 22712.656 | M49: =I49+L49 -> 98420.575 | O49: 0.93490805 | Q49: TAP | R49: 341
B50: 1.5 | C50: เหล็กยึดท่อ | E50: 1 | F50: เหมา | G50: 32392 | H50: =G50*O50 -> 30283.541 | I50: =E50*H50 -> 30283.541 | J50: 9718 | K50: =J50*O50 -> 9085.4364 | L50: =E50*K50 -> 9085.4364 | M50: =I50+L50 -> 39368.978 | O50: 0.93490805
B51: 1.6 | C51: ทดสอบ ทำความสะอาด ทาสีทำสัญลักษณ์ | E51: 1 | F51: เหมา | G51: 16196 | H51: =G51*O51 -> 15141.771 | I51: =E51*H51 -> 15141.771 | J51: 4859 | K51: =J51*O51 -> 4542.7182 | L51: =E51*K51 -> 4542.7182 | M51: =I51+L51 -> 19684.489 | O51: 0.93490805
O52: 0.93490805
B53: งานวาล์วและอุปกรณ์ | O53: 0.93490805
B54: 1.7 | C54: Butterfly Valve | O54: 0.93490805
C55: - Ø 80 มม. | E55: 6 | F55: ชุด | G55: 2260 | H55: =G55*O55 -> 2112.8922 | I55: =E55*H55 -> 12677.353 | J55: 600 | K55: =J55*O55 -> 560.94483 | L55: =E55*K55 -> 3365.669 | M55: =I55+L55 -> 16043.022 | O55: 0.93490805
C56: - Ø 100 มม. | E56: 1 | F56: ชุด | G56: 3245 | H56: =G56*O56 -> 3033.7766 | I56: =E56*H56 -> 3033.7766 | J56: 800 | K56: =J56*O56 -> 747.92644 | L56: =E56*K56 -> 747.92644 | M56: =I56+L56 -> 3781.7031 | O56: 0.93490805
B57: 1.8 | C57: Check Valve | O57: 0.93490805
C58: - Ø 80 มม. | E58: 1 | F58: ชุด | G58: 5575 | H58: =G58*O58 -> 5212.1124 | I58: =E58*H58 -> 5212.1124 | J58: 400 | K58: =J58*O58 -> 373.96322 | L58: =E58*K58 -> 373.96322 | M58: =I58+L58 -> 5586.0756 | O58: 0.93490805
B59: 1.9 | C59: Gate Valve | O59: 0.93490805
C60: - Ø 20 มม | E60: 14 | F60: ชุด | G60: 630 | H60: =G60*O60 -> 588.99207 | I60: =E60*H60 -> 8245.889 | J60: 150 | K60: =J60*O60 -> 140.23621 | L60: =E60*K60 -> 1963.3069 | M60: =I60+L60 -> 10209.196 | O60: 0.93490805
C61: - Ø 25 มม | E61: 9 | F61: ชุด | G61: 890 | H61: =G61*O61 -> 832.06816 | I61: =E61*H61 -> 7488.6135 | J61: 200 | K61: =J61*O61 -> 186.98161 | L61: =E61*K61 -> 1682.8345 | M61: =I61+L61 -> 9171.4479 | O61: 0.93490805
C62: - Ø 32 มม | E62: 0 | F62: ชุด | I62: =ROUNDDOWN(E62*G62,2) -> 0 | M62: =I62+L62 -> 0 | O62: 0.93490805
C63: - Ø 40 มม | E63: 1 | F63: ชุด | G63: 1295 | H63: =G63*O63 -> 1210.7059 | I63: =E63*H63 -> 1210.7059 | J63: 300 | K63: =J63*O63 -> 280.47241 | L63: =E63*K63 -> 280.47241 | M63: =I63+L63 -> 1491.1783 | O63: 0.93490805
C64: - Ø 50 มม. | E64: 3 | F64: ชุด | G64: 2695 | H64: =G64*O64 -> 2519.5772 | I64: =E64*H64 -> 7558.7316 | J64: 400 | K64: =J64*O64 -> 373.96322 | L64: =E64*K64 -> 1121.8897 | M64: =I64+L64 -> 8680.6212 | O64: 0.93490805
C65: - Ø 65 มม. | E65: 16 | F65: ชุด | G65: 6750 | H65: =G65*O65 -> 6310.6293 | I65: =E65*H65 -> 100970.07 | J65: 500 | K65: =J65*O65 -> 467.45402 | L65: =E65*K65 -> 7479.2644 | M65: =I65+L65 -> 108449.33 | O65: 0.93490805
B66: 1.1 | C66: Modulating Floating Valve | O66: 0.93490805
C67: - Ø 80 มม. | E67: 1 | F67: ชุด | G67: 32000 | H67: =G67*O67 -> 29917.058 | I67: =E67*H67 -> 29917.058 | J67: 600 | K67: =J67*O67 -> 560.94483 | L67: =E67*K67 -> 560.94483 | M67: =I67+L67 -> 30478.002 | O67: 0.93490805
B68: 1.13 | C68: Strainer | O68: 0.93490805
C69: - Ø 25 มม | E69: 0 | F69: ชุด | G69: 2100 | H69: =G69*O69 -> 1963.3069 | I69: =ROUNDDOWN(E69*G69,2) -> 0 | J69: 200 | K69: =J69*O69 -> 186.98161 | L69: =E69*K69 -> 0 | M69: =I69+L69 -> 0 | O69: 0.93490805
C70: - Ø 40 มม. | E70: 0 | F70: ชุด | G70: 3300 | H70: =G70*O70 -> 3085.1966 | I70: =ROUNDDOWN(E70*G70,2) -> 0 | J70: 300 | K70: =J70*O70 -> 280.47241 | L70: =E70*K70 -> 0 | M70: =I70+L70 -> 0 | O70: 0.93490805
C71: - Ø 50 มม. | E71: 2 | F71: ชุด | G71: 2540 | H71: =G71*O71 -> 2374.6664 | I71: =E71*H71 -> 4749.3329 | J71: 400 | K71: =J71*O71 -> 373.96322 | L71: =E71*K71 -> 747.92644 | M71: =I71+L71 -> 5497.2593 | O71: 0.93490805
C72: - Ø 65 มม. | E72: 4 | F72: ชุด | G72: 3370 | H72: =G72*O72 -> 3150.6401 | I72: =E72*H72 -> 12602.56 | J72: 500 | K72: =J72*O72 -> 467.45402 | L72: =E72*K72 -> 1869.8161 | M72: =I72+L72 -> 14472.377 | O72: 0.93490805
C73: - Ø 80 มม. | E73: 0 | F73: ชุด | G73: 8230 | H73: =G73*O73 -> 7694.2932 | I73: =E73*H73 -> 0 | J73: 600 | K73: =J73*O73 -> 560.94483 | L73: =E73*K73 -> 0 | M73: =I73+L73 -> 0 | O73: 0.93490805
C74: - Ø 100 มม. | E74: 1 | F74: ชุด | G74: 5815 | H74: =G74*O74 -> 5436.4903 | I74: =E74*H74 -> 5436.4903 | J74: 800 | K74: =J74*O74 -> 747.92644 | L74: =E74*K74 -> 747.92644 | M74: =I74+L74 -> 6184.4167 | O74: 0.93490805
B75: 1.14 | C75: Flexible Connection | I75: =E75*H75 -> 0 | O75: 0.93490805
C76: - Ø 80 มม. | E76: 1 | F76: ชุด | G76: 2415 | H76: =G76*O76 -> 2257.8029 | I76: =E76*H76 -> 2257.8029 | J76: 600 | K76: =J76*O76 -> 560.94483 | L76: =E76*K76 -> 560.94483 | M76: =I76+L76 -> 2818.7478 | O76: 0.93490805
C77: - Ø 100 มม. | E77: 1 | F77: ชุด | I77: =ROUNDDOWN(E77*G77,2) -> 0 | J77: 800 | K77: =J77*O77 -> 747.92644 | L77: =E77*K77 -> 747.92644 | M77: =I77+L77 -> 747.92644 | O77: 0.93490805
B78: 1.15 | C78: Digital Water Meter | O78: 0.93490805
C79: - Ø 25 มม | F79: ชุด | I79: =ROUNDDOWN(E79*G79,2) -> 0 | L79: =ROUNDDOWN(E79*J79,2) -> 0 | M79: =I79+L79 -> 0 | O79: 0.93490805
C80: - Ø 40 มม. | F80: ชุด | I80: =ROUNDDOWN(E80*G80,2) -> 0 | L80: =ROUNDDOWN(E80*J80,2) -> 0 | M80: =I80+L80 -> 0 | O80: 0.93490805
C81: - Ø 50 มม. | F81: ชุด | I81: =ROUNDDOWN(E81*G81,2) -> 0 | L81: =ROUNDDOWN(E81*J81,2) -> 0 | M81: =I81+L81 -> 0 | O81: 0.93490805
C82: - Ø 65 มม. | F82: ชุด | I82: =ROUNDDOWN(E82*G82,2) -> 0 | L82: =ROUNDDOWN(E82*J82,2) -> 0 | M82: =I82+L82 -> 0 | O82: 0.93490805
C83: - Ø 80 มม. | F83: ชุด | I83: =ROUNDDOWN(E83*G83,2) -> 0 | L83: =ROUNDDOWN(E83*J83,2) -> 0 | M83: =I83+L83 -> 0 | O83: 0.93490805
B84: 1.16 | C84: Water Meter (Turbine Type) | O84: 0.93490805
C85: - Ø 25 มม | E85: 0 | F85: ชุด | G85: 1615 | I85: =ROUNDDOWN(E85*G85,2) -> 0 | J85: 200 | L85: =ROUNDDOWN(E85*J85,2) -> 0 | M85: =I85+L85 -> 0 | O85: 0.93490805
C86: - Ø 40 มม. | E86: 0 | F86: ชุด | G86: 4512.5 | I86: =ROUNDDOWN(E86*G86,2) -> 0 | J86: 250 | L86: =ROUNDDOWN(E86*J86,2) -> 0 | M86: =I86+L86 -> 0 | O86: 0.93490805
C87: - Ø 50 มม. | E87: 2 | F87: ชุด | G87: 7410 | H87: =G87*O87 -> 6927.6686 | I87: =E87*H87 -> 13855.337 | J87: 400 | K87: =J87*O87 -> 373.96322 | L87: =E87*K87 -> 747.92644 | M87: =I87+L87 -> 14603.264 | O87: 0.93490805
C88: - Ø 65 มม. | E88: 4 | F88: ชุด | G88: 8125 | H88: =G88*O88 -> 7596.1279 | I88: =E88*H88 -> 30384.512 | J88: 500 | K88: =J88*O88 -> 467.45402 | L88: =E88*K88 -> 1869.8161 | M88: =I88+L88 -> 32254.328 | O88: 0.93490805
C89: - Ø 80 มม. | E89: 0 | F89: ชุด | G89: 10925 | I89: =ROUNDDOWN(E89*G89,2) -> 0 | J89: 800 | L89: =ROUNDDOWN(E89*J89,2) -> 0 | M89: =I89+L89 -> 0 | O89: 0.93490805
B90: 1.18 | C90: Automatic Air Vent | O90: 0.93490805
C91: - Ø 20 มม | E91: 2 | F91: ชุด | G91: 3750 | H91: =G91*O91 -> 3505.9052 | I91: =E91*H91 -> 7011.8104 | J91: 150 | K91: =J91*O91 -> 140.23621 | L91: =E91*K91 -> 280.47241 | M91: =I91+L91 -> 7292.2828 | O91: 0.93490805
B92: 1.19 | C92: Stop Valve สำหรับ โถสุขภัณฑ์ | O92: 0.93490805
C93: -Ø 15 มม | E93: 85 | F93: ชุด | G93: 250 | H93: =G93*O93 -> 233.72701 | I93: =E93*H93 -> 19866.796 | J93: 50 | K93: =J93*O93 -> 46.745402 | L93: =E93*K93 -> 3973.3592 | M93: =I93+L93 -> 23840.155 | O93: 0.93490805
B94: 1.2 | C94: ก๊อกสนาม | O94: 0.93490805
C95: - Ø 15 มม | E95: 18 | F95: ชุด | G95: 300 | H95: =G95*O95 -> 280.47241 | I95: =E95*H95 -> 5048.5035 | J95: 50 | K95: =J95*O95 -> 46.745402 | L95: =E95*K95 -> 841.41724 | M95: =I95+L95 -> 5889.9207 | O95: 0.93490805
B96: 1.21 | C96: Water Hammer Arrestor | O96: 0.93490805
C97: - 1-11 FU | E97: 0 | F97: ชุด | G97: 1500 | I97: =ROUNDDOWN(E97*G97,2) -> 0 | J97: 200 | K97: =J97*O97 -> 186.98161 | L97: =ROUNDDOWN(E97*J97,2) -> 0 | M97: =I97+L97 -> 0 | O97: 0.93490805
C98: - 12-32 FU | E98: 0 | F98: ชุด | G98: 2000 | I98: =ROUNDDOWN(E98*G98,2) -> 0 | J98: 200 | K98: =J98*O98 -> 186.98161 | L98: =ROUNDDOWN(E98*J98,2) -> 0 | M98: =I98+L98 -> 0 | O98: 0.93490805
C99: - 33-60 FU | E99: 8 | F99: ชุด | G99: 4000 | H99: =G99*O99 -> 3739.6322 | I99: =E99*H99 -> 29917.058 | J99: 200 | K99: =J99*O99 -> 186.98161 | L99: =E99*K99 -> 1495.8529 | M99: =I99+L99 -> 31412.91 | O99: 0.93490805
B100: 1.22 | C100: Accessed Panel | O100: 0.93490805
C101: - 0.45 x 0.45 ม. | E101: 21 | F101: ชุด | G101: 1000 | H101: =G101*O101 -> 934.90805 | I101: =E101*H101 -> 19633.069 | J101: 500 | K101: =J101*O101 -> 467.45402 | L101: =E101*K101 -> 9816.5345 | M101: =I101+L101 -> 29449.603 | O101: 0.93490805
B102: 1.23 | C102: Foot Valve | O102: 0.93490805
C103: - Ø 100 มม | E103: 1 | F103: ชุด | G103: 9675 | H103: =G103*O103 -> 9045.2354 | I103: =E103*H103 -> 9045.2354 | J103: 500 | K103: =J103*O103 -> 467.45402 | L103: =E103*K103 -> 467.45402 | M103: =I103+L103 -> 9512.6894 | O103: 0.93490805
B104: รวมรายการที่ 1 | I104: =SUM(I29:I103) -> 1374631 | L104: =SUM(L29:L103) -> 142541.69 | M104: =SUM(M29:M103) -> 1517172.7 | O104: 0.93490805
O105: 0.93490805
A106: 2 | B106: งานระบบนำน้ำผ่านการบำบัดกลับมาใช้ | N106: ไม่มี | O106: 0.93490805
B107: รวมรายการที่ 2 | O107: 0.93490805
O108: 0.93490805
O109: 0.93490805
A110: 3 | B110: งานระบบน้ำเสีย | O110: 0.93490805
...

Sheet AC
A1: ชื่อโครงการ | D1: =+'RC2_ปร.5 (ก)'!#REF! -> #REF! | J1: หมวดงาน | K1: หมวดงาน | L1: งานระบบปรับอากาศและระบายอากาศ
A2: สถานที่ก่อสร้าง | D2: =+'RC2_ปร.5 (ก)'!#REF! -> #REF! | J2: เมื่อวันที่ | K2: เมื่อวันที่ | L2: =+'RC2_ปร.5 (ก)'!#REF! -> #REF!
A3: คำนวณราคากลางโดย | D3: =+'RC2_ปร.5 (ก)'!#REF! -> #REF!
A5: ลำดับ | B5: รายการ | E5: จำนวน | F5: หน่วย | G5: ราคาวัสดุสิ่งของ | J5: ค่าแรงงาน | M5: รวมค่าวัสดุ | N5: หมายเหตุ
G6: ราคา/หน่วย | H6: ราคา/หน่วย | I6: จำนวนเงิน | J6: ราคา/หน่วย | K6: ราคา/หน่วย | L6: จำนวนเงิน | M6: และแรงงาน
B7: สรุปราคาค่าก่อสร้างงานระบบปรับอากาศและระบายอากาศ
A9: 1 | B9: เครื่องปรับอากาศแบบปรับปริมาณน้ำยาอัตโนมัติ(VRF) | E9: 1 | F9: งาน | I9: =I164 -> 0 | L9: =L164 -> 161271.64 | M9: =I9+L9 -> 161271.64 | O9: =P9*0.934908047 -> 161271.64 | P9: 172500
A10: 2 | B10: พัดลมระบายอากาศ | E10: 1 | F10: งาน | I10: =I223 -> 365140.49 | L10: =L223 -> 21970.339 | M10: =I10+L10 -> 387110.83 | O10: =P10*0.934908047 -> 387110.83 | P10: 414063
A11: 3 | B11: ท่อน้ำยาและท่อน้ำทิ้ง | E11: 1 | F11: งาน | I11: =I261 -> 1898494.4 | L11: =L261 -> 543574.8 | M11: =I11+L11 -> 2442069.2 | O11: =P11*0.934908047 -> 2442069.2 | P11: 2612095.6
A12: 4 | B12: งานท่อลม | E12: 1 | F12: งาน | I12: =I275 -> 1027837.9 | L12: =L275 -> 364913.31 | M12: =I12+L12 -> 1392751.2 | O12: =P12*0.934908047 -> 1392751.2 | P12: 1489720
A13: 5 | B13: หัวจ่ายลมและหน้ากากกลม | E13: 1 | F13: งาน | I13: =I333 -> 248484.18 | L13: =L333 -> 46556.773 | M13: =I13+L13 -> 295040.96 | O13: =P13*0.934908047 -> 295040.95 | P13: 315582.85
A14: 6 | B14: อุปกรณ์ควบคุมอัตโนมัติ (Automatic Control Equipment) | E14: 1 | F14: งาน | I14: =I344 -> 263326.2 | L14: =L344 -> 25726.8 | M14: =I14+L14 -> 289053 | O14: =P14*0.934908047 -> 289053 | P14: 309178
A15: 7 | B15: ระบบไฟฟ้าและควบคุม (Electrical & Control System) | E15: 1 | F15: งาน | I15: =I359 -> 1056446.1 | L15: =L359 -> 174827.8 | M15: =I15+L15 -> 1231273.9 | O15: =P15*0.934908047 -> 1231273.9 | P15: 1317000
A16: 8 | B16: ค่าดำเนินการอื่นๆ | E16: 1 | F16: งาน | I16: =I363 -> 186981.61 | L16: =L363 -> 93490.805 | M16: =I16+L16 -> 280472.41 | O16: =P16*0.934908047 -> 280472.41 | P16: 300000
B18: รวมราคาค่าก่อสร้างงานระบบปรับอากาศและระบายอากาศ | I18: =SUM(I9:I17) -> 5046710.9 | L18: =SUM(L9:L17) -> 1432332.3 | M18: =SUM(M9:M17) -> 6479043.2 | O18: =SUM(O9:O17) -> 6479043.1 | P18: =SUM(P9:P17) -> 6930139.4
A31: 1 | B31: เครื่องปรับอากาศแบบปรับปริมาณน้ำยาอัตโนมัติ(VRF)
B32: 1.1 | C32: เครื่องปรับอากาศแบบปรับปริมาณน้ำยาอัตโนมัติ(VRF)
B33: ชั้น 1
C34: FCU-101 | D34: 72,000 BTU ; CD | E34: 1 | F34: ชุด | I34: =ROUNDDOWN(E34*G34,2) -> 0 | J34: 1000 | K34: =J34*O34 -> 934.90805 | L34: =E34*K34 -> 934.90805 | M34: =I34+L34 -> 934.90805 | O34: 0.93490805
C35: FCU-102 | D35: 18,000 BTU ; CC4 | E35: 1 | F35: ชุด | I35: =ROUNDDOWN(E35*G35,2) -> 0 | J35: 1000 | K35: =J35*O35 -> 934.90805 | L35: =E35*K35 -> 934.90805 | M35: =I35+L35 -> 934.90805 | O35: 0.93490805
C36: FCU-103 | D36: 18,000 BTU ; CC4 | E36: 1 | F36: ชุด | I36: =ROUNDDOWN(E36*G36,2) -> 0 | J36: 1000 | K36: =J36*O36 -> 934.90805 | L36: =E36*K36 -> 934.90805 | M36: =I36+L36 -> 934.90805 | O36: 0.93490805
C37: FCU-104 | D37: 18,000 BTU ; CC4 | E37: 1 | F37: ชุด | I37: =ROUNDDOWN(E37*G37,2) -> 0 | J37: 1000 | K37: =J37*O37 -> 934.90805 | L37: =E37*K37 -> 934.90805 | M37: =I37+L37 -> 934.90805 | O37: 0.93490805
C38: FCU-105 | D38: 18,000 BTU ; CC4 | E38: 1 | F38: ชุด | I38: =ROUNDDOWN(E38*G38,2) -> 0 | J38: 1000 | K38: =J38*O38 -> 934.90805 | L38: =E38*K38 -> 934.90805 | M38: =I38+L38 -> 934.90805 | O38: 0.93490805
C39: FCU-106 | D39: 12,000 BTU ; CC4 | E39: 1 | F39: ชุด | I39: =ROUNDDOWN(E39*G39,2) -> 0 | J39: 1000 | K39: =J39*O39 -> 934.90805 | L39: =E39*K39 -> 934.90805 | M39: =I39+L39 -> 934.90805 | O39: 0.93490805
C40: FCU-107 | D40: 12,000 BTU ; CC4 | E40: 1 | F40: ชุด | I40: =ROUNDDOWN(E40*G40,2) -> 0 | J40: 1000 | K40: =J40*O40 -> 934.90805 | L40: =E40*K40 -> 934.90805 | M40: =I40+L40 -> 934.90805 | O40: 0.93490805
C41: FCU-108 | D41: 12,000 BTU ; CC4 | E41: 1 | F41: ชุด | I41: =ROUNDDOWN(E41*G41,2) -> 0 | J41: 1000 | K41: =J41*O41 -> 934.90805 | L41: =E41*K41 -> 934.90805 | M41: =I41+L41 -> 934.90805 | O41: 0.93490805
B42: ชั้น M | O42: 0.93490805
C43: OAU-M01 | D43: 150200 BTU | E43: 1 | F43: ชุด | I43: =ROUNDDOWN(E43*G43,2) -> 0 | J43: 2000 | K43: =J43*O43 -> 1869.8161 | L43: =E43*K43 -> 1869.8161 | M43: =I43+L43 -> 1869.8161 | O43: 0.93490805
C44: FCU-M01 | D44: 48,000 BTU ; CD | E44: 1 | F44: ชุด | I44: =ROUNDDOWN(E44*G44,2) -> 0 | J44: 1000 | K44: =J44*O44 -> 934.90805 | L44: =E44*K44 -> 934.90805 | M44: =I44+L44 -> 934.90805 | O44: 0.93490805
C45: FCU-M02 | D45: 30,000 BTU ; CD | E45: 1 | F45: ชุด | I45: =ROUNDDOWN(E45*G45,2) -> 0 | J45: 1000 | K45: =J45*O45 -> 934.90805 | L45: =E45*K45 -> 934.90805 | M45: =I45+L45 -> 934.90805 | O45: 0.93490805
C46: FCU-M03 | D46: 30,000 BTU ; CD | E46: 1 | F46: ชุด | I46: =ROUNDDOWN(E46*G46,2) -> 0 | J46: 1000 | K46: =J46*O46 -> 934.90805 | L46: =E46*K46 -> 934.90805 | M46: =I46+L46 -> 934.90805 | O46: 0.93490805
C47: FCU-M04 | D47: 30,000 BTU ; CD | E47: 1 | F47: ชุด | I47: =ROUNDDOWN(E47*G47,2) -> 0 | J47: 1000 | K47: =J47*O47 -> 934.90805 | L47: =E47*K47 -> 934.90805 | M47: =I47+L47 -> 934.90805 | O47: 0.93490805
C48: FCU-M05 | D48: 72,000 BTU ; CD | E48: 1 | F48: ชุด | I48: =ROUNDDOWN(E48*G48,2) -> 0 | J48: 1000 | K48: =J48*O48 -> 934.90805 | L48: =E48*K48 -> 934.90805 | M48: =I48+L48 -> 934.90805 | O48: 0.93490805
C49: FCU-M06 | D49: 30,000 BTU ; CC4 | E49: 1 | F49: ชุด | I49: =ROUNDDOWN(E49*G49,2) -> 0 | J49: 1000 | K49: =J49*O49 -> 934.90805 | L49: =E49*K49 -> 934.90805 | M49: =I49+L49 -> 934.90805 | O49: 0.93490805
C50: FCU-M07 | D50: 30,000 BTU ; CC4 | E50: 1 | F50: ชุด | I50: =ROUNDDOWN(E50*G50,2) -> 0 | J50: 1000 | K50: =J50*O50 -> 934.90805 | L50: =E50*K50 -> 934.90805 | M50: =I50+L50 -> 934.90805 | O50: 0.93490805
C51: FCU-M08 | D51: 30,000 BTU ; CC4 | E51: 1 | F51: ชุด | I51: =ROUNDDOWN(E51*G51,2) -> 0 | J51: 1000 | K51: =J51*O51 -> 934.90805 | L51: =E51*K51 -> 934.90805 | M51: =I51+L51 -> 934.90805 | O51: 0.93490805
C52: FCU-M09 | D52: 30,000 BTU ; CC4 | E52: 1 | F52: ชุด | I52: =ROUNDDOWN(E52*G52,2) -> 0 | J52: 1000 | K52: =J52*O52 -> 934.90805 | L52: =E52*K52 -> 934.90805 | M52: =I52+L52 -> 934.90805 | O52: 0.93490805
C53: FCU-M10 | D53: 24,000 BTU ; CC4 | E53: 1 | F53: ชุด | I53: =ROUNDDOWN(E53*G53,2) -> 0 | J53: 1000 | K53: =J53*O53 -> 934.90805 | L53: =E53*K53 -> 934.90805 | M53: =I53+L53 -> 934.90805 | O53: 0.93490805
C54: FCU-M11 | D54: 72,000 BTU ; CD | E54: 1 | F54: ชุด | I54: =ROUNDDOWN(E54*G54,2) -> 0 | J54: 1000 | K54: =J54*O54 -> 934.90805 | L54: =E54*K54 -> 934.90805 | M54: =I54+L54 -> 934.90805 | O54: 0.93490805
C55: FCU-M12 | D55: 30,000 BTU ; CD | E55: 1 | F55: ชุด | I55: =ROUNDDOWN(E55*G55,2) -> 0 | J55: 1000 | K55: =J55*O55 -> 934.90805 | L55: =E55*K55 -> 934.90805 | M55: =I55+L55 -> 934.90805 | O55: 0.93490805
B56: ชั้น 2 | O56: 0.93490805
C57: OAU-201 | D57: 72,000 BTU | E57: 1 | F57: ชุด | I57: =ROUNDDOWN(E57*G57,2) -> 0 | J57: 2000 | K57: =J57*O57 -> 1869.8161 | L57: =E57*K57 -> 1869.8161 | M57: =I57+L57 -> 1869.8161 | O57: 0.93490805
C58: OAU-202 | D58: 109,000 BTU | E58: 1 | F58: ชุด | I58: =ROUNDDOWN(E58*G58,2) -> 0 | J58: 2000 | K58: =J58*O58 -> 1869.8161 | L58: =E58*K58 -> 1869.8161 | M58: =I58+L58 -> 1869.8161 | O58: 0.93490805
C59: FCU-201 | D59: 18,000 BTU ; WM | E59: 1 | F59: ชุด | I59: =ROUNDDOWN(E59*G59,2) -> 0 | J59: 1000 | K59: =J59*O59 -> 934.90805 | L59: =E59*K59 -> 934.90805 | M59: =I59+L59 -> 934.90805 | O59: 0.93490805
C60: FCU-202 | D60: 18,000 BTU ; WM | E60: 1 | F60: ชุด | I60: =ROUNDDOWN(E60*G60,2) -> 0 | J60: 1000 | K60: =J60*O60 -> 934.90805 | L60: =E60*K60 -> 934.90805 | M60: =I60+L60 -> 934.90805 | O60: 0.93490805
C61: FCU-203 | D61: 18,000 BTU ; WM | E61: 1 | F61: ชุด | I61: =ROUNDDOWN(E61*G61,2) -> 0 | J61: 1000 | K61: =J61*O61 -> 934.90805 | L61: =E61*K61 -> 934.90805 | M61: =I61+L61 -> 934.90805 | O61: 0.93490805
C62: FCU-204 | D62: 18,000 BTU ; WM | E62: 1 | F62: ชุด | I62: =ROUNDDOWN(E62*G62,2) -> 0 | J62: 1000 | K62: =J62*O62 -> 934.90805 | L62: =E62*K62 -> 934.90805 | M62: =I62+L62 -> 934.90805 | O62: 0.93490805
C63: FCU-205 | D63: 30,000 BTU ; CC4 | E63: 1 | F63: ชุด | I63: =ROUNDDOWN(E63*G63,2) -> 0 | J63: 1000 | K63: =J63*O63 -> 934.90805 | L63: =E63*K63 -> 934.90805 | M63: =I63+L63 -> 934.90805 | O63: 0.93490805
C64: FCU-206 | D64: 30,000 BTU ; CC4 | E64: 1 | F64: ชุด | I64: =ROUNDDOWN(E64*G64,2) -> 0 | J64: 1000 | K64: =J64*O64 -> 934.90805 | L64: =E64*K64 -> 934.90805 | M64: =I64+L64 -> 934.90805 | O64: 0.93490805
C65: FCU-207 | D65: 30,000 BTU ; CC4 | E65: 1 | F65: ชุด | I65: =ROUNDDOWN(E65*G65,2) -> 0 | J65: 1000 | K65: =J65*O65 -> 934.90805 | L65: =E65*K65 -> 934.90805 | M65: =I65+L65 -> 934.90805 | O65: 0.93490805
C66: FCU-208 | D66: 30,000 BTU ; CC4 | E66: 1 | F66: ชุด | I66: =ROUNDDOWN(E66*G66,2) -> 0 | J66: 1000 | K66: =J66*O66 -> 934.90805 | L66: =E66*K66 -> 934.90805 | M66: =I66+L66 -> 934.90805 | O66: 0.93490805
C67: FCU-209 | D67: 30,000 BTU ; CC4 | E67: 1 | F67: ชุด | I67: =ROUNDDOWN(E67*G67,2) -> 0 | J67: 1000 | K67: =J67*O67 -> 934.90805 | L67: =E67*K67 -> 934.90805 | M67: =I67+L67 -> 934.90805 | O67: 0.93490805
C68: FCU-210 | D68: 30,000 BTU ; CC4 | E68: 1 | F68: ชุด | I68: =ROUNDDOWN(E68*G68,2) -> 0 | J68: 1000 | K68: =J68*O68 -> 934.90805 | L68: =E68*K68 -> 934.90805 | M68: =I68+L68 -> 934.90805 | O68: 0.93490805
... C94: FCU-236 | D94: 30,000 BTU ; CC4 | E94: 1 | F94: ชุด | I94: =ROUNDDOWN(E94*G94,2) -> 0 | J94: 1000 | K94: =J94*O94 -> 934.90805 | L94: =E94*K94 -> 934.90805 | M94: =I94+L94 -> 934.90805 | O94: 0.93490805
B95: ชั้น 3 | O95: 0.93490805
C96: FCU-301 | D96: 18,000 BTU ; WN | E96: 1 | F96: ชุด | I96: =ROUNDDOWN(E96*G96,2) -> 0 | J96: 1000 | K96: =J96*O96 -> 934.90805 | L96: =E96*K96 -> 934.90805 | M96: =I96+L96 -> 934.90805 | O96: 0.93490805
C97: FCU-302 | D97: 30,000 BTU ; CC4 | E97: 1 | F97: ชุด | I97: =ROUNDDOWN(E97*G97,2) -> 0 | J97: 1000 | K97: =J97*O97 -> 934.90805 | L97: =E97*K97 -> 934.90805 | M97: =I97+L97 -> 934.90805 | O97: 0.93490805
C98: FCU-303 | D98: 30,000 BTU ; CC4 | E98: 1 | F98: ชุด | I98: =ROUNDDOWN(E98*G98,2) -> 0 | J98: 1000 | K98: =J98*O98 -> 934.90805 | L98: =E98*K98 -> 934.90805 | M98: =I98+L98 -> 934.90805 | O98: 0.93490805
C99: FCU-304 | D99: 30,000 BTU ; CC4 | E99: 1 | F99: ชุด | I99: =ROUNDDOWN(E99*G99,2) -> 0 | J99: 1000 | K99: =J99*O99 -> 934.90805 | L99: =E99*K99 -> 934.90805 | M99: =I99+L99 -> 934.90805 | O99: 0.93490805
C100: FCU-305 | D100: 30,000 BTU ; CC4 | E100: 1 | F100: ชุด | I100: =ROUNDDOWN(E100*G100,2) -> 0 | J100: 1000 | K100: =J100*O100 -> 934.90805 | L100: =E100*K100 -> 934.90805 | M100: =I100+L100 -> 934.90805 | O100: 0.93490805
C101: FCU-306 | D101: 30,000 BTU ; CD | E101: 1 | F101: ชุด | I101: =ROUNDDOWN(E101*G101,2) -> 0 | J101: 1000 | K101: =J101*O101 -> 934.90805 | L101: =E101*K101 -> 934.90805 | M101: =I101+L101 -> 934.90805 | O101: 0.93490805
C102: FCU-307 | D102: 30,000 BTU ; CD | E102: 1 | F102: ชุด | I102: =ROUNDDOWN(E102*G102,2) -> 0 | J102: 1000 | K102: =J102*O102 -> 934.90805 | L102: =E102*K102 -> 934.90805 | M102: =I102+L102 -> 934.90805 | O102: 0.93490805
C103: FCU-308 | D103: 30,000 BTU ; CD | E103: 1 | F103: ชุด | I103: =ROUNDDOWN(E103*G103,2) -> 0 | J103: 1000 | K103: =J103*O103 -> 934.90805 | L103: =E103*K103 -> 934.90805 | M103: =I103+L103 -> 934.90805 | O103: 0.93490805
C104: FCU-309 | D104: 30,000 BTU ; CD | E104: 1 | F104: ชุด | I104: =ROUNDDOWN(E104*G104,2) -> 0 | J104: 1000 | K104: =J104*O104 -> 934.90805 | L104: =E104*K104 -> 934.90805 | M104: =I104+L104 -> 934.90805 | O104: 0.93490805
C105: FCU-310 | D105: 30,000 BTU ; CD | E105: 1 | F105: ชุด | I105: =ROUNDDOWN(E105*G105,2) -> 0 | J105: 1000 | K105: =J105*O105 -> 934.90805 | L105: =E105*K105 -> 934.90805 | M105: =I105+L105 -> 934.90805 | O105: 0.93490805
C106: FCU-311 | D106: 12,000 BTU ; CD | E106: 1 | F106: ชุด | I106: =ROUNDDOWN(E106*G106,2) -> 0 | J106: 1000 | K106: =J106*O106 -> 934.90805 | L106: =E106*K106 -> 934.90805 | M106: =I106+L106 -> 934.90805 | O106: 0.93490805
C107: FCU-312 | D107: 12,000 BTU ; CD | E107: 1 | F107: ชุด | I107: =ROUNDDOWN(E107*G107,2) -> 0 | J107: 1000 | K107: =J107*O107 -> 934.90805 | L107: =E107*K107 -> 934.90805 | M107: =I107+L107 -> 934.90805 | O107: 0.93490805
... C133: FCU-338 | D133: 30,000 BTU ; CC6 | E133: 1 | F133: ชุด | I133: =ROUNDDOWN(E133*G133,2) -> 0 | J133: 1000 | K133: =J133*O133 -> 934.90805 | L133: =E133*K133 -> 934.90805 | M133: =I133+L133 -> 934.90805 | O133: 0.93490805
B134: ชั้นลอย (3M) | O134: 0.93490805
C135: FCU-401 | D135: 72,000 BTU ; FLOORTYPE | E135: 1 | F135: ชุด | I135: =ROUNDDOWN(E135*G135,2) -> 0 | J135: 1000 | K135: =J135*O135 -> 934.90805 | L135: =E135*K135 -> 934.90805 | M135: =I135+L135 -> 934.90805 | O135: 0.93490805
C136: FCU-402 | D136: 30,000 BTU ; CD | E136: 1 | F136: ชุด | I136: =ROUNDDOWN(E136*G136,2) -> 0 | J136: 1000 | K136: =J136*O136 -> 934.90805 | L136: =E136*K136 -> 934.90805 | M136: =I136+L136 -> 934.90805 | O136: 0.93490805
C137: FCU-403 | D137: 30,000 BTU ; CD | E137: 1 | F137: ชุด | I137: =ROUNDDOWN(E137*G137,2) -> 0 | J137: 1000 | K137: =J137*O137 -> 934.90805 | L137: =E137*K137 -> 934.90805 | M137: =I137+L137 -> 934.90805 | O137: 0.93490805
C138: FCU-404 | D138: 30,000 BTU ; CD | E138: 1 | F138: ชุด | I138: =ROUNDDOWN(E138*G138,2) -> 0 | J138: 1000 | K138: =J138*O138 -> 934.90805 | L138: =E138*K138 -> 934.90805 | M138: =I138+L138 -> 934.90805 | O138: 0.93490805
C139: FCU-405 | D139: 24,000 BTU ; CC4 | E139: 1 | F139: ชุด | I139: =ROUNDDOWN(E139*G139,2) -> 0 | J139: 1000 | K139: =J139*O139 -> 934.90805 | L139: =E139*K139 -> 934.90805 | M139: =I139+L139 -> 934.90805 | O139: 0.93490805
C140: FCU-406 | D140: 12,000 BTU ; WM | E140: 1 | F140: ชุด | I140: =ROUNDDOWN(E140*G140,2) -> 0 | J140: 1000 | K140: =J140*O140 -> 934.90805 | L140: =E140*K140 -> 934.90805 | M140: =I140+L140 -> 934.90805 | O140: 0.93490805
C141: FCU-407 | D141: 30,000 BTU ; CS | E141: 1 | F141: ชุด | I141: =ROUNDDOWN(E141*G141,2) -> 0 | J141: 1000 | K141: =J141*O141 -> 934.90805 | L141: =E141*K141 -> 934.90805 | M141: =I141+L141 -> 934.90805 | O141: 0.93490805
C142: FCU-408 | D142: 30,000 BTU ; CC4 | E142: 1 | F142: ชุด | I142: =ROUNDDOWN(E142*G142,2) -> 0 | J142: 1000 | K142: =J142*O142 -> 934.90805 | L142: =E142*K142 -> 934.90805 | M142: =I142+L142 -> 934.90805 | O142: 0.93490805
C143: OAU-401 | D143: 95,500 BTU | E143: 1 | F143: ชุด | I143: =ROUNDDOWN(E143*G143,2) -> 0 | J143: 2000 | K143: =J143*O143 -> 1869.8161 | L143: =E143*K143 -> 1869.8161 | M143: 2000 | O143: 0.93490805
C144: OAU-402 | D144: 30,000 BTU | E144: 1 | F144: ชุด | I144: =ROUNDDOWN(E144*G144,2) -> 0 | J144: 2000 | K144: =J144*O144 -> 1869.8161 | L144: =E144*K144 -> 1869.8161 | M144: =I144+L144 -> 1869.8161 | O144: 0.93490805
C145: OAU-403 | D145: 95,800 BTU | E145: 1 | F145: ชุด | I145: =ROUNDDOWN(E145*G145,2) -> 0 | J145: 2000 | K145: =J145*O145 -> 1869.8161 | L145: =E145*K145 -> 1869.8161 | M145: =I145+L145 -> 1869.8161 | O145: 0.93490805
C146: OAU-404 | D146: 57,500 BTU | E146: 1 | F146: ชุด | I146: =ROUNDDOWN(E146*G146,2) -> 0 | J146: 2000 | K146: =J146*O146 -> 1869.8161 | L146: =E146*K146 -> 1869.8161 | M146: =I146+L146 -> 1869.8161 | O146: 0.93490805
B147: CDU | O147: 0.93490805
C148: CDU-1-01 | D148: 204,000 BTU | E148: 1 | F148: ชุด | I148: =ROUNDDOWN(E148*G148,2) -> 0 | J148: 5000 | K148: =J148*O148 -> 4674.5402 | L148: =E148*K148 -> 4674.5402 | M148: =I148+L148 -> 4674.5402 | O148: 0.93490805
C149: CDU-1-02 | D149: 378,000 BTU | E149: 1 | F149: ชุด | I149: =ROUNDDOWN(E149*G149,2) -> 0 | J149: 5000 | K149: =J149*O149 -> 4674.5402 | L149: =E149*K149 -> 4674.5402 | M149: =I149+L149 -> 4674.5402 | O149: 0.93490805
C150: CDU-1-03 | D150: 222,000 BtU | E150: 1 | F150: ชุด | I150: =ROUNDDOWN(E150*G150,2) -> 0 | J150: 5000 | K150: =J150*O150 -> 4674.5402 | L150: =E150*K150 -> 4674.5402 | M150: =I150+L150 -> 4674.5402 | O150: 0.93490805
C151: CDU-1-04 | D151: 126,000 BTU | E151: 1 | F151: ชุด | I151: =ROUNDDOWN(E151*G151,2) -> 0 | J151: 5000 | K151: =J151*O151 -> 4674.5402 | L151: =E151*K151 -> 4674.5402 | M151: =I151+L151 -> 4674.5402 | O151: 0.93490805
C152: CDU-1-05 | D152: 270,000 BTU | E152: 1 | F152: ชุด | I152: =ROUNDDOWN(E152*G152,2) -> 0 | J152: 5000 | K152: =J152*O152 -> 4674.5402 | L152: =E152*K152 -> 4674.5402 | M152: =I152+L152 -> 4674.5402 | O152: 0.93490805
C153: CDU-1-06 | D153: 390,000 BTU | E153: 1 | F153: ชุด | I153: =ROUNDDOWN(E153*G153,2) -> 0 | J153: 5000 | K153: =J153*O153 -> 4674.5402 | L153: =E153*K153 -> 4674.5402 | M153: =I153+L153 -> 4674.5402 | O153: 0.93490805
C154: CDU-1-07 | D154: 90,000 BTU | E154: 1 | F154: ชุด | I154: =ROUNDDOWN(E154*G154,2) -> 0 | J154: 5000 | K154: =J154*O154 -> 4674.5402 | L154: =E154*K154 -> 4674.5402 | M154: =I154+L154 -> 4674.5402 | O154: 0.93490805
C155: CDU-1-08 | D155: 198,000 BTU | E155: 1 | F155: ชุด | I155: =ROUNDDOWN(E155*G155,2) -> 0 | J155: 5000 | K155: =J155*O155 -> 4674.5402 | L155: =E155*K155 -> 4674.5402 | M155: =I155+L155 -> 4674.5402 | O155: 0.93490805
C156: CDU-1-09 | D156: 181,000 BTU | E156: 1 | F156: ชุด | I156: =ROUNDDOWN(E156*G156,2) -> 0 | J156: 5000 | K156: =J156*O156 -> 4674.5402 | L156: =E156*K156 -> 4674.5402 | M156: =I156+L156 -> 4674.5402 | O156: 0.93490805
C157: CDU-1-10 | D157: 125,500 BTU | E157: 1 | F157: ชุด | I157: =ROUNDDOWN(E157*G157,2) -> 0 | J157: 5000 | K157: =J157*O157 -> 4674.5402 | L157: =E157*K157 -> 4674.5402 | M157: =I157+L157 -> 4674.5402 | O157: 0.93490805
C158: CDU-1-11 | D158: 153,300 BTU | E158: 1 | F158: ชุด | I158: =ROUNDDOWN(E158*G158,2) -> 0 | J158: 5000 | K158: =J158*O158 -> 4674.5402 | L158: =E158*K158 -> 4674.5402 | M158: =I158+L158 -> 4674.5402 | O158: 0.93490805
C159: FDX-301/CDU-301 (AIR SPLIT TYPE รวมอุปกรณ์การติดตั้งพร้อมใช้งาน) | E159: 1 | F159: ชุด | I159: =ROUNDDOWN(E159*G159,2) -> 0 | J159: 1500 | K159: =J159*O159 -> 1402.3621 | L159: =E159*K159 -> 1402.3621 | M159: =I159+L159 -> 1402.3621 | O159: 0.93490805
B160: 1.2 | C160: ข้อต่ออุปกรณ์ท่อ | E160: (ดูรายละเอียดข้อ 3.4) | O160: 0.93490805
B161: 1.3 | C161: เหล็กยึดท่อ | E161: (ดูรายละเอียดข้อ 3.5) | O161: 0.93490805
B162: 1.4 | C162: ทดสอบ ทำความสะอาด ทาสีทำสัญลักษณ์ | E162: (ดูรายละเอียดข้อ 3.6) | O162: 0.93490805
O163: 0.93490805
B164: รวมรายการที่ 1 | L164: =SUM(L34:L162) -> 161271.64 | M164: =I164+L164 -> 161271.64 | O164: 0.93490805
O165: 0.93490805
...

Sheet LD
A1: ชื่อโครงการ | D1: =+'RC2_ปร.5 (ก)'!#REF! -> #REF! | J1: หมวดงาน | K1: หมวดงาน | L1: งานภูมิสถาปัตยกรรมส่วน HARDSCAPE (RC 2)
A2: สถานที่ก่อสร้าง | D2: =+'RC2_ปร.5 (ก)'!#REF! -> #REF! | J2: เมื่อวันที่ | K2: เมื่อวันที่ | L2: =+'RC2_ปร.5 (ก)'!#REF! -> #REF!
A3: คำนวณราคากลางโดย | D3: =+'RC2_ปร.5 (ก)'!#REF! -> #REF!
A5: ลำดับ | B5: รายการ | E5: จำนวน | F5: หน่วย | G5: ราคาวัสดุสิ่งของ | J5: ค่าแรงงาน | M5: รวมค่าวัสดุ | N5: หมายเหตุ
G6: ราคา/หน่วย | H6: ราคา/หน่วย | I6: จำนวนเงิน | J6: ราคา/หน่วย | K6: ราคา/หน่วย | L6: จำนวนเงิน | M6: และแรงงาน
B7: สรุปราคาค่าก่อสร้างงานภูมิสถาปัตยกรรมส่วน HARDSCAPE
B8: อาคาร Ratchadamnoen Center 2
A10: 1 | B10: งานพื้น | M10: =M40 -> 808892.17 | O10: =P10*0.934908047 -> 808892.17 | P10: 865210.41
A11: 2 | B11: งานผนัง | M11: =M44 -> 4851.4764 | O11: =P11*0.934908047 -> 4851.4809 | P11: 5189.26
A12: 3 | B12: งานขอบพื้น | M12: =M51 -> 63544.178 | O12: =P12*0.934908047 -> 63544.176 | P12: 67968.37
A13: 4 | B13: งานระบบรดน้ำ | M13: =M55 -> 0 | O13: =P13*0.934899332 -> 0
O14: =P14*0.934899332 -> 0
B15: รวมราคาค่าก่อสร้างงานภูมิสถาปัตยกรรม Hardscape | M15: =SUM(M10:M14) -> 877287.83 | O15: =SUM(O10:O14) -> 877287.83 | P15: =SUM(P10:P14) -> 938368.04
B31: หมวดงาน HARDSCAPE
A32: 1 | B32: งานพื้น
A33: 1.1 | B33: พื้นทรายปรับระดับบนดิน วางปูบล็อคซึมน้ำ หนา 60 มม. | E33: 884 | F33: ตร.ม. | G33: 647.5 | H33: =G33*O33 -> 605.35296 | I33: =H33*E33 -> 535132.02 | J33: 194.25 | K33: =J33*O33 -> 181.60589 | L33: =E33*K33 -> 160539.61 | M33: =SUM(I33,L33) -> 695671.62 | O33: 0.93490805
B34: พ1 | C34: สีเบจอ่อน | O34: 0.93490805
B35: พ2 | C35: สีเบจกลาง | O35: 0.93490805
B36: พ3 | C36: สีเบจเข้ม | O36: 0.93490805
B37: - | C37: ทรายหยาบปรับระดับ 50 มม. | E37: 44 | F37: ลบ.ม. | G37: 508.33 | H37: =G37*O37 -> 475.24181 | I37: =H37*E37 -> 20910.64 | J37: 112 | K37: =J37*O37 -> 104.7097 | L37: =E37*K37 -> 4607.2269 | M37: =SUM(I37,L37) -> 25517.866 | O37: 0.93490805
B38: - | C38: หินกรวดบดอัดหนา 150 มม. | E38: 133 | F38: ลบ.ม. | G38: 593.33 | H38: =G38*O38 -> 554.70899 | I38: =H38*E38 -> 73776.296 | J38: 112 | K38: =J38*O38 -> 104.7097 | L38: =E38*K38 -> 13926.39 | M38: =SUM(I38,L38) -> 87702.686 | O38: 0.93490805
B39: - | C39: แผ่นใยสังเคราะห์ | E39: 884 | F39: ลบ.ม. | G39: ดูรายละเอียดตามแบบวิศวกร | O39: 0.93490805
B40: รวมราคางานพื้น | M40: =SUM(M33:M38) -> 808892.17 | O40: 0.93490805
O41: 0.93490805
A42: 2 | B42: งานผนัง | O42: 0.93490805
A43: 2.1 | B43: ผ1 | C43: ที่นั่งค.ส.ล. ทำผิวหินขัดหนา 10 มม. | E43: 9 | F43: ตร.ม. | G43: 343.9389 | H43: =G43*O43 -> 321.55125 | I43: =H43*E43 -> 2893.9612 | J43: 232.645 | K43: =J43*O43 -> 217.50168 | L43: =E43*K43 -> 1957.5151 | M43: =SUM(I43,L43) -> 4851.4764 | O43: 0.93490805
B44: รวมราคางานผนัง | M44: =SUM(M43) -> 4851.4764 | O44: 0.93490805
O45: 0.93490805
A46: 3 | B46: งานขอบพื้น | O46: 0.93490805
A47: 3.1 | B47: ข1 | C47: ขอบค.ส.ล.ทำผิวหินขัด หนา 10 มม. | E47: 58 | F47: ตร.ม. | G47: 238.02 | H47: =G47*O47 -> 222.52681 | I47: =H47*E47 -> 12906.555 | J47: 161 | K47: =J47*O47 -> 150.5202 | L47: =E47*K47 -> 8730.1713 | M47: =I47+L47 -> 21636.727 | O47: 0.93490805
A48: 3.2 | B48: ข2 | C48: ขอบค.ส.ล.สำเร็จรูปมาตรฐาน ขนาด 150x300x1000 มม. | E48: 46 | F48: ม. | G48: 148.54 | H48: =G48*O48 -> 138.87124 | I48: =H48*E48 -> 6388.0771 | J48: 44.562 | K48: =J48*O48 -> 41.661372 | L48: =E48*K48 -> 1916.4231 | M48: =I48+L48 -> 8304.5002 | O48: 0.93490805
A49: 3.3 | B49: ข3 | C49: ขอบล้มค.ส.ล. ขนาด 150x600x1000 มม. | E49: 83 | F49: ม. | G49: 299.19 | H49: =G49*O49 -> 279.71514 | I49: =H49*E49 -> 23216.357 | J49: 68.13 | K49: =J49*O49 -> 63.695285 | L49: =E49*K49 -> 5286.7087 | M49: =I49+L49 -> 28503.065 | O49: 0.93490805
A50: 3.4 | B50: ข4 | C50: ขอบเหล็กแบนขนาด 1 นิ้ว หนา 12 มม. ทำสีดำ | E50: 51 | F50: ม. | G50: 72.2 | H50: =G50*O50 -> 67.500361 | I50: =H50*E50 -> 3442.5184 | J50: 34.76 | K50: =J50*O50 -> 32.497404 | L50: =E50*K50 -> 1657.3676 | M50: =I50+L50 -> 5099.886 | O50: 0.93490805
B51: รวมราคางานขอบพื้น | M51: =SUM(M47:M50) -> 63544.178
A53: 4 | B53: งานระบบรดน้ำ
A54: 4.1 | B54: งานระบบรดน้ำหัวก๊อก | E54: 3 | F54: จุด | G54: .
B55: รวมราคางานระบบรดน้ำ | M55: =SUM(M54) -> 0

Sheet แบบ ปร.5(ข)
F1: แบบ ปร.5ข
A2: แบบสรุปราคาค่าก่อสร้างงานครุภัณฑ์จัดซื้อ
A4: ชื่อโครงการ | C4: =+'RC2_ปร.5 (ก)'!#REF! -> #REF!
A5: สถานที่ก่อสร้าง | C5: =+'RC2_ปร.5 (ก)'!#REF! -> #REF!
A6: เจ้าของอาคาร | C6: สำนักงานบริหารและพัฒนาองค์ความรู้ (องค์การมหาชน)
A7: หน่วยงานออกแบบแปลนและรายการ | C7: กิจการร่วมค้าบริษัท จีโอเดสิค ดีไซน์ จำกัด , บริษัท เอ็มสเปซ จำกัด และ บริษัท จั่นอาร์คิเทค จำกัด
A8: แบบ ปร.4 (ข) ที่แนบ | C8: 30 แผ่น
A9: คำนวนราคาโดย | C9: =+'RC2_ปร.5 (ก)'!#REF! -> #REF!
A10: เมื่อวันที่ | C10: =+'RC2_ปร.5 (ก)'!#REF! -> #REF!
A12: ลำดับที่ | B12: รายการ | C12: ค่างาน | D12: ภาษีมูลค่าเพิ่ม | E12: ค่าก่อสร้าง | F12: หมายเหตุ
C13: (บาท) | E13: (บาท)
B14: ส่วนที่ 2 ค่าครุภัณฑ์สั่งซื้อหรือจัดซื้อ
B15: อาคาร Ratchadamnoen Center 2
A16: 1 | B16: งานครุภัณฑ์ประจำอาคาร | C16: =EQ!L14 -> 10154358 | D16: =SUM(C16*7/100) -> 710805.05 | E16: =SUM(C16:D16) -> 10865163
A17: 2 | B17: งานครุภัณฑ์ลอยตัว | C17: =Loose!L18 -> 13071078 | D17: =SUM(C17*7/100) -> 914975.48 | E17: =SUM(C17:D17) -> 13986054
A18: 3 | B18: งานครุภัณฑ์ภาพและเสียง | C18: =AV!M24 -> 7099177.5 | D18: =SUM(C18*7/100) -> 496942.43 | E18: =SUM(C18:D18) -> 7596119.9
A19: 4 | B19: งานครุภัณฑ์ Soft Scape | C19: =HC_SC!M13 -> 710726.49 | D19: =SUM(C19*7/100) -> 49750.855 | E19: =SUM(C19:D19) -> 760477.35
A22: สรุป | B22: รวมค่าก่อสร้าง ส่วนที่ 2 ค่าครุภัณฑ์สั่งซื้อหรือจัดซื้อ | C22: =SUM(C16:C21) -> 31035340 | E22: =SUM(E14:E21) -> 33207814
B23: ="("&BAHTTEXT(E22)&")" -> (สามสิบสามล้านสองแสนเจ็ดพันแปดร้อยสิบสี่บาทหกสตางค์)
B24: พื้นที่อาคาร | C24: =+'RC2_ปร.5 (ก)'!G20 -> 5825 | D24: ตารางเมตร
B25: เฉลี่ยราคาประมาณ | C25: =+E22/C24 -> 5700.9123 | D25: บาท/ตารางเมตร

Sheet EQ
A1: ชื่อโครงการ | D1: =+'แบบ ปร.5(ข)'!C4 -> #REF! | J1: หมวดงาน | K1: งานครุภัณฑ์ประจำอาคาร
A2: สถานที่ก่อสร้าง | D2: =+'แบบ ปร.5(ข)'!C5 -> #REF! | J2: เมื่อวันที่ | K2: =+'RC2_ปร.5 (ก)'!#REF! -> #REF!
A3: คำนวณราคากลางโดย | D3: =+'RC2_ปร.5 (ก)'!#REF! -> #REF!
A5: ลำดับ | B5: รายการ | E5: จำนวน | F5: หน่วย | G5: ราคาวัสดุสิ่งของ | J5: ค่าแรงงาน | L5: รวมค่าวัสดุ | M5: หมายเหตุ
G6: ราคา/หน่วย | H6: ราคา/หน่วย | I6: จำนวนเงิน | J6: ราคา/หน่วย | K6: จำนวนเงิน | L6: และแรงงาน
B7: สรุปราคาค่าก่อสร้างงานครุภัณฑ์ประจำอาคาร
B8: อาคาร Ratchadamnoen Center 2
A10: 1 | B10: งานครุภัณฑ์ลิฟต์ | L10: =L33 -> 1262125.9 | N10: =O10*0.934908047 -> 1262125.9 | O10: 1350000
A11: 2 | B11: งานครุภัณฑ์ระบบวิศวกรรมไฟฟ้า | L11: =L37 -> 820849.27 | N11: =O11*0.934908047 -> 820849.27 | O11: 878000
A12: 3 | B12: งานครุภัณฑ์งานระบบปรับอากาศและระบายอากาศ | L12: =+L167 -> 8071382.8 | N12: =O12*0.934908047 -> 8071382.8 | O12: 8633344
N13: =O13*0.934899332 -> 0
B14: รวมราคางานครุภัณฑ์ประจำอาคาร | L14: =SUM(L10:L13) -> 10154358 | N14: =SUM(N10:N13) -> 10154358 | O14: =SUM(O10:O13) -> 10861344
A31: 1 | B31: งานครุภัณฑ์ลิฟต์
B32: ลิฟต์แก้ว L1 | E32: 1 | F32: ชุด | G32: 1350000 | H32: =G32*N32 -> 1262125.9 | I32: =E32*H32 -> 1262125.9 | J32: 0 | K32: 0 | L32: =SUM(I32) -> 1262125.9 | N32: 0.93490805
B33: รวมราคางานครุภัณฑ์ลิฟต์ | L33: =SUM(L32:L32) -> 1262125.9 | N33: 0.93490805
A34: 2 | B34: งานครุภัณฑ์ระบบวิศวกรรมไฟฟ้า | N34: 0.93490805
A35: 2.1 | B35: เครื่องกำเนิดไฟฟ้าสำรอง | N35: 0.93490805
B36: - | C36: Generator Set 100 kVA 0.8PF Canopy Type | E36: 1 | F36: ชุด | G36: 878000 | H36: =G36*N36 -> 820849.27 | I36: =E36*H36 -> 820849.27 | K36: =ROUNDDOWN(E36*J36,2) -> 0 | L36: =I36+K36 -> 820849.27 | N36: 0.93490805
B37: รวมราคางานระบบวิศวกรรมไฟฟ้า | L37: =SUM(L36) -> 820849.27 | N37: 0.93490805
A38: 2 | B38: งานครุภัณฑ์งานระบบปรับอากาศและระบายอากาศ | N38: 0.93490805
B39: เครื่องปรับอากาศแบบปรับปริมาณน้ำยาอัตโนมัติ(VRF) | N39: 0.93490805
B40: ชั้น 1 | N40: 0.93490805
C41: FCU-101 | D41: 72,000 BTU ; CD | E41: 1 | F41: ชุด | G41: 65016 | H41: =G41*N41 -> 60783.982 | I41: =E41*H41 -> 60783.982 | K41: =ROUNDDOWN(E41*J41,2) -> 0 | L41: =I41+K41 -> 60783.982 | N41: 0.93490805
C42: FCU-102 | D42: 18,000 BTU ; CC4 | E42: 1 | F42: ชุด | G42: 30240 | H42: =G42*N42 -> 28271.619 | I42: =E42*H42 -> 28271.619 | K42: =ROUNDDOWN(E42*J42,2) -> 0 | L42: =I42+K42 -> 28271.619 | N42: 0.93490805
C43: FCU-103 | D43: 18,000 BTU ; CC4 | E43: 1 | F43: ชุด | G43: 30240 | H43: =G43*N43 -> 28271.619 | I43: =E43*H43 -> 28271.619 | K43: =ROUNDDOWN(E43*J43,2) -> 0 | L43: =I43+K43 -> 28271.619 | N43: 0.93490805
C44: FCU-104 | D44: 18,000 BTU ; CC4 | E44: 1 | F44: ชุด | G44: 30240 | H44: =G44*N44 -> 28271.619 | I44: =E44*H44 -> 28271.619 | K44: =ROUNDDOWN(E44*J44,2) -> 0 | L44: =I44+K44 -> 28271.619 | N44: 0.93490805
C45: FCU-105 | D45: 18,000 BTU ; CC4 | E45: 1 | F45: ชุด | G45: 30240 | H45: =G45*N45 -> 28271.619 | I45: =E45*H45 -> 28271.619 | K45: =ROUNDDOWN(E45*J45,2) -> 0 | L45: =I45+K45 -> 28271.619 | N45: 0.93490805
C46: FCU-106 | D46: 12,000 BTU ; CC4 | E46: 1 | F46: ชุด | G46: 28000 | H46: =G46*N46 -> 26177.425 | I46: =E46*H46 -> 26177.425 | K46: =ROUNDDOWN(E46*J46,2) -> 0 | L46: =I46+K46 -> 26177.425 | N46: 0.93490805
C47: FCU-107 | D47: 12,000 BTU ; CC4 | E47: 1 | F47: ชุด | G47: 28000 | H47: =G47*N47 -> 26177.425 | I47: =E47*H47 -> 26177.425 | K47: =ROUNDDOWN(E47*J47,2) -> 0 | L47: =I47+K47 -> 26177.425 | N47: 0.93490805
C48: FCU-108 | D48: 12,000 BTU ; CC4 | E48: 1 | F48: ชุด | G48: 28000 | H48: =G48*N48 -> 26177.425 | I48: =E48*H48 -> 26177.425 | K48: =ROUNDDOWN(E48*J48,2) -> 0 | L48: =I48+K48 -> 26177.425 | N48: 0.93490805
B49: ชั้น M | N49: 0.93490805
C50: OAU-M01 | D50: 150200 BTU | E50: 1 | F50: ชุด | G50: 212800 | H50: =G50*N50 -> 198948.43 | I50: =E50*H50 -> 198948.43 | K50: =ROUNDDOWN(E50*J50,2) -> 0 | L50: =I50+K50 -> 198948.43 | N50: 0.93490805
C51: FCU-M01 | D51: 48,000 BTU ; CD | E51: 1 | F51: ชุด | G51: 30296 | H51: =G51*N51 -> 28323.974 | I51: =E51*H51 -> 28323.974 | K51: =ROUNDDOWN(E51*J51,2) -> 0 | L51: =I51+K51 -> 28323.974 | N51: 0.93490805
C52: FCU-M02 | D52: 30,000 BTU ; CD | E52: 1 | F52: ชุด | G52: 27496 | H52: =G52*N52 -> 25706.232 | I52: =E52*H52 -> 25706.232 | K52: =ROUNDDOWN(E52*J52,2) -> 0 | L52: =I52+K52 -> 25706.232 | N52: 0.93490805
C53: FCU-M03 | D53: 30,000 BTU ; CD | E53: 1 | F53: ชุด | G53: 27496 | H53: =G53*N53 -> 25706.232 | I53: =E53*H53 -> 25706.232 | K53: =ROUNDDOWN(E53*J53,2) -> 0 | L53: =I53+K53 -> 25706.232 | N53: 0.93490805
C54: FCU-M04 | D54: 30,000 BTU ; CD | E54: 1 | F54: ชุด | G54: 27496 | H54: =G54*N54 -> 25706.232 | I54: =E54*H54 -> 25706.232 | K54: =ROUNDDOWN(E54*J54,2) -> 0 | L54: =I54+K54 -> 25706.232 | N54: 0.93490805
C55: FCU-M05 | D55: 72,000 BTU ; CD | E55: 1 | F55: ชุด | G55: 65016 | H55: =G55*N55 -> 60783.982 | I55: =E55*H55 -> 60783.982 | K55: =ROUNDDOWN(E55*J55,2) -> 0 | L55: =I55+K55 -> 60783.982 | N55: 0.93490805
C56: FCU-M06 | D56: 30,000 BTU ; CC4 | E56: 1 | F56: ชุด | G56: 33600 | H56: =G56*N56 -> 31412.91 | I56: =E56*H56 -> 31412.91 | K56: =ROUNDDOWN(E56*J56,2) -> 0 | L56: =I56+K56 -> 31412.91 | N56: 0.93490805
C57: FCU-M07 | D57: 30,000 BTU ; CC4 | E57: 1 | F57: ชุด | G57: 33600 | H57: =G57*N57 -> 31412.91 | I57: =E57*H57 -> 31412.91 | K57: =ROUNDDOWN(E57*J57,2) -> 0 | L57: =I57+K57 -> 31412.91 | N57: 0.93490805
C58: FCU-M08 | D58: 30,000 BTU ; CC4 | E58: 1 | F58: ชุด | G58: 33600 | H58: =G58*N58 -> 31412.91 | I58: =E58*H58 -> 31412.91 | K58: =ROUNDDOWN(E58*J58,2) -> 0 | L58: =I58+K58 -> 31412.91 | N58: 0.93490805
C59: FCU-M09 | D59: 30,000 BTU ; CC4 | E59: 1 | F59: ชุด | G59: 33600 | H59: =G59*N59 -> 31412.91 | I59: =E59*H59 -> 31412.91 | K59: =ROUNDDOWN(E59*J59,2) -> 0 | L59: =I59+K59 -> 31412.91 | N59: 0.93490805
C60: FCU-M10 | D60: 24,000 BTU ; CC4 | E60: 1 | F60: ชุด | G60: 30800 | H60: =G60*N60 -> 28795.168 | I60: =E60*H60 -> 28795.168 | K60: =ROUNDDOWN(E60*J60,2) -> 0 | L60: =I60+K60 -> 28795.168 | N60: 0.93490805
C61: FCU-M11 | D61: 72,000 BTU ; CD | E61: 1 | F61: ชุด | G61: 65016 | H61: =G61*N61 -> 60783.982 | I61: =E61*H61 -> 60783.982 | K61: =ROUNDDOWN(E61*J61,2) -> 0 | L61: =I61+K61 -> 60783.982 | N61: 0.93490805
C62: FCU-M12 | D62: 30,000 BTU ; CD | E62: 1 | F62: ชุด | G62: 27496 | H62: =G62*N62 -> 25706.232 | I62: =E62*H62 -> 25706.232 | K62: =ROUNDDOWN(E62*J62,2) -> 0 | L62: =I62+K62 -> 25706.232 | N62: 0.93490805
B63: ชั้น 2 | N63: 0.93490805
C64: OAU-201 | D64: 72,000 BTU | E64: 1 | F64: ชุด | G64: 83496 | H64: =G64*N64 -> 78061.082 | I64: =E64*H64 -> 78061.082 | K64: =ROUNDDOWN(E64*J64,2) -> 0 | L64: =I64+K64 -> 78061.082 | N64: 0.93490805
C65: OAU-202 | D65: 109,000 BTU | E65: 1 | F65: ชุด | G65: 212800 | H65: =G65*N65 -> 198948.43 | I65: =E65*H65 -> 198948.43 | K65: =ROUNDDOWN(E65*J65,2) -> 0 | L65: =I65+K65 -> 198948.43 | N65: 0.93490805
C66: FCU-201 | D66: 18,000 BTU ; WM | E66: 1 | F66: ชุด | G66: 18984 | H66: =G66*N66 -> 17748.294 | I66: =E66*H66 -> 17748.294 | K66: =ROUNDDOWN(E66*J66,2) -> 0 | L66: =I66+K66 -> 17748.294 | N66: 0.93490805
C67: FCU-202 | D67: 18,000 BTU ; WM | E67: 1 | F67: ชุด | G67: 18984 | H67: =G67*N67 -> 17748.294 | I67: =E67*H67 -> 17748.294 | K67: =ROUNDDOWN(E67*J67,2) -> 0 | L67: =I67+K67 -> 17748.294 | N67: 0.93490805
C68: FCU-203 | D68: 18,000 BTU ; WM | E68: 1 | F68: ชุด | G68: 18984 | H68: =G68*N68 -> 17748.294 | I68: =E68*H68 -> 17748.294 | K68: =ROUNDDOWN(E68*J68,2) -> 0 | L68: =I68+K68 -> 17748.294 | N68: 0.93490805
C69: FCU-204 | D69: 18,000 BTU ; WM | E69: 1 | F69: ชุด | G69: 18984 | H69: =G69*N69 -> 17748.294 | I69: =E69*H69 -> 17748.294 | K69: =ROUNDDOWN(E69*J69,2) -> 0 | L69: =I69+K69 -> 17748.294 | N69: 0.93490805
C70: FCU-205 | D70: 30,000 BTU ; CC4 | E70: 1 | F70: ชุด | G70: 33600 | H70: =G70*N70 -> 31412.91 | I70: =E70*H70 -> 31412.91 | K70: =ROUNDDOWN(E70*J70,2) -> 0 | L70: =I70+K70 -> 31412.91 | N70: 0.93490805
C71: FCU-206 | D71: 30,000 BTU ; CC4 | E71: 1 | F71: ชุด | G71: 33600 | H71: =G71*N71 -> 31412.91 | I71: =E71*H71 -> 31412.91 | K71: =ROUNDDOWN(E71*J71,2) -> 0 | L71: =I71+K71 -> 31412.91 | N71: 0.93490805
C72: FCU-207 | D72: 30,000 BTU ; CC4 | E72: 1 | F72: ชุด | G72: 33600 | H72: =G72*N72 -> 31412.91 | I72: =E72*H72 -> 31412.91 | K72: =ROUNDDOWN(E72*J72,2) -> 0 | L72: =I72+K72 -> 31412.91 | N72: 0.93490805
C73: FCU-208 | D73: 30,000 BTU ; CC4 | E73: 1 | F73: ชุด | G73: 33600 | H73: =G73*N73 -> 31412.91 | I73: =E73*H73 -> 31412.91 | K73: =ROUNDDOWN(E73*J73,2) -> 0 | L73: =I73+K73 -> 31412.91 | N73: 0.93490805
C74: FCU-209 | D74: 30,000 BTU ; CC4 | E74: 1 | F74: ชุด | G74: 33600 | H74: =G74*N74 -> 31412.91 | I74: =E74*H74 -> 31412.91 | K74: =ROUNDDOWN(E74*J74,2) -> 0 | L74: =I74+K74 -> 31412.91 | N74: 0.93490805
C75: FCU-210 | D75: 30,000 BTU ; CC4 | E75: 1 | F75: ชุด | G75: 33600 | H75: =G75*N75 -> 31412.91 | I75: =E75*H75 -> 31412.91 | K75: =ROUNDDOWN(E75*J75,2) -> 0 | L75: =I75+K75 -> 31412.91 | N75: 0.93490805
... C101: FCU-236 | D101: 30,000 BTU ; CC4 | E101: 1 | F101: ชุด | G101: 33600 | H101: =G101*N101 -> 31412.91 | I101: =E101*H101 -> 31412.91 | K101: =ROUNDDOWN(E101*J101,2) -> 0 | L101: =I101+K101 -> 31412.91 | N101: 0.93490805
B102: ชั้น 3 | N102: 0.93490805
C103: FCU-301 | D103: 18,000 BTU ; WN | E103: 1 | F103: ชุด | G103: 18984 | H103: =G103*N103 -> 17748.294 | I103: =E103*H103 -> 17748.294 | K103: =ROUNDDOWN(E103*J103,2) -> 0 | L103: =I103+K103 -> 17748.294 | N103: 0.93490805
C104: FCU-302 | D104: 30,000 BTU ; CC4 | E104: 1 | F104: ชุด | G104: 33600 | H104: =G104*N104 -> 31412.91 | I104: =E104*H104 -> 31412.91 | K104: =ROUNDDOWN(E104*J104,2) -> 0 | L104: =I104+K104 -> 31412.91 | N104: 0.93490805
C105: FCU-303 | D105: 30,000 BTU ; CC4 | E105: 1 | F105: ชุด | G105: 33600 | H105: =G105*N105 -> 31412.91 | I105: =E105*H105 -> 31412.91 | K105: =ROUNDDOWN(E105*J105,2) -> 0 | L105: =I105+K105 -> 31412.91 | N105: 0.93490805
C106: FCU-304 | D106: 30,000 BTU ; CC4 | E106: 1 | F106: ชุด | G106: 33600 | H106: =G106*N106 -> 31412.91 | I106: =E106*H106 -> 31412.91 | K106: =ROUNDDOWN(E106*J106,2) -> 0 | L106: =I106+K106 -> 31412.91 | N106: 0.93490805
C107: FCU-305 | D107: 30,000 BTU ; CC4 | E107: 1 | F107: ชุด | G107: 33600 | H107: =G107*N107 -> 31412.91 | I107: =E107*H107 -> 31412.91 | K107: =ROUNDDOWN(E107*J107,2) -> 0 | L107: =I107+K107 -> 31412.91 | N107: 0.93490805
C108: FCU-306 | D108: 30,000 BTU ; CD | E108: 1 | F108: ชุด | G108: 27496 | H108: =G108*N108 -> 25706.232 | I108: =E108*H108 -> 25706.232 | K108: =ROUNDDOWN(E108*J108,2) -> 0 | L108: =I108+K108 -> 25706.232 | N108: 0.93490805
C109: FCU-307 | D109: 30,000 BTU ; CD | E109: 1 | F109: ชุด | G109: 27496 | H109: =G109*N109 -> 25706.232 | I109: =E109*H109 -> 25706.232 | K109: =ROUNDDOWN(E109*J109,2) -> 0 | L109: =I109+K109 -> 25706.232 | N109: 0.93490805
C110: FCU-308 | D110: 30,000 BTU ; CD | E110: 1 | F110: ชุด | G110: 27496 | H110: =G110*N110 -> 25706.232 | I110: =E110*H110 -> 25706.232 | K110: =ROUNDDOWN(E110*J110,2) -> 0 | L110: =I110+K110 -> 25706.232 | N110: 0.93490805
C111: FCU-309 | D111: 30,000 BTU ; CD | E111: 1 | F111: ชุด | G111: 27496 | H111: =G111*N111 -> 25706.232 | I111: =E111*H111 -> 25706.232 | K111: =ROUNDDOWN(E111*J111,2) -> 0 | L111: =I111+K111 -> 25706.232 | N111: 0.93490805
C112: FCU-310 | D112: 30,000 BTU ; CD | E112: 1 | F112: ชุด | G112: 27496 | H112: =G112*N112 -> 25706.232 | I112: =E112*H112 -> 25706.232 | K112: =ROUNDDOWN(E112*J112,2) -> 0 | L112: =I112+K112 -> 25706.232 | N112: 0.93490805
C113: FCU-311 | D113: 12,000 BTU ; CD | E113: 1 | F113: ชุด | G113: 20776 | H113: =G113*N113 -> 19423.65 | I113: =E113*H113 -> 19423.65 | K113: =ROUNDDOWN(E113*J113,2) -> 0 | L113: =I113+K113 -> 19423.65 | N113: 0.93490805
C114: FCU-312 | D114: 12,000 BTU ; CD | E114: 1 | F114: ชุด | G114: 20776 | H114: =G114*N114 -> 19423.65 | I114: =E114*H114 -> 19423.65 | K114: =ROUNDDOWN(E114*J114,2) -> 0 | L114: =I114+K114 -> 19423.65 | N114: 0.93490805
... C140: FCU-338 | D140: 30,000 BTU ; CC6 | E140: 1 | F140: ชุด | G140: 33600 | H140: =G140*N140 -> 31412.91 | I140: =E140*H140 -> 31412.91 | K140: =ROUNDDOWN(E140*J140,2) -> 0 | L140: =I140+K140 -> 31412.91 | N140: 0.93490805
B141: ชั้น 4 | N141: 0.93490805
C142: FCU-401 | D142: 72,000 BTU ; FLOORTYPE | E142: 1 | F142: ชุด | G142: 78344 | H142: =G142*N142 -> 73244.436 | I142: =E142*H142 -> 73244.436 | K142: =ROUNDDOWN(E142*J142,2) -> 0 | L142: =I142+K142 -> 73244.436 | N142: 0.93490805
C143: FCU-402 | D143: 30,000 BTU ; CD | E143: 1 | F143: ชุด | G143: 27496 | H143: =G143*N143 -> 25706.232 | I143: =E143*H143 -> 25706.232 | K143: =ROUNDDOWN(E143*J143,2) -> 0 | L143: =I143+K143 -> 25706.232 | N143: 0.93490805
C144: FCU-403 | D144: 30,000 BTU ; CD | E144: 1 | F144: ชุด | G144: 27496 | H144: =G144*N144 -> 25706.232 | I144: =E144*H144 -> 25706.232 | K144: =ROUNDDOWN(E144*J144,2) -> 0 | L144: =I144+K144 -> 25706.232 | N144: 0.93490805
C145: FCU-404 | D145: 30,000 BTU ; CD | E145: 1 | F145: ชุด | G145: 27496 | H145: =G145*N145 -> 25706.232 | I145: =E145*H145 -> 25706.232 | K145: =ROUNDDOWN(E145*J145,2) -> 0 | L145: =I145+K145 -> 25706.232 | N145: 0.93490805
C146: FCU-405 | D146: 24,000 BTU ; CC4 | E146: 1 | F146: ชุด | G146: 30800 | H146: =G146*N146 -> 28795.168 | I146: =E146*H146 -> 28795.168 | K146: =ROUNDDOWN(E146*J146,2) -> 0 | L146: =I146+K146 -> 28795.168 | N146: 0.93490805
C147: FCU-406 | D147: 12,000 BTU ; WM | E147: 1 | F147: ชุด | G147: 18424 | H147: =G147*N147 -> 17224.746 | I147: =E147*H147 -> 17224.746 | K147: =ROUNDDOWN(E147*J147,2) -> 0 | L147: =I147+K147 -> 17224.746 | N147: 0.93490805
C148: FCU-407 | D148: 30,000 BTU ; CS | E148: 1 | F148: ชุด | G148: 25256 | H148: =G148*N148 -> 23612.038 | I148: =E148*H148 -> 23612.038 | K148: =ROUNDDOWN(E148*J148,2) -> 0 | L148: =I148+K148 -> 23612.038 | N148: 0.93490805
C149: FCU-408 | D149: 30,000 BTU ; CC4 | E149: 1 | F149: ชุด | G149: 33600 | H149: =G149*N149 -> 31412.91 | I149: =E149*H149 -> 31412.91 | K149: =ROUNDDOWN(E149*J149,2) -> 0 | L149: =I149+K149 -> 31412.91 | N149: 0.93490805
C150: OAU-401 | D150: 95,500 BTU | E150: 1 | F150: ชุด | G150: 88536 | H150: =G150*N150 -> 82773.019 | I150: =E150*H150 -> 82773.019 | K150: =ROUNDDOWN(E150*J150,2) -> 0 | L150: =I150+K150 -> 82773.019 | N150: 0.93490805
C151: OAU-402 | D151: 30,000 BTU | E151: 1 | F151: ชุด | G151: 50456 | H151: =G151*N151 -> 47171.72 | I151: =E151*H151 -> 47171.72 | K151: =ROUNDDOWN(E151*J151,2) -> 0 | L151: =I151+K151 -> 47171.72 | N151: 0.93490805
C152: OAU-403 | D152: 95,800 BTU | E152: 1 | F152: ชุด | G152: 88536 | H152: =G152*N152 -> 82773.019 | I152: =E152*H152 -> 82773.019 | K152: =ROUNDDOWN(E152*J152,2) -> 0 | L152: =I152+K152 -> 82773.019 | N152: 0.93490805
C153: OAU-404 | D153: 57,500 BTU | E153: 1 | F153: ชุด | G153: 83496 | H153: =G153*N153 -> 78061.082 | I153: =E153*H153 -> 78061.082 | K153: =ROUNDDOWN(E153*J153,2) -> 0 | L153: =I153+K153 -> 78061.082 | N153: 0.93490805
B154: CDU | N154: 0.93490805
C155: CDU-1-01 | D155: 204,000 BTU | E155: 1 | F155: ชุด | G155: 420560 | H155: =G155*N155 -> 393184.93 | I155: =E155*H155 -> 393184.93 | K155: =ROUNDDOWN(E155*J155,2) -> 0 | L155: =I155+K155 -> 393184.93 | N155: 0.93490805
C156: CDU-1-02 | D156: 378,000 BTU | E156: 1 | F156: ชุด | G156: 420560 | H156: =G156*N156 -> 393184.93 | I156: =E156*H156 -> 393184.93 | K156: =ROUNDDOWN(E156*J156,2) -> 0 | L156: =I156+K156 -> 393184.93 | N156: 0.93490805
C157: CDU-1-03 | D157: 222,000 BtU | E157: 1 | F157: ชุด | G157: 610960 | H157: =G157*N157 -> 571191.42 | I157: =E157*H157 -> 571191.42 | K157: =ROUNDDOWN(E157*J157,2) -> 0 | L157: =I157+K157 -> 571191.42 | N157: 0.93490805
C158: CDU-1-04 | D158: 126,000 BTU | E158: 1 | F158: ชุด | G158: 704480 | H158: =G158*N158 -> 658624.02 | I158: =E158*H158 -> 658624.02 | K158: =ROUNDDOWN(E158*J158,2) -> 0 | L158: =I158+K158 -> 658624.02 | N158: 0.93490805
C159: CDU-1-05 | D159: 270,000 BTU | E159: 1 | F159: ชุด | G159: 636720 | H159: =G159*N159 -> 595274.65 | I159: =E159*H159 -> 595274.65 | K159: =ROUNDDOWN(E159*J159,2) -> 0 | L159: =I159+K159 -> 595274.65 | N159: 0.93490805
C160: CDU-1-06 | D160: 390,000 BTU | E160: 1 | F160: ชุด | G160: 547120 | H160: =G160*N160 -> 511506.89 | I160: =E160*H160 -> 511506.89 | K160: =ROUNDDOWN(E160*J160,2) -> 0 | L160: =I160+K160 -> 511506.89 | N160: 0.93490805
C161: CDU-1-07 | D161: 90,000 BTU | E161: 1 | F161: ชุด | G161: 148400 | H161: =G161*N161 -> 138740.35 | I161: =E161*H161 -> 138740.35 | K161: =ROUNDDOWN(E161*J161,2) -> 0 | L161: =I161+K161 -> 138740.35 | N161: 0.93490805
C162: CDU-1-08 | D162: 198,000 BTU | E162: 1 | F162: ชุด | G162: 356720 | H162: =G162*N162 -> 333500.4 | I162: =E162*H162 -> 333500.4 | K162: =ROUNDDOWN(E162*J162,2) -> 0 | L162: =I162+K162 -> 333500.4 | N162: 0.93490805
C163: CDU-1-09 | D163: 181,000 BTU | E163: 1 | F163: ชุด | G163: 301280 | H163: =G163*N163 -> 281669.1 | I163: =E163*H163 -> 281669.1 | K163: =ROUNDDOWN(E163*J163,2) -> 0 | L163: =I163+K163 -> 281669.1 | N163: 0.93490805
C164: CDU-1-10 | D164: 125,500 BTU | E164: 1 | F164: ชุด | G164: 203840 | H164: =G164*N164 -> 190571.66 | I164: =E164*H164 -> 190571.66 | K164: =ROUNDDOWN(E164*J164,2) -> 0 | L164: =I164+K164 -> 190571.66 | N164: 0.93490805
C165: CDU-1-11 | D165: 153,300 BTU | E165: 1 | F165: ชุด | G165: 212240 | H165: =G165*N165 -> 198424.88 | I165: =E165*H165 -> 198424.88 | K165: =ROUNDDOWN(E165*J165,2) -> 0 | L165: =I165+K165 -> 198424.88 | N165: 0.93490805
C166: AIR SPLIT TYPE รวมอุปกร์การติดตั้งพร้อมใช้งาน | E166: 1 | F166: ชุด | G166: 22000 | H166: =G166*N166 -> 20567.977 | I166: =E166*H166 -> 20567.977 | K166: =ROUNDDOWN(E166*J166,2) -> 0 | L166: =I166+K166 -> 20567.977 | N166: 0.93490805
B167: รวมราคางานระบบปรับอากาศและระบายอากาศ | L167: =SUM(L41:L166) -> 8071382.8

Sheet Loose
A1: ชื่อโครงการ | D1: =+'แบบ ปร.5(ข)'!C4 -> #REF! | J1: หมวดงาน | K1: งานครุภัณฑ์ลอยตัว (RKCA 2)
A2: สถานที่ก่อสร้าง | D2: =+'แบบ ปร.5(ข)'!C5 -> #REF! | J2: เมื่อวันที่ | K2: =+'RC2_ปร.5 (ก)'!#REF! -> #REF!
A3: คำนวณราคากลางโดย | D3: =+'RC2_ปร.5 (ก)'!#REF! -> #REF!
A5: ลำดับ | B5: รายการ | E5: จำนวน | F5: หน่วย | G5: ราคาวัสดุสิ่งของ | J5: ค่าแรงงาน | L5: รวมค่าวัสดุ | M5: หมายเหตุ
G6: ราคา/หน่วย | H6: ราคา/หน่วย | I6: จำนวนเงิน | J6: ราคา/หน่วย | K6: จำนวนเงิน | L6: และแรงงาน
B7: สรุปราคาค่าก่อสร้างงานครุภัณฑ์ลอยตัวและงานผ้าม่าน
B8: อาคาร Ratchadamnoen Center 2
A10: 1 | B10: งานครุภัณฑ์ชั้นล่าง | L10: =L69 -> 1136203.1 | N10: =O10*0.934908047 -> 1136203.1 | O10: 1215310
A11: 2 | B11: งานครุภัณฑ์ชั้นลอย | L11: =L85 -> 919098.75 | N11: =O11*0.934908047 -> 919098.75 | O11: 983090
A12: 3 | B12: งานครุภัณฑ์ชั้น 2 | L12: =L183 -> 4972608.1 | N12: =O12*0.934908047 -> 4972608.1 | O12: 5318820.5
A13: 4 | B13: งานครุภัณฑ์ชั้น 3 | L13: =L278 -> 4106765.9 | N13: =O13*0.934908047 -> 4106765.9 | O13: 4392695
A14: 5 | B14: งานครุภัณฑ์ชั้นดาดฟ้า | L14: =L301 -> 800584.2 | N14: =O14*0.934908047 -> 800584.2 | O14: 856324
A15: 6 | B15: งานครุภัณฑ์ผ้าม่าน | L15: =L332 -> 676217.49 | N15: =O15*0.934908047 -> 676217.49 | O15: 723298.4
A16: 7 | B16: งานครุภัณฑ์ป้ายสัญลักษณ์ | L16: =L350 -> 459600.8 | N16: =O16*0.934908047 -> 459600.8 | O16: 491600
N17: =O17*0.934899332 -> 0
B18: รวมราคางานครุภัณฑ์ลอยตัวและงานผ้าม่าน | L18: =SUM(L9:L17) -> 13071078 | N18: =SUM(N10:N17) -> 13071078 | O18: =SUM(O10:O17) -> 13981138
J25: 0
A31: 1 | B31: งานครุภัณฑ์ชั้นล่าง
A32: 1.1 | B32: สำนักงาน 1
B33: LF.T01 | C33: โต๊ะสำนักงาน แบบที่ 1 | D33: 160W /120W X 75DX74.5H | E33: 9 | F33: ชุด | G33: 21220 | H33: =G33*N33 -> 19838.749 | I33: =E33*H33 -> 178548.74 | J33: 0 | K33: 0 | L33: =SUM(I33) -> 178548.74 | N33: 0.93490805
B34: LF.T07 | C34: โต๊ะทรงสูง | D34: 200W X 60D X 100H | E34: 1 | F34: ชุด | G34: 14400 | H34: =G34*N34 -> 13462.676 | I34: =E34*H34 -> 13462.676 | J34: 0 | K34: 0 | L34: =SUM(I34) -> 13462.676 | N34: 0.93490805
B35: LF.T08 | C35: โต๊ะประชุมทรงกลม 1 | D35: 75W X 74.5H | E35: 2 | F35: ชุด | G35: 7230 | H35: =G35*N35 -> 6759.3852 | I35: =E35*H35 -> 13518.77 | J35: 0 | K35: 0 | L35: =SUM(I35) -> 13518.77 | N35: 0.93490805
B36: LF.C01 | C36: เก้าอี้สำนักงาน 1 | E36: 11 | F36: ชุด | G36: 7950 | H36: =G36*N36 -> 7432.519 | I36: =E36*H36 -> 81757.709 | J36: 0 | K36: 0 | L36: =SUM(I36) -> 81757.709 | N36: 0.93490805
B37: LF.C04 | C37: เก้าอี้สตูลทรงสูง | E37: 3 | F37: ชุด | G37: 8340 | H37: =G37*N37 -> 7797.1331 | I37: =E37*H37 -> 23391.399 | J37: 0 | K37: 0 | L37: =SUM(I37) -> 23391.399 | N37: 0.93490805
B38: LF.C08 | C38: เก้าอี้ประชุม 3 | E38: 4 | F38: ชุด | G38: 11660 | H38: =G38*N38 -> 10901.028 | I38: =E38*H38 -> 43604.111 | J38: 0 | K38: 0 | L38: =SUM(I38) -> 43604.111 | N38: 0.93490805
B39: LF.R01 | C39: ชุดตู้เอกสารบานเปิด | D39: 160WX40DX90H | E39: 6 | F39: ชุด | G39: 16740 | H39: =G39*N39 -> 15650.361 | I39: =E39*H39 -> 93902.164 | J39: 0 | K39: 0 | L39: =SUM(I39) -> 93902.164 | N39: 0.93490805
B40: LF.SC01 | C40: Screen ไม้หุ้มผ้าพร้อมบังตาเหล็ก | D40: 140WX30H | E40: 6 | F40: ชุด | G40: 8035 | H40: =G40*N40 -> 7511.9862 | I40: =E40*H40 -> 45071.917 | J40: 0 | K40: 0 | L40: =SUM(I40) -> 45071.917 | N40: 0.93490805
A41: 1.2 | B41: ห้องผู้อำนวยการฝ่าย 1 | N41: 0.93490805
B42: LF.T02 | C42: โต๊ะสำนักงาน แบบที่ 2 | E42: 1 | F42: ชุด | G42: 28540 | H42: =G42*N42 -> 26682.276 | I42: =E42*H42 -> 26682.276 | J42: 0 | K42: 0 | L42: =SUM(I42) -> 26682.276 | N42: 0.93490805
B43: LF.C02 | C43: เก้าอี้สำนักงาน 2 | E43: 1 | F43: ชุด | G43: 8500 | H43: =G43*N43 -> 7946.7184 | I43: =E43*H43 -> 7946.7184 | J43: 0 | K43: 0 | L43: =SUM(I43) -> 7946.7184 | N43: 0.93490805
B44: LF.C03 | C44: เก้าอี้สำนักงาน 3 | E44: 1 | F44: ชุด | G44: 6680 | H44: =G44*N44 -> 6245.1858 | I44: =E44*H44 -> 6245.1858 | J44: 0 | K44: 0 | L44: =SUM(I44) -> 6245.1858 | N44: 0.93490805
B45: LF.R05 | C45: ชุดตู้เอกสารบานเปิด | D45: 200WX40DX74.5H | E45: 1 | F45: ชุด | G45: 14780 | H45: =G45*N45 -> 13817.941 | I45: =E45*H45 -> 13817.941 | J45: 0 | K45: 0 | L45: =SUM(I45) -> 13817.941 | N45: 0.93490805
A46: 1.3 | B46: ห้อง CCTV & รปภ. | N46: 0.93490805
B47: LF.T01 | C47: โต๊ะสำนักงาน แบบที่ 1 | D47: 160W /120W X 75DX74.5H | E47: 3 | F47: ชุด | G47: 21220 | H47: =G47*N47 -> 19838.749 | I47: =E47*H47 -> 59516.246 | J47: 0 | K47: 0 | L47: =SUM(I47) -> 59516.246 | N47: 0.93490805
B48: LF.C01 | C48: เก้าอี้สำนักงาน 1 | E48: 3 | F48: ชุด | G48: 7950 | H48: =G48*N48 -> 7432.519 | I48: =E48*H48 -> 22297.557 | J48: 0 | K48: 0 | L48: =SUM(I48) -> 22297.557 | N48: 0.93490805
B49: LF.R04 | C49: ชุดตู้เอกสารบานเปิด | D49: 80WX40DX150H | E49: 4 | F49: ชุด | G49: 12440 | H49: =G49*N49 -> 11630.256 | I49: =E49*H49 -> 46521.024 | J49: 0 | K49: 0 | L49: =SUM(I49) -> 46521.024 | N49: 0.93490805
A50: 1.4 | B50: Workshop | N50: 0.93490805
B51: LF.T06 | C51: โต๊ะพับ WORKSHOP | D51: 150WX50D | E51: 18 | F51: ชุด | G51: 9960 | H51: =G51*N51 -> 9311.6841 | I51: =E51*H51 -> 167610.31 | J51: 0 | K51: 0 | L51: =SUM(I51) -> 167610.31 | N51: 0.93490805
B52: LF.C05 | C52: เก้าอี้ซ้อนเก็บ | E52: 34 | F52: ชุด | G52: 4300 | H52: =G52*N52 -> 4020.1046 | I52: =E52*H52 -> 136683.56 | J52: 0 | K52: 0 | L52: =SUM(I52) -> 136683.56 | N52: 0.93490805
B53: LF.C09.1 | C53: ม้านั่งเหล็กพร้อมโต๊ะกลม | D53: 42W x 122L x 45H | E53: 2 | F53: ชุด | G53: 11980 | H53: =G53*N53 -> 11200.198 | I53: =E53*H53 -> 22400.397 | J53: 0 | K53: 0 | L53: =SUM(I53) -> 22400.397 | N53: 0.93490805
B54: LF.C09.2 | C54: ม้านั่งเหล็ก | D54: 42W x 122L x 45H | E54: 2 | F54: ชุด | G54: 9990 | H54: =G54*N54 -> 9339.7314 | I54: =E54*H54 -> 18679.463 | J54: 0 | K54: 0 | L54: =SUM(I54) -> 18679.463 | N54: 0.93490805
A55: 1.4 | B55: ห้องแม่บ้าน | N55: 0.93490805
B56: LF.T18 | C56: โต๊ะทานอาหาร | D56: 120W X 80D X 74.5H | E56: 1 | F56: ชุด | G56: 8300 | H56: =G56*N56 -> 7759.7368 | I56: =E56*H56 -> 7759.7368 | J56: 0 | K56: 0 | L56: =SUM(I56) -> 7759.7368 | N56: 0.93490805
B57: LF.C20 | C57: เก้าอี้ทานอาหาร | E57: 4 | F57: ชุด | G57: 3000 | H57: =G57*N57 -> 2804.7241 | I57: =E57*H57 -> 11218.897 | J57: 0 | K57: 0 | L57: =SUM(I57) -> 11218.897 | N57: 0.93490805
N58: 0.93490805
N59: 0.93490805
B60: LF.R04 | C60: ชุดตู้เอกสารบานเปิด | D60: 80WX40DX150H | E60: 2 | F60: ชุด | G60: 12440 | H60: =G60*N60 -> 11630.256 | I60: =E60*H60 -> 23260.512 | J60: 0 | K60: 0 | L60: =SUM(I60) -> 23260.512 | N60: 0.93490805
B61: LF.R07 | C61: LOCKER 4 ช่อง | D61: 62WX45DX183H | E61: 2 | F61: ชุด | G61: 10000 | H61: =G61*N61 -> 9349.0805 | I61: =E61*H61 -> 18698.161 | J61: 0 | K61: 0 | L61: =SUM(I61) -> 18698.161 | N61: 0.93490805
B62: LF.E01 | C62: ตู้เย็น 2 ประตู | D62: ความจุไม่น้อยกว่า 7 คิว | E62: 1 | F62: ชุด | G62: 6500 | H62: =G62*N62 -> 6076.9023 | I62: =E62*H62 -> 6076.9023 | J62: 0 | K62: 0 | L62: =SUM(I62) -> 6076.9023 | N62: 0.93490805
A63: 1.5 | B63: โถงบันได 1 | N63: 0.93490805
B64: LF.T21 | C64: โต๊ะข้างวงกลม | E64: 1 | F64: ชุด | G64: 3000 | H64: =G64*N64 -> 2804.7241 | I64: =E64*H64 -> 2804.7241 | J64: 0 | K64: 0 | L64: =SUM(I64) -> 2804.7241 | N64: 0.93490805
B65: LF.C28 | C65: เก้าอี้ Modular | E65: 6 | F65: ชุด | G65: 6890 | H65: =G65*N65 -> 6441.5164 | I65: =E65*H65 -> 38649.099 | J65: 0 | K65: 0 | L65: =SUM(I65) -> 38649.099 | N65: 0.93490805
A66: 1.6 | B66: ห้องเตรียมอาหาร 1 | N66: 0.93490805
B67: LF.E01 | C67: ตู้เย็น 2 ประตู | D67: ความจุไม่น้อยกว่า 7 คิว | E67: 1 | F67: ชุด | G67: 6500 | H67: =G67*N67 -> 6076.9023 | I67: =E67*H67 -> 6076.9023 | J67: 0 | K67: 0 | L67: =SUM(I67) -> 6076.9023 | N67: 0.93490805
N68: 0.93490805
B69: รวมราคางานครุภัณฑ์ชั้นล่าง | L69: =SUM(L33:L68) -> 1136203.1 | N69: 0.93490805
N70: 0.93490805
A71: 2 | B71: งานครุภัณฑ์ชั้นลอย | N71: 0.93490805
A72: 2.1 | B72: ห้องประชุม 1 | N72: 0.93490805
B73: LF.C06 | C73: เก้าอี้ประชุม 1 | E73: 17 | F73: ชุด | G73: 12040 | H73: =G73*N73 -> 11256.293 | I73: =E73*H73 -> 191356.98 | J73: 0 | K73: 0 | L73: =SUM(I73) -> 191356.98 | N73: 0.93490805
A74: 2.2 | B74: สำนักงาน 2 | N74: 0.93490805
B75: LF.T01 | C75: โต๊ะสำนักงาน แบบที่ 1 | D75: 160W /120W X 75DX74.5H | E75: 14 | F75: ชุด | G75: 21220 | H75: =G75*N75 -> 19838.749 | I75: =E75*H75 -> 277742.48 | J75: 0 | K75: 0 | L75: =SUM(I75) -> 277742.48 | N75: 0.93490805
B76: LF.C01 | C76: เก้าอี้สำนักงาน 1 | E76: 14 | F76: ชุด | G76: 7950 | H76: =G76*N76 -> 7432.519 | I76: =E76*H76 -> 104055.27 | J76: 0 | K76: 0 | L76: =SUM(I76) -> 104055.27 | N76: 0.93490805
B77: LF.R04 | C77: ชุดตู้เอกสารบานเปิด | D77: 80WX40DX150H | E77: 16 | F77: ชุด | G77: 12440 | H77: =G77*N77 -> 11630.256 | I77: =E77*H77 -> 186084.1 | J77: 0 | K77: 0 | L77: =SUM(I77) -> 186084.1 | N77: 0.93490805
B78: LF.SC01 | C78: Screen ไม้หุ้มผ้าพร้อมบังตาเหล็ก | D78: 140WX30H | E78: 14 | F78: ชุด | G78: 8035 | H78: =G78*N78 -> 7511.9862 | I78: =E78*H78 -> 105167.81 | J78: 0 | K78: 0 | L78: =SUM(I78) -> 105167.81 | N78: 0.93490805
A79: 2.3 | B79: ห้องผู้อำนวยการฝ่าย 5 | N79: 0.93490805
B80: LF.T02 | C80: โต๊ะสำนักงาน แบบที่ 2 | E80: 1 | F80: ชุด | G80: 28540 | H80: =G80*N80 -> 26682.276 | I80: =E80*H80 -> 26682.276 | J80: 0 | K80: 0 | L80: =SUM(I80) -> 26682.276 | N80: 0.93490805
B81: LF.C02 | C81: เก้าอี้สำนักงาน 2 | E81: 1 | F81: ชุด | G81: 8500 | H81: =G81*N81 -> 7946.7184 | I81: =E81*H81 -> 7946.7184 | J81: 0 | K81: 0 | L81: =SUM(I81) -> 7946.7184 | N81: 0.93490805
B82: LF.C03 | C82: เก้าอี้สำนักงาน 3 | E82: 1 | F82: ชุด | G82: 6680 | H82: =G82*N82 -> 6245.1858 | I82: =E82*H82 -> 6245.1858 | J82: 0 | K82: 0 | L82: =SUM(I82) -> 6245.1858 | N82: 0.93490805
B83: LF.R05 | C83: ชุดตู้เอกสารบานเปิด | D83: 200WX40DX74.5H | E83: 1 | F83: ชุด | G83: 14780 | H83: =G83*N83 -> 13817.941 | I83: =E83*H83 -> 13817.941 | J83: 0 | K83: 0 | L83: =SUM(I83) -> 13817.941 | N83: 0.93490805
N84: 0.93490805
B85: รวมราคางานครุภัณฑ์ชั้นลอย | L85: =SUM(L73:L84) -> 919098.75 | N85: 0.93490805
N86: 0.93490805
A87: 3 | B87: งานครุภัณฑ์ชั้น 2 | N87: 0.93490805
N88: 0.93490805
A89: 3.1 | B89: สำนักงาน 3 | N89: 0.93490805
B90: LF.T01 | C90: โต๊ะสำนักงาน แบบที่ 1 | D90: 160W /120W X 75DX74.5H | E90: 28 | F90: ชุด | G90: 21220 | H90: =G90*N90 -> 19838.749 | I90: =E90*H90 -> 555484.97 | J90: 0 | K90: 0 | L90: =SUM(I90) -> 555484.97 | N90: 0.93490805
B91: LF.T08 | C91: โต๊ะประชุมทรงกลม 1 | D91: Dia70 x H75 | E91: 2 | F91: ชุด | G91: 7238 | H91: =G91*N91 -> 6766.8644 | I91: =E91*H91 -> 13533.729 | J91: 0 | K91: 0 | L91: =SUM(I91) -> 13533.729 | N91: 0.93490805
B92: LF.T09 | C92: โต๊ะประชุมทรงกลม 2 | D92: Dia160 x H75 | E92: 1 | F92: ชุด | G92: 64400 | H92: =G92*N92 -> 60208.078 | I92: =E92*H92 -> 60208.078 | J92: 0 | K92: 0 | L92: =SUM(I92) -> 60208.078 | N92: 0.93490805
B93: LF.C01 | C93: เก้าอี้สำนักงาน 1 | E93: 28 | F93: ชุด | G93: 7950 | H93: =G93*N93 -> 7432.519 | I93: =E93*H93 -> 208110.53 | J93: 0 | K93: 0 | L93: =SUM(I93) -> 208110.53 | N93: 0.93490805
B94: LF.C08 | C94: เก้าอี้ประชุม 3 | E94: 6 | F94: ชุด | G94: 11660 | H94: =G94*N94 -> 10901.028 | I94: =E94*H94 -> 65406.167 | J94: 0 | K94: 0 | L94: =SUM(I94) -> 65406.167 | N94: 0.93490805
B95: LF.C09.1 | C95: ม้านั่งเหล็กพร้อมโต๊ะกลม | D95: 42W x 122L x 45H | E95: 2 | F95: ชุด | G95: 11980 | H95: =G95*N95 -> 11200.198 | I95: =E95*H95 -> 22400.397 | J95: 0 | K95: 0 | L95: =SUM(I95) -> 22400.397 | N95: 0.93490805
B96: LF.C09.2 | C96: ม้านั่งเหล็ก | D96: 42W x 122L x 45H | E96: 2 | F96: ชุด | G96: 9990 | H96: =G96*N96 -> 9339.7314 | I96: =E96*H96 -> 18679.463 | J96: 0 | K96: 0 | L96: =SUM(I96) -> 18679.463 | N96: 0.93490805
B97: LF.C10 | C97: เก้าอี้ประชุม 4 | E97: 6 | F97: ชุด | G97: 12000 | H97: =G97*N97 -> 11218.897 | I97: =E97*H97 -> 67313.379 | J97: 0 | K97: 0 | L97: =SUM(I97) -> 67313.379 | N97: 0.93490805
B98: LF.R01 | C98: ชุดตู้เอกสารบานเปิด | D98: 160WX40DX90H | E98: 10 | F98: ชุด | G98: 16740 | H98: =G98*N98 -> 15650.361 | I98: =E98*H98 -> 156503.61 | J98: 0 | K98: 0 | L98: =SUM(I98) -> 156503.61 | N98: 0.93490805
B99: LF.R02 | C99: ชุดตู้เอกสารบานเปิด | D99: 240WX40DX90H | E99: 3 | F99: ชุด | G99: 25100 | H99: =G99*N99 -> 23466.192 | I99: =E99*H99 -> 70398.576 | J99: 0 | K99: 0 | L99: =SUM(I99) -> 70398.576 | N99: 0.93490805
B100: LF.R03 | C100: ชุดตู้เอกสารบานเปิด | D100: 120WX40DX90H | E100: 2 | F100: ชุด | G100: 12550 | H100: =G100*N100 -> 11733.096 | I100: =E100*H100 -> 23466.192 | J100: 0 | K100: 0 | L100: =SUM(I100) -> 23466.192 | N100: 0.93490805
B101: LF.R03.1 | C101: ชุดปิดเสา | D101: 80WX40DX90H | E101: 1 | F101: ชุด | G101: 3500 | H101: =G101*N101 -> 3272.1782 | I101: =E101*H101 -> 3272.1782 | J101: 0 | K101: 0 | L101: =SUM(I101) -> 3272.1782 | N101: 0.93490805
B102: LF.SC01 | C102: Screen ไม้หุ้มผ้าพร้อมบังตาเหล็ก | D102: 140WX30H | E102: 13 | F102: ชุด | G102: 8035 | H102: =G102*N102 -> 7511.9862 | I102: =E102*H102 -> 97655.82 | J102: 0 | K102: 0 | L102: =SUM(I102) -> 97655.82 | N102: 0.93490805
B103: LF.SC02 | C103: Screen ไม้หุ้มผ้า | D103: 120WX87.5H | E103: 6 | F103: ชุด | G103: 3350 | H103: =G103*N103 -> 3131.942 | I103: =E103*H103 -> 18791.652 | J103: 0 | K103: 0 | L103: =SUM(I103) -> 18791.652 | N103: 0.93490805
B104: LF.SC03 | C104: Screen ไม้หุ้มผ้า | D104: 40WX87.5H | E104: 11 | F104: ชุด | G104: 2650 | H104: =G104*N104 -> 2477.5063 | I104: =E104*H104 -> 27252.57 | J104: 0 | K104: 0 | L104: =SUM(I104) -> 27252.57 | N104: 0.93490805
B105: LF.SC04 | C105: Screen ไม้หุ้มผ้า | D105: 20WX87.5H | E105: 6 | F105: ชุด | G105: 2430 | H105: =G105*N105 -> 2271.8266 | I105: =E105*H105 -> 13630.959 | J105: 0 | K105: 0 | L105: =SUM(I105) -> 13630.959 | N105: 0.93490805
A106: 3.2 | B106: ห้องผู้อำนวยการฝ่าย 2 ห้อง | N106: 0.93490805
B107: LF.T02 | C107: โต๊ะสำนักงาน แบบที่ 2 | E107: 2 | F107: ชุด | G107: 28540 | H107: =G107*N107 -> 26682.276 | I107: =E107*H107 -> 53364.551 | J107: 0 | K107: 0 | L107: =SUM(I107) -> 53364.551 | N107: 0.93490805
B108: LF.C02 | C108: เก้าอี้สำนักงาน 2 | E108: 2 | F108: ชุด | G108: 8500 | H108: =G108*N108 -> 7946.7184 | I108: =E108*H108 -> 15893.437 | J108: 0 | K108: 0 | L108: =SUM(I108) -> 15893.437 | N108: 0.93490805
B109: LF.C03 | C109: เก้าอี้สำนักงาน 3 | E109: 2 | F109: ชุด | G109: 6680 | H109: =G109*N109 -> 6245.1858 | I109: =E109*H109 -> 12490.372 | J109: 0 | K109: 0 | L109: =SUM(I109) -> 12490.372 | N109: 0.93490805
B110: LF.R05 | C110: ชุดตู้เอกสารบานเปิด | D110: 200WX40DX74.5H | E110: 2 | F110: ชุด | G110: 14780 | H110: =G110*N110 -> 13817.941 | I110: =E110*H110 -> 27635.882 | J110: 0 | K110: 0 | L110: =SUM(I110) -> 27635.882 | N110: 0.93490805
A111: 3.3 | B111: สำนักงานฝ่ายตรวจสอบภายใน | N111: 0.93490805
B112: LF.T01 | C112: โต๊ะสำนักงาน แบบที่ 1 | D112: 160W /120W X 750DX74.5H | E112: 2 | F112: ชุด | G112: 21220 | H112: =G112*N112 -> 19838.749 | I112: =E112*H112 -> 39677.498 | J112: 0 | K112: 0 | L112: =SUM(I112) -> 39677.498 | N112: 0.93490805
B113: LF.C01 | C113: เก้าอี้สำนักงาน 1 | E113: 2 | F113: ชุด | G113: 7950 | H113: =G113*N113 -> 7432.519 | I113: =E113*H113 -> 14865.038 | J113: 0 | K113: 0 | L113: =SUM(I113) -> 14865.038 | N113: 0.93490805
...

Sheet AV
A1: ชื่อโครงการ | D1: =+'แบบ ปร.5(ข)'!C4 -> #REF! | J1: หมวดงาน | K1: หมวดงาน | L1: งานครุภัณฑ์ระบบภาพและเสียง (RC2)
A2: สถานที่ก่อสร้าง | D2: =+'แบบ ปร.5(ข)'!C5 -> #REF! | J2: เมื่อวันที่ | K2: เมื่อวันที่ | L2: =+'RC2_ปร.5 (ก)'!#REF! -> #REF!
A3: คำนวณราคากลางโดย | D3: =+'RC2_ปร.5 (ก)'!#REF! -> #REF!
A5: ลำดับ | B5: รายการ | E5: จำนวน | F5: หน่วย | G5: ราคาวัสดุสิ่งของ | J5: ค่าแรงงาน | M5: รวมค่าวัสดุ | N5: หมายเหตุ
G6: ราคา/หน่วย | H6: ราคา/หน่วย | I6: จำนวนเงิน | J6: ราคา/หน่วย | K6: ราคา/หน่วย | L6: จำนวนเงิน | M6: และแรงงาน
B7: สรุปราคาค่าก่อสร้างงานครุภัณฑ์ระบบภาพและเสียง
B8: อาคาร Ratchadamnoen Center 2
A10: 1 | B10: งานครุภัณฑ์ระบบภาพและเสียงโถงต้อนรับ | M10: =M42 -> 1711024.8 | O10: =P10*0.934908047 -> 1711024.8 | P10: 1830153 | Q10: =M10-O10 -> 0
A11: 2 | B11: งานครุภัณฑ์ระบบภาพและเสียง Workshop 1 | M11: =M56 -> 472199.62 | O11: =P11*0.934908047 -> 472199.62 | P11: 505076 | Q11: =M11-O11 -> 0
A12: 3 | B12: งานครุภัณฑ์ระบบภาพและเสียง Workshop 2 | M12: =M71 -> 472199.62 | O12: =P12*0.934908047 -> 472199.62 | P12: 505076 | Q12: =M12-O12 -> 0
A13: 4 | B13: งานครุภัณฑ์ระบบภาพและเสียง ห้องประชุม 1 | M13: =M96 -> 778087.51 | O13: =P13*0.934908047 -> 778087.51 | P13: 832261 | Q13: =M13-O13 -> 0
A14: 5 | B14: งานครุภัณฑ์ระบบภาพและเสียง ห้องประชุม 2 | M14: =M119 -> 778087.51 | O14: =P14*0.934908047 -> 778087.51 | P14: 832261 | Q14: =M14-O14 -> 0
A15: 6 | B15: งานครุภัณฑ์ระบบภาพและเสียง โต๊ะประชุมสำนักงาน 3 | M15: =M126 -> 62027.409 | O15: =P15*0.934908047 -> 62027.409 | P15: 66346 | Q15: =M15-O15 -> 0
A16: 7 | B16: งานครุภัณฑ์ระบบภาพและเสียง โต๊ะประชุมสำนักงาน 4 | M16: =M133 -> 62027.409 | O16: =P16*0.934908047 -> 62027.409 | P16: 66346 | Q16: =M16-O16 -> 0
A17: 8 | B17: งานครุภัณฑ์ระบบภาพและเสียง ห้องประชุม 3 | M17: =M141 -> 84520.362 | O17: =P17*0.934908047 -> 84520.362 | P17: 90405 | Q17: =M17-O17 -> 0
A18: 9 | B18: งานครุภัณฑ์ระบบภาพและเสียง ห้องประชุม 4 | M18: =M147 -> 62027.409 | O18: =P18*0.934908047 -> 62027.409 | P18: 66346 | Q18: =M18-O18 -> 0
A19: 10 | B19: งานครุภัณฑ์ระบบภาพและเสียง ห้องประชุม 5 | M19: =M154 -> 62027.409 | O19: =P19*0.934908047 -> 62027.409 | P19: 66346 | Q19: =M19-O19 -> 0
A20: 11 | B20: งานครุภัณฑ์ระบบภาพและเสียง ห้องประชุม 6 | M20: =M186 -> 2129544.8 | O20: =P20*0.934908047 -> 2129544.8 | P20: 2277812 | Q20: =M20-O20 -> 0
A21: 12 | B21: งานครุภัณฑ์ระบบภาพและเสียง โต๊ะประชุมสำนักงาน 5 | M21: =M193 -> 62027.409 | O21: =P21*0.934908047 -> 62027.409 | P21: 66346 | Q21: =M21-O21 -> 0
A22: 13 | B22: งานครุภัณฑ์ระบบภาพและเสียง ห้องสมุดและพักผ่อน | M22: =M208 -> 363376.32 | O22: =P22*0.934908047 -> 363376.32 | P22: 388676 | Q22: =M22-O22 -> 0
Q23: =M23-O23 -> 0
B24: รวมราคางานครุภัณฑ์งานครุภัณฑ์ระบบภาพและเสียง | M24: =SUM(M10:M23) -> 7099177.5 | O24: =SUM(O10:O23) -> 7099177.5 | P24: =SUM(P10:P23) -> 7593450 | Q24: =M24-O24 -> 0
A31: 1 | B31: งานครุภัณฑ์ระบบภาพและเสียงโถงต้อนรับ
A32: 1.1 | B32: Audio system
B33: - | C33: ลำโพงชนิดติดเพดาน ขนาด 6.5 นิ้ว | E33: 8 | F33: ตัว | G33: 5917 | H33: =G33*O33 -> 5531.8509 | I33: =E33*H33 -> 44254.807 | J33: 0 | L33: 0 | M33: =SUM(I33) -> 44254.807 | O33: 0.93490805
B34: - | C34: เครื่องขยายสัญญาณเสียง แบบที่ 1 | E34: 1 | F34: เครื่อง | G34: 29100 | H34: =G34*O34 -> 27205.824 | I34: =E34*H34 -> 27205.824 | J34: 0 | L34: 0 | M34: =SUM(I34) -> 27205.824 | O34: 0.93490805
B35: - | C35: เครื่องผสมสัญญาณเสียง ขนาด 8 ช่อง | E35: 1 | F35: เครื่อง | G35: 14700 | H35: =G35*O35 -> 13743.148 | I35: =E35*H35 -> 13743.148 | J35: 0 | L35: 0 | M35: =SUM(I35) -> 13743.148 | O35: 0.93490805
B36: - | C36: Audio Interface for Music and Streaming | E36: 1 | F36: เครื่อง | G36: 5292 | H36: =G36*O36 -> 4947.5334 | I36: =E36*H36 -> 4947.5334 | J36: 0 | L36: 0 | M36: =SUM(I36) -> 4947.5334 | O36: 0.93490805
B37: - | C37: Computer All in one | E37: 1 | F37: เครื่อง | G37: 39200 | H37: =G37*O37 -> 36648.395 | I37: =E37*H37 -> 36648.395 | J37: 0 | L37: 0 | M37: =SUM(I37) -> 36648.395 | O37: 0.93490805
B38: - | C38: ตู้เก็บอุปกรณ์ 15 | E38: 1 | F38: ตู้ | G38: 13000 | H38: =G38*O38 -> 12153.805 | I38: =E38*H38 -> 12153.805 | J38: 0 | L38: 0 | M38: =SUM(I38) -> 12153.805 | O38: 0.93490805
A39: 1.2 | B39: Video system | H39: =G39*O39 -> 0 | I39: =E39*H39 -> 0 | O39: 0.93490805
B40: - | C40: LED wall 1.25 p ขนาด 5250 x 1450 mm | E40: 1 | F40: จอ | G40: 1603125 | H40: =G40*O40 -> 1498774.5 | I40: =E40*H40 -> 1498774.5 | J40: 0 | L40: 0 | M40: =SUM(I40) -> 1498774.5 | O40: 0.93490805
A41: 1.3 | B41: ค่าแรงในการติดตั้งอุปกรณ์ พร้อมเข้าระบบและทดสอบระบบ | E41: 1 | F41: งาน | G41: 0 | H41: =G41*O41 -> 0 | I41: =E41*H41 -> 0 | J41: 78400 | K41: =J41*O41 -> 73296.791 | L41: =E41*K41 -> 73296.791 | M41: =SUM(L41+I41) -> 73296.791 | O41: 0.93490805
B42: รวมราคางานครุภัณฑ์ระบบภาพและเสียงโถงต้อนรับ | H42: =G42*O42 -> 0 | M42: =SUM(M33:M41) -> 1711024.8 | O42: 0.93490805
H43: =G43*O43 -> 0 | O43: 0.93490805
A44: 2 | B44: งานครุภัณฑ์ระบบภาพและเสียง Workshop 1 | H44: =G44*O44 -> 0 | O44: 0.93490805
A45: 2.1 | B45: Audio system | O45: 0.93490805
B46: - | C46: เครื่องประมวลผลสัญญาณเสียง ขนาด 4 ช่อง | E46: 1 | F46: เครื่อง | G46: 123190 | H46: =G46*O46 -> 115171.32 | I46: =E46*H46 -> 115171.32 | J46: 0 | L46: 0 | M46: =SUM(I46) -> 115171.32 | O46: 0.93490805
B47: - | C47: ลำโพงคอลั่ม ขนาด 6.5 นิ้ว | E47: 2 | F47: ตัว | G47: 6402 | H47: =G47*O47 -> 5985.2813 | I47: =E47*H47 -> 11970.563 | J47: 0 | L47: 0 | M47: =SUM(I47) -> 11970.563 | O47: 0.93490805
B48: - | C48: เครื่องขยายสัญญาณเสียง 2x120 วัตต์ | E48: 1 | F48: เครื่อง | G48: 58800 | H48: =G48*O48 -> 54972.593 | I48: =E48*H48 -> 54972.593 | J48: 0 | L48: 0 | M48: =SUM(I48) -> 54972.593 | O48: 0.93490805
B49: - | C49: เครื่องผสมสัญญาณเสียง ขนาด 8 ช่อง | E49: 1 | F49: เครื่อง | G49: 14700 | H49: =G49*O49 -> 13743.148 | I49: =E49*H49 -> 13743.148 | J49: 0 | L49: 0 | M49: =SUM(I49) -> 13743.148 | O49: 0.93490805
B50: - | C50: ไมโครโฟนไร้สายแบบมือถือ | E50: 2 | F50: ชุด | G50: 24541 | H50: =G50*O50 -> 22943.578 | I50: =E50*H50 -> 45887.157 | J50: 0 | L50: 0 | M50: =SUM(I50) -> 45887.157 | O50: 0.93490805
B51: - | C51: ตู้เก็บอุปกรณ์ 15U | E51: 1 | F51: ตู้ | G51: 13000 | H51: =G51*O51 -> 12153.805 | I51: =E51*H51 -> 12153.805 | J51: 0 | L51: 0 | M51: =SUM(I51) -> 12153.805 | O51: 0.93490805
A52: 2.2 | B52: Video system | H52: =G52*O52 -> 0 | I52: =E52*H52 -> 0 | O52: 0.93490805
B53: - | C53: จอแสดงผลภาพ ขนาด 86 นิ้ว แบบสัมผัส | E53: 1 | F53: จอ | G53: 170050 | H53: =G53*O53 -> 158981.11 | I53: =E53*H53 -> 158981.11 | J53: 0 | L53: 0 | M53: =SUM(I53) -> 158981.11 | O53: 0.93490805
B54: - | C54: ชุดแปลงสัญญาณภาพ HDBaseT | E54: 1 | F54: ชุด | G54: 24250 | H54: =G54*O54 -> 22671.52 | I54: =E54*H54 -> 22671.52 | J54: 0 | L54: 0 | M54: =SUM(I54) -> 22671.52 | O54: 0.93490805
A55: 2.3 | B55: ค่าแรงในการติดตั้งอุปกรณ์ พร้อมเข้าระบบและทดสอบระบบ | E55: 1 | F55: งาน | G55: 0 | I55: =E55*G55 -> 0 | J55: 39200 | K55: =J55*O55 -> 36648.395 | L55: =E55*K55 -> 36648.395 | M55: =SUM(L55+I55) -> 36648.395 | O55: 0.93490805
B56: รวมราคางานครุภัณฑ์ระบบภาพและเสียง Workshop 1 | M56: =SUM(M46:M55) -> 472199.62 | O56: 0.93490805
O57: 0.93490805
O58: 0.93490805
A59: 3 | B59: งานครุภัณฑ์ระบบภาพและเสียง Workshop 2 | O59: 0.93490805
A60: 3.1 | B60: Audio system | O60: 0.93490805
B61: - | C61: เครื่องประมวลผลสัญญาณเสียง ขนาด 4 ช่อง | E61: 1 | F61: เครื่อง | G61: 123190 | H61: =G61*O61 -> 115171.32 | I61: =E61*H61 -> 115171.32 | J61: 0 | L61: 0 | M61: =SUM(I61) -> 115171.32 | O61: 0.93490805
B62: - | C62: ลำโพงคอลั่ม ขนาด 6.5 นิ้ว | E62: 2 | F62: ตัว | G62: 6402 | H62: =G62*O62 -> 5985.2813 | I62: =E62*H62 -> 11970.563 | J62: 0 | L62: 0 | M62: =SUM(I62) -> 11970.563 | O62: 0.93490805
B63: - | C63: เครื่องขยายสัญญาณเสียง 2 x 120 วัตต์ | E63: 1 | F63: เครื่อง | G63: 58800 | H63: =G63*O63 -> 54972.593 | I63: =E63*H63 -> 54972.593 | J63: 0 | L63: 0 | M63: =SUM(I63) -> 54972.593 | O63: 0.93490805
B64: - | C64: เครื่องผสมสัญญาณเสียง ขนาด 8 ช่อง | E64: 1 | F64: เครื่อง | G64: 14700 | H64: =G64*O64 -> 13743.148 | I64: =E64*H64 -> 13743.148 | J64: 0 | L64: 0 | M64: =SUM(I64) -> 13743.148 | O64: 0.93490805
B65: - | C65: ไมโครโฟนไร้สายแบบมือถือ | E65: 2 | F65: ชุด | G65: 24541 | H65: =G65*O65 -> 22943.578 | I65: =E65*H65 -> 45887.157 | J65: 0 | L65: 0 | M65: =SUM(I65) -> 45887.157 | O65: 0.93490805
B66: - | C66: ตู้เก็บอุปกรณ์ | E66: 1 | F66: ตู้ | G66: 13000 | H66: =G66*O66 -> 12153.805 | I66: =E66*H66 -> 12153.805 | J66: 0 | L66: 0 | M66: =SUM(I66) -> 12153.805 | O66: 0.93490805
A67: 3.2 | B67: Video system | H67: =G67*O67 -> 0 | I67: =E67*H67 -> 0 | O67: 0.93490805
B68: - | C68: จอแสดงผลภาพ ขนาด 86 นิ้ว แบบสัมผัส | E68: 1 | F68: จอ | G68: 170050 | H68: =G68*O68 -> 158981.11 | I68: =E68*H68 -> 158981.11 | J68: 0 | L68: 0 | M68: =SUM(I68) -> 158981.11 | O68: 0.93490805
B69: - | C69: ชุดแปลงสัญญาณภาพ HDBaseT | E69: 1 | F69: ชุด | G69: 24250 | H69: =G69*O69 -> 22671.52 | I69: =E69*H69 -> 22671.52 | J69: 0 | L69: 0 | M69: =SUM(I69) -> 22671.52 | O69: 0.93490805
A70: 3.3 | B70: ค่าแรงในการติดตั้งอุปกรณ์ พร้อมเข้าระบบและทดสอบระบบ | E70: 1 | F70: งาน | G70: 0 | I70: =E70*G70 -> 0 | J70: 39200 | K70: =J70*O70 -> 36648.395 | L70: =E70*K70 -> 36648.395 | M70: =SUM(L70+I70) -> 36648.395 | O70: 0.93490805
B71: รวมราคางานครุภัณฑ์ระบบภาพและเสียง Workshop 2 | M71: =SUM(M61:M70) -> 472199.62 | O71: 0.93490805
O72: 0.93490805
A73: 4 | B73: งานครุภัณฑ์ระบบภาพและเสียง ห้องประชุม 1 | O73: 0.93490805
A74: 4.1 | B74: Audio system | O74: 0.93490805
B75: - | C75: เครื่องประมวลผลสัญญาณเสียง ขนาด 8 ช่อง | E75: 1 | F75: เครื่อง | G75: 136964 | H75: =G75*O75 -> 128048.75 | I75: =E75*H75 -> 128048.75 | J75: 0 | L75: 0 | M75: =SUM(I75) -> 128048.75 | O75: 0.93490805
B76: - | C76: ลำโพงสองทาง ขนาด 6.5 นิ้ว | E76: 2 | F76: ตัว | G76: 6402 | H76: =G76*O76 -> 5985.2813 | I76: =E76*H76 -> 11970.563 | J76: 0 | L76: 0 | M76: =SUM(I76) -> 11970.563 | O76: 0.93490805
B77: - | C77: เครื่องขยายสัญญาณเสียง 2 x 120 วัตต์ | E77: 1 | F77: เครื่อง | G77: 17934 | H77: =G77*O77 -> 16766.641 | I77: =E77*H77 -> 16766.641 | J77: 0 | L77: 0 | M77: =SUM(I77) -> 16766.641 | O77: 0.93490805
B78: - | C78: ลำโพงชนิดติดเพดาน ขนาด 6.5 นิ้ว | E78: 4 | F78: ตัว | G78: 5917 | H78: =G78*O78 -> 5531.8509 | I78: =E78*H78 -> 22127.404 | J78: 0 | L78: 0 | M78: =SUM(I78) -> 22127.404 | O78: 0.93490805
B79: - | C79: เครื่องขยายสัญญาณเสียง แบบที่ 1 | E79: 1 | F79: เครื่อง | G79: 29100 | H79: =G79*O79 -> 27205.824 | I79: =E79*H79 -> 27205.824 | J79: 0 | L79: 0 | M79: =SUM(I79) -> 27205.824 | O79: 0.93490805
B80: - | C80: เครื่องผสมสัญญาณเสียง ขนาด 8 ช่อง | E80: 1 | F80: เครื่อง | G80: 14700 | H80: =G80*O80 -> 13743.148 | I80: =E80*H80 -> 13743.148 | J80: 0 | L80: 0 | M80: =SUM(I80) -> 13743.148 | O80: 0.93490805
B81: - | C81: ไมโครโฟนชุดประชุม สำหรับประธาน | E81: 1 | F81: ตัว | G81: 18430 | H81: =G81*O81 -> 17230.355 | I81: =E81*H81 -> 17230.355 | J81: 0 | L81: 0 | M81: =SUM(I81) -> 17230.355 | O81: 0.93490805
B82: - | C82: ไมโครโฟนชุดประชุม สำหรับผู้ร่วมประชุม | E82: 8 | F82: ตัว | G82: 16490 | H82: =G82*O82 -> 15416.634 | I82: =E82*H82 -> 123333.07 | J82: 0 | L82: 0 | M82: =SUM(I82) -> 123333.07 | O82: 0.93490805
B83: - | C83: เครื่องควบคุมและจ่ายไฟชุดประชุม | E83: 1 | F83: เครื่อง | G83: 53350 | H83: =G83*O83 -> 49877.344 | I83: =E83*H83 -> 49877.344 | J83: 0 | L83: 0 | M83: =SUM(I83) -> 49877.344 | O83: 0.93490805
B84: - | C84: ไมโครโฟนไร้สายแบบมือถือ | E84: 2 | F84: ชุด | G84: 24541 | H84: =G84*O84 -> 22943.578 | I84: =E84*H84 -> 45887.157 | J84: 0 | L84: 0 | M84: =SUM(I84) -> 45887.157 | O84: 0.93490805
B85: - | C85: ตู้เก็บอุปกรณ์ ขนาด 15U | E85: 1 | F85: ตู้ | G85: 13000 | H85: =G85*O85 -> 12153.805 | I85: =E85*H85 -> 12153.805 | J85: 0 | L85: 0 | M85: =SUM(I85) -> 12153.805 | O85: 0.93490805
O86: 0.93490805
O87: 0.93490805
A88: 4.2 | B88: Video system | O88: 0.93490805
B89: - | C89: เครื่องสลับสัญญาณภาพ แบบที่ 1 | E89: 1 | F89: เครื่อง | G89: 42680 | H89: =G89*O89 -> 39901.875 | I89: =E89*H89 -> 39901.875 | J89: 0 | L89: 0 | M89: =SUM(I89) -> 39901.875 | O89: 0.93490805
B90: - | C90: จอแสดงผลภาพขนาด 75 นิ้ว | E90: 1 | F90: จอ | G90: 42679 | H90: =G90*O90 -> 39900.941 | I90: =E90*H90 -> 39900.941 | J90: 0 | L90: 0 | M90: =SUM(I90) -> 39900.941 | O90: 0.93490805
B91: - | C91: แผงรับ-ส่งสัญญาณ HDMI + USB ผ่าน HDBaseT | E91: 2 | F91: ชุด | G91: 36860 | H91: =G91*O91 -> 34460.711 | I91: =E91*H91 -> 68921.421 | J91: 0 | L91: 0 | M91: =SUM(I91) -> 68921.421 | O91: 0.93490805
B92: - | C92: ชุดแปลงสัญญาณภาพ HDBaseT | E92: 1 | F92: ชุด | G92: 24250 | H92: =G92*O92 -> 22671.52 | I92: =E92*H92 -> 22671.52 | J92: 0 | L92: 0 | M92: =SUM(I92) -> 22671.52 | O92: 0.93490805
B93: - | C93: เครื่องแปลงสัญญาณภาพ HDMI ผ่าน USB สำหรับ Conference | E93: 1 | F93: เครื่อง | G93: 44100 | H93: =G93*O93 -> 41229.445 | I93: =E93*H93 -> 41229.445 | J93: 0 | L93: 0 | M93: =SUM(I93) -> 41229.445 | O93: 0.93490805
B94: - | C94: กล้องจับภาพผู้ประชุม | E94: 1 | F94: ตัว | G94: 35280 | H94: =G94*O94 -> 32983.556 | I94: =E94*H94 -> 32983.556 | J94: 0 | L94: 0 | M94: =SUM(I94) -> 32983.556 | O94: 0.93490805
A95: 4.3 | B95: ค่าแรงในการติดตั้งอุปกรณ์ พร้อมเข้าระบบและทดสอบระบบ | E95: 1 | F95: งาน | G95: 0 | I95: =E95*G95 -> 0 | J95: 68600 | K95: =J95*O95 -> 64134.692 | L95: =E95*K95 -> 64134.692 | M95: =SUM(L95+I95) -> 64134.692 | O95: 0.93490805
B96: รวมราคางานครุภัณฑ์ระบบภาพและเสียง ห้องประชุม 1 | M96: =SUM(M75:M95) -> 778087.51 | O96: 0.93490805
O97: 0.93490805
A98: 5 | B98: งานครุภัณฑ์ระบบภาพและเสียง ห้องประชุม 2 | O98: 0.93490805
A99: 5.1 | B99: Audio system | O99: 0.93490805
B100: - | C100: เครื่องประมวลผลสัญญาณเสียง ขนาด 8 ช่อง | E100: 1 | F100: เครื่อง | G100: 136964 | H100: =G100*O100 -> 128048.75 | I100: =E100*H100 -> 128048.75 | J100: 0 | L100: 0 | M100: =SUM(I100) -> 128048.75 | O100: 0.93490805
B101: - | C101: ลำโพงสองทาง ขนาด 6.5 นิ้ว | E101: 2 | F101: ตัว | G101: 6402 | H101: =G101*O101 -> 5985.2813 | I101: =E101*H101 -> 11970.563 | J101: 0 | L101: 0 | M101: =SUM(I101) -> 11970.563 | O101: 0.93490805
B102: - | C102: เครื่องขยายสัญญาณเสียง 2 x 120 วัตต์ | E102: 1 | F102: เครื่อง | G102: 17934 | H102: =G102*O102 -> 16766.641 | I102: =E102*H102 -> 16766.641 | J102: 0 | L102: 0 | M102: =SUM(I102) -> 16766.641 | O102: 0.93490805
B103: - | C103: ลำโพงชนิดติดเพดาน ขนาด 6.5 นิ้ว | E103: 4 | F103: ตัว | G103: 5917 | H103: =G103*O103 -> 5531.8509 | I103: =E103*H103 -> 22127.404 | J103: 0 | L103: 0 | M103: =SUM(I103) -> 22127.404 | O103: 0.93490805
B104: - | C104: เครื่องขยายสัญญาณเสียง แบบที่ 1 | E104: 1 | F104: เครื่อง | G104: 29100 | H104: =G104*O104 -> 27205.824 | I104: =E104*H104 -> 27205.824 | J104: 0 | L104: 0 | M104: =SUM(I104) -> 27205.824 | O104: 0.93490805
B105: - | C105: เครื่องผสมสัญญาณเสียง ขนาด 8 ช่อง | E105: 1 | F105: เครื่อง | G105: 14700 | H105: =G105*O105 -> 13743.148 | I105: =E105*H105 -> 13743.148 | J105: 0 | L105: 0 | M105: =SUM(I105) -> 13743.148 | O105: 0.93490805
B106: - | C106: ไมโครโฟนชุดประชุม สำหรับประธาน | E106: 1 | F106: ตัว | G106: 18430 | H106: =G106*O106 -> 17230.355 | I106: =E106*H106 -> 17230.355 | J106: 0 | L106: 0 | M106: =SUM(I106) -> 17230.355 | O106: 0.93490805
B107: - | C107: ไมโครโฟนชุดประชุม สำหรับผู้ร่วมประชุม | E107: 8 | F107: ตัว | G107: 16490 | H107: =G107*O107 -> 15416.634 | I107: =E107*H107 -> 123333.07 | J107: 0 | L107: 0 | M107: =SUM(I107) -> 123333.07 | O107: 0.93490805
B108: - | C108: เครื่องควบคุมและจ่ายไฟชุดประชุม | E108: 1 | F108: เครื่อง | G108: 53350 | H108: =G108*O108 -> 49877.344 | I108: =E108*H108 -> 49877.344 | J108: 0 | L108: 0 | M108: =SUM(I108) -> 49877.344 | O108: 0.93490805
...

Sheet HC_SC
A1: ชื่อโครงการ | D1: =+'แบบ ปร.5(ข)'!C4 -> #REF! | J1: หมวดงาน | K1: หมวดงาน | L1: ครุภัณฑ์งานภูมิสถาปัตยกรรมและงานต้นไม้ (RC 2)
A2: สถานที่ก่อสร้าง | D2: =+'แบบ ปร.5(ข)'!C5 -> #REF! | J2: เมื่อวันที่ | K2: เมื่อวันที่ | L2: =+'RC2_ปร.5 (ก)'!#REF! -> #REF!
A3: คำนวณราคากลางโดย | D3: =+'RC2_ปร.5 (ก)'!#REF! -> #REF!
A5: ลำดับ | B5: รายการ | E5: จำนวน | F5: หน่วย | G5: ราคาวัสดุสิ่งของ | J5: ค่าแรงงาน | M5: รวมค่าวัสดุ | N5: หมายเหตุ
G6: ราคา/หน่วย | H6: ราคา/หน่วย | I6: จำนวนเงิน | J6: ราคา/หน่วย | K6: ราคา/หน่วย | L6: จำนวนเงิน | M6: และแรงงาน
B7: สรุปราคาค่าก่อสร้างครุภัณฑ์งานภูมิสถาปัตยกรรมและงานต้นไม้
B8: อาคาร Ratchadamnoen Center 2
A10: 1 | B10: หมวดงาน HARDSCAPE | M10: =M46 -> 346607.86 | O10: =P10*0.934908047 -> 346607.86 | P10: 370740.05
A11: 2 | B11: หมวดงาน SOFTSCAPE | M11: =M82 -> 364118.64 | O11: =P11*0.934908047 -> 364118.64 | P11: 389470
O12: =P12*0.934899332 -> 0
B13: รวมราคาค่าก่อสร้างงานภูมิสถาปัตยกรรม Hardscape | M13: =SUM(M10:M11) -> 710726.49 | O13: =SUM(O10:O12) -> 710726.49 | P13: =SUM(P10:P12) -> 760210.05
B31: หมวดครุภัณฑ์งานภูมิสถาปัตยกรรมและงานต้นไม้
B32: หมวดงาน HARDSCAPE
A33: 1 | B33: งานกระถาง
B34: งานกระถางต้นไม้ภายนอกอาคาร
B35: (ก01)ชุดกระถางพร้อมติดตั้งล้อเลื่อน ขนาด 500x1250x400 มม. | E35: 9 | F35: ชุด | G35: 3752.39 | H35: =G35*O35 -> 3508.1396 | I35: =E35*H35 -> 31573.256 | J35: 2419.26 | K35: =J35*O35 -> 2261.7856 | L35: =E35*K35 -> 20356.071 | M35: =I35+L35 -> 51929.327 | O35: 0.93490805
A36: 2 | B36: งานเฟอร์นิเจอร์ | O36: 0.93490805
A37: 2.1 | B37: (ข01)ม้านั่งโครงเหล็กพร้อมติดตั้งล้อเลื่อน ขนาด 500x1250x400 มม. | E37: 12 | F37: ชุด | G37: 6695.58 | H37: =G37*O37 -> 6259.7516 | I37: =E37*H37 -> 75117.019 | J37: 3313.7 | K37: =J37*O37 -> 3098.0048 | L37: =E37*K37 -> 37176.058 | M37: =I37+L37 -> 112293.08 | O37: 0.93490805
A38: 2.2 | B38: ค้ำยันเหล็ก (รวมงานฐานราก) | E38: 16 | F38: ชุด | G38: 2728.36 | H38: =G38*O38 -> 2550.7657 | I38: =E38*H38 -> 40812.252 | J38: 828.1 | K38: =J38*O38 -> 774.19735 | L38: =E38*K38 -> 12387.158 | M38: =I38+L38 -> 53199.409 | O38: 0.93490805
B39: ***ใช้ค้ำยัน แคนา สูง 5.00 ม. ทรงพุ่ม 3.00ม. ⌀ ลำต้น 5 นิ้ว 16 ต้น | O39: 0.93490805
A40: 3 | B40: งานฝาตะแกรงเหล็ก | O40: 0.93490805
B41: ตะแกรงเหล็กคลุมรากต้นไม้ 2 ขนาด 1000x1000 มม. | E41: 16 | F41: ชุด | G41: 2855.79 | H41: =G41*O41 -> 2669.9011 | I41: =E41*H41 -> 42718.417 | J41: 1655.49 | K41: =J41*O41 -> 1547.7309 | L41: =E41*K41 -> 24763.695 | M41: =I41+L41 -> 67482.112 | O41: 0.93490805
A42: 4 | B42: งานเบ็ดเตล็ด | O42: 0.93490805
A43: 4.1 | B43: รั้วเหล็กล้อมงานระบบ | E43: 1 | F43: ชุด | G43: 57000 | H43: =G43*O43 -> 53289.759 | I43: =E43*H43 -> 53289.759 | J43: 5700 | K43: =J43*O43 -> 5328.9759 | L43: =E43*K43 -> 5328.9759 | M43: =I43+L43 -> 58618.735 | O43: 0.93490805
A44: 4.2 | B44: (จ01)ช่องจอดรถจักรยาน | E44: 11 | F44: ชุด | G44: 300 | H44: =G44*O44 -> 280.47241 | I44: =E44*H44 -> 3085.1966 | J44: 0 | L44: =E44*J44 -> 0 | M44: =I44+L44 -> 3085.1966 | O44: 0.93490805
O45: 0.93490805
B46: รวมราคาหมวดงาน HARDSCAPE | M46: =SUM(M35:M44) -> 346607.86
A59: 2 | B59: หมวดงาน SOFTSCAPE
A60: 1 | B60: งานต้นไม้ใหญ่
A61: 1.1 | B61: อินจัน สูง 7.00 ม. ทรงพุ่ม 4.00 ม. ⌀ ลำต้น 16 นิ้ว (ขนาดไม่ต่ำกว่าระบุ) | E61: 1 | F61: ต้น | G61: 32500 | H61: =G61*O61 -> 30384.512 | I61: =E61*H61 -> 30384.512 | J61: 2500 | K61: =J61*O61 -> 2337.2701 | L61: =E61*K61 -> 2337.2701 | M61: =I61+L61 -> 32721.782 | O61: 0.93490805
A62: 1.2 | B62: แคนา สูง 5.00 ม. ทรงพุ่ม 3.00ม. ⌀ ลำต้น 5 นิ้ว (ขนาดไม่ต่ำกว่าระบุ)(ค้ำยันเหล็ก) | E62: 16 | F62: ต้น | G62: 3000 | H62: =G62*O62 -> 2804.7241 | I62: =E62*H62 -> 44875.586 | J62: 1500 | K62: =J62*O62 -> 1402.3621 | L62: =E62*K62 -> 22437.793 | M62: =I62+L62 -> 67313.379 | O62: 0.93490805
B63: **ราคางานต้นไม้ใหญ่นี้ ยังไม่รวมราคาค้ำยันเหล็ก | O63: 0.93490805
A64: 2 | B64: งานไม้พุ่มและไม้คุลมดิน | O64: 0.93490805
A65: 2.1 | B65: โมกลากอ สูง 3.00 ม. ทรงพุ่ม 2..00 ม. (ขนาดไม่ต่ำกว่าระบุ) | E65: 8 | F65: ต้น | G65: 4000 | H65: =G65*O65 -> 3739.6322 | I65: =E65*H65 -> 29917.058 | J65: 500 | K65: =J65*O65 -> 467.45402 | L65: =E65*K65 -> 3739.6322 | M65: =I65+L65 -> 33656.69 | O65: 0.93490805
A66: 2.2 | B66: พวงทองต้น สูง 0.30 ม. ทรงพุ่ม 0.25 ม. ถุง 8 นิ้ว (ขนาดไม่ต่ำกว่าระบุ) | E66: 771 | F66: ต้น | G66: 80 | H66: =G66*O66 -> 74.792644 | I66: =E66*H66 -> 57665.128 | J66: 10 | K66: =J66*O66 -> 9.3490805 | L66: =E66*K66 -> 7208.141 | M66: =I66+L66 -> 64873.269 | O66: 0.93490805
A67: 2.3 | B67: ขาไก่ดำ สูง 0.40 ม. ทรงพุ่ม 0.30 ม. ถุง 8 นิ้ว (ขนาดไม่ต่ำกว่าระบุ) | E67: 430 | F67: ต้น | G67: 40 | H67: =G67*O67 -> 37.396322 | I67: =E67*H67 -> 16080.418 | J67: 10 | K67: =J67*O67 -> 9.3490805 | L67: =E67*K67 -> 4020.1046 | M67: =I67+L67 -> 20100.523 | O67: 0.93490805
A68: 2.4 | B68: เฟินกนกนารี สูง 0.15 ม. ทรงพุ่ม 0.20 ม. กระถาง 4 นิ้ว (ขนาดไม่ต่ำกว่าระบุ) | E68: 660 | F68: ต้น | G68: 30 | H68: =G68*O68 -> 28.047241 | I68: =E68*H68 -> 18511.179 | J68: 10 | K68: =J68*O68 -> 9.3490805 | L68: =E68*K68 -> 6170.3931 | M68: =I68+L68 -> 24681.572 | O68: 0.93490805
A69: 2.5 | B69: หญ้ามาเลเซีย | E69: 46 | F69: ตร.ม | G69: 40 | H69: =G69*O69 -> 37.396322 | I69: =E69*H69 -> 1720.2308 | J69: 10 | K69: =J69*O69 -> 9.3490805 | L69: =E69*K69 -> 430.0577 | M69: =I69+L69 -> 2150.2885 | O69: 0.93490805
A70: 3 | B70: งานไม้กระถางภายนอกอาคาร | O70: 0.93490805
A71: 3.1 | B71: ขาไก่ดำ สูง 0.40 ม. ทรงพุ่ม 0.30 ม. ถุง 8 นิ้ว (ขนาดไม่ต่ำกว่าระบุ) | E71: 54 | F71: ต้น | G71: 40 | H71: =G71*O71 -> 37.396322 | I71: =E71*H71 -> 2019.4014 | J71: 20 | K71: =J71*O71 -> 18.698161 | L71: =E71*K71 -> 1009.7007 | M71: =I71+L71 -> 3029.1021 | O71: 0.93490805
A72: 4 | B72: วัสดุอุปกรณ์ | O72: 0.93490805
A73: 4.1 | B73: ค้ำยันไม้สน หรือไม้ยูคาลิปตัส ขนาด 3 นิ้ว (ขนาดไม่ต่ำกว่าระบุ) | E73: 1 | F73: ชุด | G73: 1500 | H73: =G73*O73 -> 1402.3621 | I73: =E73*H73 -> 1402.3621 | J73: 0 | L73: =E73*J73 -> 0 | M73: =I73+L73 -> 1402.3621 | O73: 0.93490805
B74: ***ใช้ค้ำยัน อินจัน สูง 7.00 ม. ทรงพุ่ม 4.00 ม. ⌀ ลำต้น 16 นิ้ว 1ต้น | O74: 0.93490805
A75: 4.2 | B75: ไม้ค้ำยันแบบ 4 ขา | E75: 8 | F75: ชุด | G75: 1000 | H75: =G75*O75 -> 934.90805 | I75: =E75*H75 -> 7479.2644 | J75: 0 | L75: =E75*J75 -> 0 | M75: =I75+L75 -> 7479.2644 | O75: 0.93490805
B76: ***ใช้ค้ำยันโมกลากอ สูง 3.00ม. ทรงพุ่ม 2.00 ม. 8 ต้น | O76: 0.93490805
A77: 4.3 | B77: GEOTEXTILE | E77: 2 | F77: ตร.ม | G77: 45 | H77: =G77*O77 -> 42.070862 | I77: =E77*H77 -> 84.141724 | J77: 0 | L77: =E77*J77 -> 0 | M77: =I77+L77 -> 84.141724 | O77: 0.93490805
A78: 4.4 | B78: ดินผสมปลูก | E78: 110 | F78: ลบ.ม | G78: 950 | H78: =G78*O78 -> 888.16264 | I78: =E78*H78 -> 97697.891 | J78: 0 | L78: =E78*J78 -> 0 | M78: =I78+L78 -> 97697.891 | O78: 0.93490805
A79: 4.5 | B79: ดินผสมปลูกสำหรับงานไม้ใหญ่บน GRATING | E79: 5 | F79: ลบ.ม | G79: 950 | H79: =G79*O79 -> 888.16264 | I79: =E79*H79 -> 4440.8132 | J79: 0 | L79: =E79*J79 -> 0 | M79: =I79+L79 -> 4440.8132 | O79: 0.93490805
A80: 4.6 | B80: ทรายสำหรับปูหญ้า หนา 100 มม. | E80: 3 | F80: ลบ.ม | G80: 800 | H80: =G80*O80 -> 747.92644 | I80: =E80*H80 -> 2243.7793 | J80: 0 | L80: =E80*J80 -> 0 | M80: =I80+L80 -> 2243.7793 | O80: 0.93490805
A81: 4.7 | B81: หินกรวดโรยกระถาง | E81: 3 | F81: ลบ.ม | G81: 800 | H81: =G81*O81 -> 747.92644 | I81: =E81*H81 -> 2243.7793 | J81: 0 | L81: =E81*J81 -> 0 | M81: =I81+L81 -> 2243.7793 | O81: 0.93490805
B82: รวมราคาหมวดงาน SOFTSCAPE | M82: =SUM(M61:M81) -> 364118.64

Sheet Oth
C1: Description | E1: Qty | F1: Unit | I1: Material | L1: Labor | M1: Amount
B2: ส่วนที่ 3 หมวดค่าใช้จ่ายพิเศษตามข้อกำหนด
B3: Ratchadamnoen Knowledge & Culture Avenue | O3: =P3*0.934908047 -> 14524968 | P3: 15536253
A5: 1 | B5: งานรื้อถอนบางส่วนของอาคาร 7
B6: - | C6: รื้อถอนโครงสร้าง | E6: 130 | F6: ตร.ม. | G6: 0 | I6: =G6*E6 -> 0 | J6: 200 | K6: =J6*O6 -> 186.98161 | L6: =E6*K6 -> 24307.609 | M6: =SUM(L6) -> 24307.609 | N6: รื้อขนไป | O6: 0.93490805
B7: - | C7: งานรื้อถอนผิวพื้นของอาคารเดิม | E7: 5060 | F7: ตร.ม. | G7: 0 | I7: =G7*E7 -> 0 | J7: 40 | K7: =J7*O7 -> 37.396322 | L7: =E7*K7 -> 189225.39 | M7: =SUM(L7) -> 189225.39 | N7: รื้อขนไป | O7: 0.93490805
B8: - | C8: งานรื้อถอนฝ้าเพดานของอาคารเดิม | E8: 4400 | F8: ตร.ม. | G8: 0 | I8: =G8*E8 -> 0 | J8: 20 | K8: =J8*O8 -> 18.698161 | L8: =E8*K8 -> 82271.908 | M8: =SUM(L8) -> 82271.908 | N8: รื้อกองเก็บ | O8: 0.93490805
B9: - | C9: งานรื้อถอนผนังภายในเดิม | E9: 715 | F9: ตร.ม. | G9: 0 | I9: =G9*E9 -> 0 | J9: 40 | K9: =J9*O9 -> 37.396322 | L9: =E9*K9 -> 26738.37 | M9: =SUM(L9) -> 26738.37 | N9: รื้อขนไป | O9: 0.93490805
B10: - | C10: งานรื้อถอนบันไดไม้ | E10: 130 | F10: ม. | G10: 0 | I10: =G10*E10 -> 0 | J10: 70 | K10: =J10*O10 -> 65.443563 | L10: =E10*K10 -> 8507.6632 | M10: =SUM(L10) -> 8507.6632 | N10: รื้อกองเก็บ | O10: 0.93490805
B11: - | C11: งานรื้อถอนหลังคา | E11: 870 | F11: ตร.ม. | G11: 0 | I11: =G11*E11 -> 0 | J11: 30 | K11: =J11*O11 -> 28.047241 | L11: =E11*K11 -> 24401.1 | M11: =SUM(L11) -> 24401.1 | N11: รื้อขนไป | O11: 0.93490805
B12: - | C12: งานรื้อถอนประตู-หน้าต่างไม้ | E12: 30 | F12: ชุด | G12: 0 | I12: 0 | J12: 100 | K12: =J12*O12 -> 93.490805 | L12: =E12*K12 -> 2804.7241 | M12: =SUM(L12) -> 2804.7241 | N12: รื้อกองเก็บ | O12: 0.93490805
A13: 2 | B13: ค่าจัดทำรั้วชั่วคราว | E13: 830 | F13: ม. | G13: =1140 -> 1140 | H13: =G13*O13 -> 1065.7952 | I13: =H13*E13 -> 884609.99 | J13: 415 | K13: =J13*O13 -> 387.98684 | L13: =E13*K13 -> 322029.08 | M13: =L13+I13 -> 1206639.1 | O13: 0.93490805
A14: 3 | B14: งานตาข่ายกันวัสดุตกหล่น กันไฟลาม กันฝุ่น Mesh Sheet รอบสถานที่ก่อสร้าง | E14: =ROUND((170*16*2)+(51*16*2)+(97.4*18.95*2)+(22*18.95*2),0) -> 11597 | F14: ตร.ม. | G14: 37 | H14: =G14*O14 -> 34.591598 | I14: =H14*E14 -> 401158.76 | J14: =+ROUND(37*30%,0) -> 11 | K14: =J14*O14 -> 10.283989 | L14: =E14*K14 -> 119263.41 | M14: =L14+I14 -> 520422.17 | O14: 0.93490805
A15: 4 | B15: ค่าเจาะสำรวจคุณสมบัติทางวิศวกรรมของดิน | E15: 2 | F15: จุด | G15: 0 | I15: =G15*E15 -> 0 | J15: 30000 | K15: =J15*O15 -> 28047.241 | L15: =E15*K15 -> 56094.483 | M15: =L15+I15 -> 56094.483 | O15: 0.93490805
A16: 5 | B16: ค่าขนย้ายดิน พร้อมเกลี่ยหน้าดินให้เรียบร้อย ภายในระยะทางไม่น้อยกว่า 25 กิโลเมตร | E16: 33265 | F16: ลบ.ม. | G16: 0 | I16: =G16*E16 -> 0 | J16: 52.48 | K16: =J16*O16 -> 49.063974 | L16: =E16*K16 -> 1632113.1 | M16: =L16+I16 -> 1632113.1 | O16: 0.93490805
B17: ในพื้นที่กรุงเทพและปริมณฑล | O17: 0.93490805
A18: 6 | B18: ระบบค้ำยัน Platform และ King Post | E18: 1 | F18: งาน | G18: 11500000 | H18: =G18*O18 -> 10751443 | I18: =H18*E18 -> 10751443 | L18: =J18*E18 -> 0 | M18: =L18+I18 -> 10751443 | O18: 0.93490805 | P18: สืบราคาเพิ่ม
B21: รวมราคาค่าใช้จ่ายพิเศษตามข้อกำหนด | M21: =SUM(M2:M20) -> 14524968
