Workbook

Sheet SCH
A1: WBS | B1: Activities | C1: Amount(THB) | D1: %W | E1: DataType | F1: Progress | G1: %Progress | H1: 46060 | I1: =H1+7 -> 46067 | J1: =I1+7 -> 46074 | K1: =J1+7 -> 46081 | L1: =K1+7 -> 46088 | M1: =L1+7 -> 46095 | N1: =M1+7 -> 46102 | O1: =N1+7 -> 46109 | P1: =O1+7 -> 46116 | ... CE1: =CD1+7 -> 46585 | CF1: Recheck Sum Percent
A2: 1 | B2: Preliminaries
A4: 1.1 | B4: เตรียมการก่อสร้าง | C4: 2566437 | D4: =C4/$C$86 -> 0.021229926 | E4: Plan | F4: =G4*$C$4 -> 2566437 | G4: =SUM(H4:CE4)/100 -> 1 | H4: =100/8 -> 12.5 | I4: =100/8 -> 12.5 | J4: =100/8 -> 12.5 | K4: =100/8 -> 12.5 | L4: =100/8 -> 12.5 | M4: =100/8 -> 12.5 | N4: =100/8 -> 12.5 | O4: 12.5 | CF4: =SUM(H4:CE4) -> 100
D5: =D4 -> 0.021229926 | E5: Actual | F5: =G5*$C$4 -> 2566437 | G5: =SUM(H5:CE5)/100 -> 1 | H5: 15 | I5: 15 | J5: 15 | K5: 15 | L5: 15 | M5: 15 | N5: 5 | O5: 5 | CF5: =SUM(H5:CE5) -> 100
A6: 1.2 | B6: ดำเนินการก่อสร้าง | C6: 11648830 | D6: =C6/$C$86 -> 0.096360755 | E6: Plan | F6: =G6*$C$6 -> 11648830 | G6: =SUM(H6:CE6)/100 -> 1 | P6: =100/46 -> 2.173913 | Q6: =P6 -> 2.173913 | R6: =Q6 -> 2.173913 | S6: =R6 -> 2.173913 | T6: =S6 -> 2.173913 | U6: =T6 -> 2.173913 | V6: =U6 -> 2.173913 | W6: =V6 -> 2.173913 | X6: =W6 -> 2.173913 | ... Z6: =Y6 -> 2.173913 | AB6: =Z6 -> 2.173913 | AC6: =AB6 -> 2.173913 | AD6: =AC6 -> 2.173913 | AE6: =AD6 -> 2.173913 | AF6: =AE6 -> 2.173913 | AG6: =AF6 -> 2.173913 | AH6: =AG6 -> 2.173913 | AI6: =AH6 -> 2.173913 | AJ6: =AI6 -> 2.173913 | ... AN6: =AM6 -> 2.173913 | AP6: =AN6 -> 2.173913 | AQ6: =AP6 -> 2.173913 | AR6: =AQ6 -> 2.173913 | AS6: =AR6 -> 2.173913 | AT6: =AS6 -> 2.173913 | AU6: =AT6 -> 2.173913 | AV6: =AU6 -> 2.173913 | AW6: =AV6 -> 2.173913 | AX6: =AW6 -> 2.173913 | ... BK6: =BJ6 -> 2.173913 | CF6: =SUM(H6:CE6) -> 100
D7: =D6 -> 0.096360755 | E7: Actual | F7: =G7*$C$6 -> 11648830 | G7: =SUM(H7:CE7)/100 -> 1 | P7: =100/46 -> 2.173913 | Q7: =100/46 -> 2.173913 | R7: =100/46 -> 2.173913 | S7: =100/46 -> 2.173913 | T7: =100/46 -> 2.173913 | U7: =100/46 -> 2.173913 | V7: =100/46 -> 2.173913 | W7: =100/46 -> 2.173913 | ... Z7: =100/46 -> 2.173913 | AB7: =100/46 -> 2.173913 | AC7: =100/46 -> 2.173913 | AD7: =100/46 -> 2.173913 | AE7: =100/46 -> 2.173913 | AF7: =100/46 -> 2.173913 | AG7: =100/46 -> 2.173913 | AH7: =100/46 -> 2.173913 | AI7: =100/46 -> 2.173913 | ... AN7: =100/46 -> 2.173913 | AP7: =100/46 -> 2.173913 | AQ7: =100/46 -> 2.173913 | AR7: =100/46 -> 2.173913 | AS7: =100/46 -> 2.173913 | AT7: =100/46 -> 2.173913 | AU7: =100/46 -> 2.173913 | AV7: =100/46 -> 2.173913 | AW7: =100/46 -> 2.173913 | ... BK7: =100/46 -> 2.173913 | CF7: =SUM(H7:CE7) -> 100
A8: 1.3 | B8: การส่งมอบงาน | C8: 260000 | D8: =C8/$C$86 -> 0.0021507565 | E8: Plan | F8: =G8*$C$8 -> 260000 | G8: =SUM(H8:CE8)/100 -> 1 | BL8: =100/6 -> 16.666667 | BM8: =BL8 -> 16.666667 | BN8: =BM8 -> 16.666667 | BO8: =BN8 -> 16.666667 | BP8: =BO8 -> 16.666667 | BQ8: =BP8 -> 16.666667 | CF8: =SUM(H8:CE8) -> 100
D9: =D8 -> 0.0021507565 | E9: Actual | F9: =G9*$C$8 -> 260000 | G9: =SUM(H9:CE9)/100 -> 1 | BL9: =100/6 -> 16.666667 | BM9: =100/6 -> 16.666667 | BN9: =100/6 -> 16.666667 | BO9: =100/6 -> 16.666667 | BP9: =100/6 -> 16.666667 | BQ9: =100/6 -> 16.666667 | CF9: =SUM(H9:CE9) -> 100
A10: 2 | B10: Structure | CF10: =SUM(H10:CE10) -> 0
CF11: =SUM(H11:CE11) -> 0
A12: 2.1 | B12: งานเสาเข็ม | C12: 11469839 | D12: =C12/$C$86 -> 0.094880113 | E12: Plan | F12: =G12*$C$12 -> 11469839 | G12: =SUM(H12:CE12)/100 -> 1 | Q12: =100/8 -> 12.5 | R12: =100/8 -> 12.5 | S12: =100/8 -> 12.5 | T12: =S12 -> 12.5 | U12: =T12 -> 12.5 | V12: =U12 -> 12.5 | W12: =V12 -> 12.5 | X12: =W12 -> 12.5 | CF12: =SUM(H12:CE12) -> 100
D13: =D12 -> 0.094880113 | E13: Actual | F13: =G13*$C$12 -> 11469839 | G13: =SUM(H13:CE13)/100 -> 1 | Q13: 4.67 | R13: 10.27 | S13: 11.06 | T13: 8 | U13: 14 | V13: 16 | W13: 16 | X13: 14 | Y13: 6 | CF13: =SUM(H13:CE13) -> 100
A14: 2.2 | B14: งานฐานราก | C14: 8375914 | D14: =C14/$C$86 -> 0.069286736 | E14: Plan | F14: =G14*$C$14 -> 8375914 | G14: =SUM(H14:CE14)/100 -> 1 | V14: =100/5 -> 20 | W14: =V14 -> 20 | X14: =W14 -> 20 | Y14: =X14 -> 20 | Z14: =Y14 -> 20 | CF14: =SUM(H14:CE14) -> 100
D15: =D14 -> 0.069286736 | E15: Actual | F15: =G15*$C$14 -> 8375914 | G15: =SUM(H15:CE15)/100 -> 1 | U15: 15 | V15: 13 | W15: 3 | X15: 15 | Y15: 16 | Z15: 38 | CF15: =SUM(H15:CE15) -> 100
A16: 2.3 | B16: งานเสา | C16: 3045675.9 | D16: =C16/$C$86 -> 0.025194258 | E16: Plan | F16: =G16*$C$16 -> 3045675.9 | G16: =SUM(H16:CE16)/100 -> 1 | AB16: =100/6 -> 16.666667 | AC16: =AB16 -> 16.666667 | AD16: =AC16 -> 16.666667 | AE16: =AD16 -> 16.666667 | AF16: =AE16 -> 16.666667 | AG16: =AF16 -> 16.666667 | CF16: =SUM(H16:CE16) -> 100
D17: =D16 -> 0.025194258 | E17: Actual | F17: =G17*$C$16 -> 3045675.9 | G17: =SUM(H17:CE17)/100 -> 1 | AB17: 2.24 | AC17: 6.74 | AD17: 35.02 | AE17: 26 | AF17: 6 | AG17: 4 | AH17: 4 | AI17: 2 | AJ17: 8 | AK17: 6 | CF17: =SUM(H17:CE17) -> 100
A18: 2.4 | B18: งานคาน | C18: 4095836.8 | D18: =C18/$C$86 -> 0.033881336 | E18: Plan | F18: =G18*$C$18 -> 4095836.8 | G18: =SUM(H18:CE18)/100 -> 1 | AC18: =100/7 -> 14.285714 | AD18: =AC18 -> 14.285714 | AE18: =AD18 -> 14.285714 | AF18: =AE18 -> 14.285714 | AG18: =AF18 -> 14.285714 | AH18: =AG18 -> 14.285714 | AI18: =AH18 -> 14.285714 | CF18: =SUM(H18:CE18) -> 100
D19: =D18 -> 0.033881336 | E19: Actual | F19: =G19*$C$18 -> 4095836.8 | G19: =SUM(H19:CE19)/100 -> 1 | AF19: 10 | AG19: 10 | AH19: 10 | AI19: 20 | AJ19: 20 | AK19: 10 | AL19: 10 | AM19: 10 | CF19: =SUM(H19:CE19) -> 100
A20: 2.5 | B20: งานพื้น | C20: 17041214 | D20: =C20/$C$86 -> 0.14096731 | E20: Plan | F20: =G20*$C$20 -> 17041214 | G20: =SUM(H20:CE20)/100 -> 1 | AP20: =100/8 -> 12.5 | AQ20: =100/8 -> 12.5 | AR20: =100/8 -> 12.5 | AS20: =100/8 -> 12.5 | AT20: =100/8 -> 12.5 | AU20: =100/8 -> 12.5 | AV20: =100/8 -> 12.5 | AW20: =100/8 -> 12.5 | CF20: =SUM(H20:CE20) -> 100
D21: =D20 -> 0.14096731 | E21: Actual | F21: =G21*$C$20 -> 0 | G21: =SUM(H21:CE21)/100 -> 0 | CF21: =SUM(H21:CE21) -> 0
A22: 2.6 | B22: งานผนัง ค.ส.ล. | C22: 57078 | D22: =C22/$C$86 -> 0.00047215722 | E22: Plan | F22: =G22*$C$22 -> 57078 | G22: =SUM(H22:CE22)/100 -> 1 | AR22: =100/4 -> 25 | AS22: =100/4 -> 25 | AT22: =100/4 -> 25 | AU22: =100/4 -> 25 | CF22: =SUM(H22:CE22) -> 100
D23: =D22 -> 0.00047215722 | E23: Actual | F23: =G23*$C$22 -> 57078 | G23: =SUM(H23:CE23)/100 -> 1 | AR23: 25 | AS23: 25 | AT23: 25 | AU23: 25 | CF23: =SUM(H23:CE23) -> 100
A24: 2.7 | B24: งานบันได ค.ส.ล. | C24: 66738.5 | D24: =C24/$C$86 -> 0.00055207023 | E24: Plan | F24: =G24*$C$24 -> 66738.5 | G24: =SUM(H24:CE24)/100 -> 1 | AV24: =100/4 -> 25 | AW24: =100/4 -> 25 | AX24: =100/4 -> 25 | AY24: =100/4 -> 25 | CF24: =SUM(H24:CE24) -> 100
D25: =D24 -> 0.00055207023 | E25: Actual | F25: =G25*$C$24 -> 66738.5 | G25: =SUM(H25:CE25)/100 -> 1 | BH25: 25 | BI25: 25 | BL25: 10 | BQ25: 40 | CF25: =SUM(H25:CE25) -> 100
A26: 2.8 | B26: งาน Ramp | C26: 242035.7 | D26: =C26/$C$86 -> 0.0020021533 | E26: Plan | F26: =G26*$C$26 -> 242035.7 | G26: =SUM(H26:CE26)/100 -> 1 | AV26: =100/4 -> 25 | AW26: =100/4 -> 25 | AX26: =100/4 -> 25 | AY26: =100/4 -> 25 | CF26: =SUM(H26:CE26) -> 100
D27: =D26 -> 0.0020021533 | E27: Actual | F27: =G27*$C$26 -> 242035.7 | G27: =SUM(H27:CE27)/100 -> 1 | BH27: 25 | BI27: 25 | BL27: 10 | BP27: 15 | BQ27: 25 | CF27: =SUM(H27:CE27) -> 100
A28: 2.1 | B28: งานเบ็ดเตล็ด | C28: 1352696 | D28: =C28/$C$86 -> 0.011189691 | E28: Plan | F28: =G28*$C$28 -> 1352696 | G28: =SUM(H28:CE28)/100 -> 1 | BD28: 25 | BE28: 25 | BF28: 25 | BG28: 25 | CF28: =SUM(H28:CE28) -> 100
D29: =D28 -> 0.011189691 | E29: Actual | F29: =G29*$C$28 -> 0 | G29: =SUM(H29:CE29)/100 -> 0 | CF29: =SUM(H29:CE29) -> 0
A30: 3 | B30: Architecture | CF30: =SUM(H30:CE30) -> 0
CF31: =SUM(H31:CE31) -> 0
A32: A | B32: หมวดงานสถาปัตยกรรม (คลังสินค้า) | CF32: =SUM(H32:CE32) -> 0
CF33: =SUM(H33:CE33) -> 0
A34: 3.1 | B34: งานผนังและวัสดุตกแต่งผิวผนัง | C34: 11322420 | D34: =C34/$C$86 -> 0.093660646 | E34: Plan | F34: =G34*$C$34 -> 11322420 | G34: =SUM(H34:CE34)/100 -> 1 | AV34: =100/14 -> 7.1428571 | AW34: =100/14 -> 7.1428571 | AX34: =100/14 -> 7.1428571 | AY34: =100/14 -> 7.1428571 | AZ34: =100/14 -> 7.1428571 | BA34: =100/14 -> 7.1428571 | BB34: =100/14 -> 7.1428571 | BC34: =100/14 -> 7.1428571 | ... BI34: =100/14 -> 7.1428571 | CF34: =SUM(H34:CE34) -> 100
D35: =D34 -> 0.093660646 | E35: Actual | F35: =G35*$C$34/10 -> 0 | G35: =SUM(H35:CE35)/100 -> 0 | CF35: =SUM(H35:CE35) -> 0
A36: 3.2 | B36: งานพื้นและวัสดุตกแต่งผิวพื้น | C36: 27880 | D36: =C36/$C$86 -> 0.00023062727 | E36: Plan | F36: =G36*$C$36 -> 27880 | G36: =SUM(H36:CE36)/100 -> 1 | AX36: =100/8 -> 12.5 | AY36: =100/8 -> 12.5 | AZ36: =100/8 -> 12.5 | BA36: =100/8 -> 12.5 | BB36: =100/8 -> 12.5 | BC36: =100/8 -> 12.5 | BD36: =100/8 -> 12.5 | BE36: =100/8 -> 12.5 | CF36: =SUM(H36:CE36) -> 100
D37: =D36 -> 0.00023062727 | E37: Actual | F37: =G37*$C$36 -> 27880 | G37: =SUM(H37:CE37)/100 -> 1 | BR37: 100 | CF37: =SUM(H37:CE37) -> 100
A38: 3.3 | B38: งานหลังคา | C38: 9512634 | D38: =C38/$C$86 -> 0.078689843 | E38: Plan | F38: =G38*$C$38 -> 9512634 | G38: =SUM(H38:CE38)/100 -> 1 | AN38: =100/6 -> 16.666667 | AP38: =100/6 -> 16.666667 | AQ38: =100/6 -> 16.666667 | AR38: =100/6 -> 16.666667 | AS38: =100/6 -> 16.666667 | AT38: =100/6 -> 16.666667 | CF38: =SUM(H38:CE38) -> 100
D39: =D38 -> 0.078689843 | E39: Actual | F39: =G39*$C$38 -> 0 | G39: =SUM(H39:CE39)/100 -> 0 | CF39: =SUM(H39:CE39) -> 0
A40: 3.4 | B40: งานฝ้าเพดาน | C40: 31320 | D40: =C40/$C$86 -> 0.00025908343 | E40: Plan | F40: =G40*$C$40 -> 31320 | G40: =SUM(H40:CE40)/100 -> 1 | AT40: =100/3 -> 33.333333 | AU40: =100/3 -> 33.333333 | AV40: =100/3 -> 33.333333 | CF40: =SUM(H40:CE40) -> 100
D41: =D40 -> 0.00025908343 | E41: Actual | F41: =G41*$C$40 -> 31320 | G41: =SUM(H41:CE41)/100 -> 1 | BM41: 20 | BN41: 20 | BO41: 20 | BP41: 10 | BQ41: 20 | BR41: 10 | CF41: =SUM(H41:CE41) -> 100
A42: 3.5 | B42: งานประตู-หน้าต่าง | C42: 3079380 | D42: =C42/$C$86 -> 0.025473063 | E42: Plan | F42: =G42*$C$42 -> 3079380 | G42: =SUM(H42:CE42)/100 -> 1 | BC42: =100/5 -> 20 | BD42: =100/5 -> 20 | BE42: =100/5 -> 20 | BF42: =100/5 -> 20 | BG42: =100/5 -> 20 | CF42: =SUM(H42:CE42) -> 100
D43: =D42 -> 0.025473063 | E43: Actual | F43: =G43*$C$42 -> 0 | G43: =SUM(H43:CE43)/100 -> 0 | CF43: =SUM(H43:CE43) -> 0
A44: 3.6 | B44: งานทาสี | C44: 300140 | D44: =C44/$C$86 -> 0.0024828002 | E44: Plan | F44: =G44*$C$44 -> 300140 | G44: =SUM(H44:CE44)/100 -> 1 | BF44: =100/6 -> 16.666667 | BG44: =100/6 -> 16.666667 | BH44: =100/6 -> 16.666667 | BI44: =100/6 -> 16.666667 | BJ44: =100/6 -> 16.666667 | BK44: =100/6 -> 16.666667 | CF44: =SUM(H44:CE44) -> 100
D45: =D44 -> 0.0024828002 | E45: Actual | F45: =G45*$C$44 -> 0 | G45: =SUM(H45:CE45)/100 -> 0 | CF45: =SUM(H45:CE45) -> 0
A46: 3.7 | B46: งานเบ็ดเตล็ด | C46: 212960 | D46: =C46/$C$86 -> 0.001761635 | E46: Plan | F46: =G46*$C$46 -> 212960 | G46: =SUM(H46:CE46)/100 -> 1 | BF46: =100/4 -> 25 | BG46: =100/4 -> 25 | BH46: =100/4 -> 25 | BI46: =100/4 -> 25 | CF46: =SUM(H46:CE46) -> 100
D47: =D46 -> 0.001761635 | E47: Actual | F47: =G47*$C$46 -> 212960 | G47: =SUM(H47:CE47)/100 -> 1 | BF47: 10 | BG47: 10 | BH47: 50 | BI47: 30 | CF47: =SUM(H47:CE47) -> 100
A48: B | B48: หมวดงานสถาปัตยกรรม (ออฟฟิศ) | CF48: =SUM(H48:CE48) -> 0
CF49: =SUM(H49:CE49) -> 0
A50: 3.1 | B50: งานผนังและวัสดุตกแต่งผิวผนัง | C50: 244910 | D50: =C50/$C$86 -> 0.0020259299 | E50: Plan | F50: =G50*$C$50 -> 244910 | G50: =SUM(H50:CE50)/100 -> 1 | BB50: =100/8 -> 12.5 | BC50: =100/8 -> 12.5 | BD50: =100/8 -> 12.5 | BE50: =100/8 -> 12.5 | BF50: =100/8 -> 12.5 | BG50: =100/8 -> 12.5 | BH50: =100/8 -> 12.5 | BI50: =100/8 -> 12.5 | CF50: =SUM(H50:CE50) -> 100
D51: =D50 -> 0.0020259299 | E51: Actual | F51: =G51*$C$50 -> 244910 | G51: =SUM(H51:CE51)/100 -> 1 | BK51: 88 | BL51: 12 | CF51: =SUM(H51:CE51) -> 100
A52: 3.2 | B52: งานพื้นและวัสดุตกแต่งผิวพื้น | C52: 324210 | D52: =C52/$C$86 -> 0.0026819106 | E52: Plan | F52: =G52*$C$52 -> 324210 | G52: =SUM(H52:CE52)/100 -> 1 | BA52: =100/8 -> 12.5 | BB52: =100/8 -> 12.5 | BC52: =100/8 -> 12.5 | BD52: =100/8 -> 12.5 | BE52: =100/8 -> 12.5 | BF52: =100/8 -> 12.5 | BG52: =100/8 -> 12.5 | BH52: =100/8 -> 12.5 | CF52: =SUM(H52:CE52) -> 100
D53: =D52 -> 0.0026819106 | E53: Actual | F53: =G53*$C$52 -> 324210 | G53: =SUM(H53:CE53)/100 -> 1 | BK53: 100 | CF53: =SUM(H53:CE53) -> 100
A54: 3.3 | B54: งานบัวเชิงผนัง | C54: 69690 | D54: =C54/$C$86 -> 0.00057648545 | E54: Plan | F54: =G54*$C$54 -> 69690 | G54: =SUM(H54:CE54)/100 -> 1 | BD54: =100/2 -> 50 | BE54: =100/2 -> 50 | CF54: =SUM(H54:CE54) -> 100
D55: =D54 -> 0.00057648545 | E55: Actual | F55: =G55*$C$54 -> 69690 | G55: =SUM(H55:CE55)/100 -> 1 | BR55: 100 | CF55: =SUM(H55:CE55) -> 100
A56: 3.4 | B56: งานฝ้าเพดาน | C56: 318330 | D56: =C56/$C$86 -> 0.0026332704 | E56: Plan | F56: =G56*$C$56 -> 318330 | G56: =SUM(H56:CE56)/100 -> 1 | BE56: =100/6 -> 16.666667 | BF56: =100/6 -> 16.666667 | BG56: =100/6 -> 16.666667 | BH56: =100/6 -> 16.666667 | BI56: =100/6 -> 16.666667 | BJ56: =100/6 -> 16.666667 | CF56: =SUM(H56:CE56) -> 100
D57: =D56 -> 0.0026332704 | E57: Actual | F57: =G57*$C$56 -> 318330 | G57: =SUM(H57:CE57)/100 -> 1 | BM57: 30 | BN57: 20 | BP57: 10 | BR57: 40 | CF57: =SUM(H57:CE57) -> 100
A58: 3.5 | B58: งานตกแต่งผิวบันได | C58: 48740 | D58: =C58/$C$86 -> 0.00040318412 | E58: Plan | F58: =G58*$C$58 -> 48740 | G58: =SUM(H58:CE58)/100 -> 1 | BF58: =100/4 -> 25 | BG58: =100/4 -> 25 | BH58: =100/4 -> 25 | BI58: =100/4 -> 25 | CF58: =SUM(H58:CE58) -> 100
D59: =D58 -> 0.00040318412 | E59: Actual | F59: =G59*$C$58 -> 48740 | G59: =SUM(H59:CE59)/100 -> 1 | BR59: 100 | CF59: =SUM(H59:CE59) -> 100
A60: 3.6 | B60: งานประตู-หน้าต่าง | C60: 747048 | D60: =C60/$C$86 -> 0.0061796858 | E60: Plan | F60: =G60*$C$60 -> 747048 | G60: =SUM(H60:CE60)/100 -> 1 | BG60: =100/5 -> 20 | BH60: =100/5 -> 20 | BI60: =100/5 -> 20 | BJ60: =100/5 -> 20 | BK60: =100/5 -> 20 | CF60: =SUM(H60:CE60) -> 100
D61: =D60 -> 0.0061796858 | E61: Actual | F61: =G61*$C$60 -> 747048 | G61: =SUM(H61:CE61)/100 -> 1 | BM61: 20 | BN61: 30 | BO61: 10 | BQ61: 40 | CF61: =SUM(H61:CE61) -> 100
A62: 3.7 | B62: งานสุขภัณฑ์ | C62: 543290 | D62: =C62/$C$86 -> 0.0044941711 | E62: Plan | F62: =G62*$C$62 -> 543290 | G62: =SUM(H62:CE62)/100 -> 1 | BH62: =100/4 -> 25 | BI62: =100/4 -> 25 | BJ62: =100/4 -> 25 | BK62: =100/4 -> 25 | CF62: =SUM(H62:CE62) -> 100
D63: =D62 -> 0.0044941711 | E63: Actual | F63: =G63*$C$62 -> 543290 | G63: =SUM(H63:CE63)/100 -> 1 | BO63: 30 | BP63: 20 | BQ63: 50 | CF63: =SUM(H63:CE63) -> 100
A64: 3.8 | B64: งานทาสี | C64: 124800 | D64: =C64/$C$86 -> 0.0010323631 | E64: Plan | F64: =G64*$C$64 -> 124800 | G64: =SUM(H64:CE64)/100 -> 1 | BG64: =100/5 -> 20 | BH64: =100/5 -> 20 | BI64: =100/5 -> 20 | BJ64: =100/5 -> 20 | BK64: =100/5 -> 20 | CF64: =SUM(H64:CE64) -> 100
D65: =D64 -> 0.0010323631 | E65: Actual | F65: =G65*$C$64 -> 0 | G65: =SUM(H65:CE65)/100 -> 0
A66: 3.9 | B66: งานเบ็ดเตล็ด | C66: 7290 | D66: =C66/$C$86 -> 6.0303902e-05 | E66: Plan | F66: =G66*$C$66 -> 7290 | G66: =SUM(H66:CE66)/100 -> 1 | BJ66: 50 | BK66: 50 | CF66: =SUM(H66:CE66) -> 100
D67: =D66 -> 6.0303902e-05 | E67: Actual | F67: =G67*$C$66 -> 7290 | G67: =SUM(H67:CE67)/100 -> 1 | BJ67: 50 | BK67: 50 | CF67: =SUM(H67:CE67) -> 100
A68: 4 | B68: External | CF68: =SUM(H68:CE68) -> 0
A70: 4.1 | B70: งานกำแพงกันดิน | C70: 4127728.8 | D70: =C70/$C$86 -> 0.034145152 | E70: Plan | F70: =G70*$C$70 -> 4127728.8 | G70: =SUM(H70:CE70)/100 -> 1 | AL70: =100/13 -> 7.6923077 | AM70: =100/13 -> 7.6923077 | AN70: =100/13 -> 7.6923077 | AP70: =100/13 -> 7.6923077 | AQ70: =100/13 -> 7.6923077 | AR70: =100/13 -> 7.6923077 | AS70: =100/13 -> 7.6923077 | AT70: =100/13 -> 7.6923077 | AU70: =100/13 -> 7.6923077 | AV70: =100/13 -> 7.6923077 | AW70: =100/13 -> 7.6923077 | ... AY70: =100/13 -> 7.6923077 | CF70: =SUM(H70:CE70) -> 100
D71: =D70 -> 0.034145152 | E71: Actual | F71: =G71*$C$70 -> 0 | G71: =SUM(H71:CE71)/100 -> 0 | CF71: =SUM(H71:CE71) -> 0
A72: 4.2 | B72: งานถนนรอบอาคาร | C72: 12887464 | D72: =C72/$C$86 -> 0.10660691 | E72: Plan | F72: =G72*$C$72 -> 12887465 | G72: =SUM(H72:CE72)/100 -> 1 | AT72: 5.5555556 | AU72: 5.5555556 | AV72: 5.5555556 | AW72: 5.5555556 | AX72: 5.5555556 | AY72: 5.5555556 | AZ72: 5.5555556 | BA72: 5.5555556 | BB72: 5.5555556 | BC72: 5.5555556 | BD72: 5.5555556 | BE72: 5.5555556 | BF72: 5.5555556 | BG72: 5.5555556 | BH72: 5.5555556 | BI72: 5.5555556 | BJ72: 5.5555556 | BK72: 5.5555556 | CF72: =SUM(H72:CE72) -> 100
D73: =D72 -> 0.10660691 | E73: Actual | F73: =G73*$C$72 -> 0 | G73: =SUM(H73:CE73)/100 -> 0 | CF73: =SUM(H73:CE73) -> 0
A74: 4.3 | B74: งานระบบระบายน้ำรอบอาคาร | C74: 1950556 | D74: =C74/$C$86 -> 0.016135273 | E74: Plan | F74: =G74*$C$74 -> 1950556 | G74: =SUM(H74:CE74)/100 -> 1 | AU74: 5.8823529 | AV74: 5.8823529 | AW74: 5.8823529 | AX74: 5.8823529 | AY74: 5.8823529 | AZ74: 5.8823529 | BA74: 5.8823529 | BB74: 5.8823529 | BC74: 5.8823529 | BD74: 5.8823529 | BE74: 5.8823529 | BF74: 5.8823529 | BG74: 5.8823529 | BH74: 5.8823529 | BI74: 5.8823529 | BJ74: 5.8823529 | BK74: 5.8823529 | CF74: =SUM(H74:CE74) -> 100
D75: =D74 -> 0.016135273 | E75: Actual | F75: =G75*$C$74 -> 0 | G75: =SUM(H75:CE75)/100 -> 0 | CF75: =SUM(H75:CE75) -> 0
A76: 4.4 | B76: งานถังเก็บน้ำ | C76: 1056796 | D76: =C76/$C$86 -> 0.0087419647 | E76: Plan | F76: =G76*$C$76 -> 1056796 | G76: =SUM(H76:CE76)/100 -> 1 | BD76: =100/6 -> 16.666667 | BE76: =100/6 -> 16.666667 | BF76: =100/6 -> 16.666667 | BG76: =100/6 -> 16.666667 | BH76: =100/6 -> 16.666667 | BI76: =100/6 -> 16.666667 | CF76: =SUM(H76:CE76) -> 100
D77: =D76 -> 0.0087419647 | E77: Actual | F77: =G77*$C$76 -> 1056796 | G77: =SUM(H77:CE77)/100 -> 1 | AQ77: 11 | AT77: 9 | AU77: 20 | BB77: 35 | BF77: 25 | CF77: =SUM(H77:CE77) -> 100
A78: 4.5 | B78: งานฐานวางถังน้ำดี , ถังบำบัดและถังดักไขมัน | C78: 78731.9 | D78: =C78/$C$86 -> 0.00065128132 | E78: Plan | F78: =G78*$C$78 -> 78731.9 | G78: =SUM(H78:CE78)/100 -> 1 | BG78: 25 | BH78: 25 | BI78: 25 | BJ78: 25 | CF78: =SUM(H78:CE78) -> 100
D79: =D78 -> 0.00065128132 | E79: Actual | F79: =G79*$C$78 -> 78731.9 | G79: =SUM(H79:CE79)/100 -> 1 | BK79: 20 | BL79: 30 | BN79: 10 | BQ79: 40 | CF79: =SUM(H79:CE79) -> 100
A80: 5 | B80: MEP | CF80: =SUM(H80:CE80) -> 0
A82: 5.1 | B82: หมวดงานระบบประกอบอาคาร | C82: 13649085 | D82: =C82/$C$86 -> 0.11290715 | E82: Plan | F82: =G82*$C$82 -> 13649085 | G82: =SUM(H82:CE82)/100 -> 1 | BA82: =100/17 -> 5.8823529 | BB82: =100/17 -> 5.8823529 | BC82: =100/17 -> 5.8823529 | BD82: =100/17 -> 5.8823529 | BE82: =100/17 -> 5.8823529 | BF82: =100/17 -> 5.8823529 | BG82: =100/17 -> 5.8823529 | BH82: =100/17 -> 5.8823529 | ... BQ82: =100/17 -> 5.8823529 | CF82: =SUM(H82:CE82) -> 100
D83: =D82 -> 0.11290715 | E83: Actual | F83: =G83*$C$82 -> 13225963 | G83: =SUM(H83:CE83)/100 -> 0.969 | BA83: 4 | BB83: 5 | BC83: 6.5 | BD83: 7.9 | BE83: 3.3 | BG83: 13.6 | BH83: 11.4 | BI83: 11.7 | BJ83: 14 | BK83: 1.6 | BL83: 7 | BM83: 1.3 | BN83: 4.4 | BO83: 2 | BP83: 2.2 | BQ83: 0.1 | BR83: 0.9 | CF83: =SUM(H83:CE83) -> 96.9
C86: =SUM(C2:C85) -> 1.208877e+08 | D86: =SUM(D2:D85)/2 -> 1 | E86: Plan
E87: Actual | F87: =SUMIF(E2:E85,"Actual",F2:F85) -> 58765544 | G87: =SUMIF(E2:E85,"Actual",G2:G85)/100 -> 0.23969
E96: Plan | H96: {=_xlfn.LET(_xlpm.v,H2:H85,_xlpm.pa,$E$2:$E$85,_xlpm.w,$D$2:$D$85,SUMPRODUCT((_xlpm.v>0)*(_xlpm.pa="Plan")*_xlpm.v*_xlpm.w))} -> 0.26537408 | I96: {=_xlfn.LET(_xlpm.v,I2:I85,_xlpm.pa,$E$2:$E$85,_xlpm.w,$D$2:$D$85,SUMPRODUCT((_xlpm.v>0)*(_xlpm.pa="Plan")*_xlpm.v*_xlpm.w))} -> 0.26537408 | J96: {=_xlfn.LET(_xlpm.v,J2:J85,_xlpm.pa,$E$2:$E$85,_xlpm.w,$D$2:$D$85,SUMPRODUCT((_xlpm.v>0)*(_xlpm.pa="Plan")*_xlpm.v*_xlpm.w))} -> 0.26537408 | K96: {=_xlfn.LET(_xlpm.v,K2:K85,_xlpm.pa,$E$2:$E$85,_xlpm.w,$D$2:$D$85,SUMPRODUCT((_xlpm.v>0)*(_xlpm.pa="Plan")*_xlpm.v*_xlpm.w))} -> 0.26537408 | L96: {=_xlfn.LET(_xlpm.v,L2:L85,_xlpm.pa,$E$2:$E$85,_xlpm.w,$D$2:$D$85,SUMPRODUCT((_xlpm.v>0)*(_xlpm.pa="Plan")*_xlpm.v*_xlpm.w))} -> 0.26537408 | M96: {=_xlfn.LET(_xlpm.v,M2:M85,_xlpm.pa,$E$2:$E$85,_xlpm.w,$D$2:$D$85,SUMPRODUCT((_xlpm.v>0)*(_xlpm.pa="Plan")*_xlpm.v*_xlpm.w))} -> 0.26537408 | N96: {=_xlfn.LET(_xlpm.v,N2:N85,_xlpm.pa,$E$2:$E$85,_xlpm.w,$D$2:$D$85,SUMPRODUCT((_xlpm.v>0)*(_xlpm.pa="Plan")*_xlpm.v*_xlpm.w))} -> 0.26537408 | O96: {=_xlfn.LET(_xlpm.v,O2:O85,_xlpm.pa,$E$2:$E$85,_xlpm.w,$D$2:$D$85,SUMPRODUCT((_xlpm.v>0)*(_xlpm.pa="Plan")*_xlpm.v*_xlpm.w))} -> 0.26537408 | ... CE96: {=_xlfn.LET(_xlpm.v,CE2:CE85,_xlpm.pa,$E$2:$E$85,_xlpm.w,$D$2:$D$85,SUMPRODUCT((_xlpm.v>0)*(_xlpm.pa="Plan")*_xlpm.v*_xlpm.w))} -> 0
E97: Actual | H97: {=_xlfn.LET(_xlpm.v,H2:H85,_xlpm.ac,$E$2:$E$85,_xlpm.w,$D$2:$D$85,SUMPRODUCT((_xlpm.v>0)*(_xlpm.ac="Actual")*_xlpm.v*_xlpm.w))} -> 0.3184489 | I97: {=_xlfn.LET(_xlpm.v,I2:I85,_xlpm.ac,$E$2:$E$85,_xlpm.w,$D$2:$D$85,SUMPRODUCT((_xlpm.v>0)*(_xlpm.ac="Actual")*_xlpm.v*_xlpm.w))} -> 0.3184489 | J97: {=_xlfn.LET(_xlpm.v,J2:J85,_xlpm.ac,$E$2:$E$85,_xlpm.w,$D$2:$D$85,SUMPRODUCT((_xlpm.v>0)*(_xlpm.ac="Actual")*_xlpm.v*_xlpm.w))} -> 0.3184489 | K97: {=_xlfn.LET(_xlpm.v,K2:K85,_xlpm.ac,$E$2:$E$85,_xlpm.w,$D$2:$D$85,SUMPRODUCT((_xlpm.v>0)*(_xlpm.ac="Actual")*_xlpm.v*_xlpm.w))} -> 0.3184489 | L97: {=_xlfn.LET(_xlpm.v,L2:L85,_xlpm.ac,$E$2:$E$85,_xlpm.w,$D$2:$D$85,SUMPRODUCT((_xlpm.v>0)*(_xlpm.ac="Actual")*_xlpm.v*_xlpm.w))} -> 0.3184489 | M97: {=_xlfn.LET(_xlpm.v,M2:M85,_xlpm.ac,$E$2:$E$85,_xlpm.w,$D$2:$D$85,SUMPRODUCT((_xlpm.v>0)*(_xlpm.ac="Actual")*_xlpm.v*_xlpm.w))} -> 0.3184489 | N97: {=_xlfn.LET(_xlpm.v,N2:N85,_xlpm.ac,$E$2:$E$85,_xlpm.w,$D$2:$D$85,SUMPRODUCT((_xlpm.v>0)*(_xlpm.ac="Actual")*_xlpm.v*_xlpm.w))} -> 0.10614963 | O97: {=_xlfn.LET(_xlpm.v,O2:O85,_xlpm.ac,$E$2:$E$85,_xlpm.w,$D$2:$D$85,SUMPRODUCT((_xlpm.v>0)*(_xlpm.ac="Actual")*_xlpm.v*_xlpm.w))} -> 0.10614963 | ... BS97: {=_xlfn.LET(_xlpm.v,BS2:BS85,_xlpm.ac,$E$2:$E$85,_xlpm.w,$D$2:$D$85,SUMPRODUCT((_xlpm.v>0)*(_xlpm.ac="Actual")*_xlpm.v*_xlpm.w))} -> 0
B98: Acc.Plan | E98: Plan | H98: =H96 -> 0.26537408 | I98: =I96+H98 -> 0.53074816 | J98: =J96+I98 -> 0.79612224 | K98: =K96+J98 -> 1.0614963 | L98: =L96+K98 -> 1.3268704 | M98: =M96+L98 -> 1.5922445 | N98: =N96+M98 -> 1.8576186 | O98: =O96+N98 -> 2.1229926 | P98: =P96+O98 -> 2.3324726 | ... CE98: =CE96+CD98 -> 100
B99: Acc.Actual | E99: Actual | H99: =H97 -> 0.3184489 | I99: =I97+H99 -> 0.63689779 | J99: =J97+I99 -> 0.95534669 | K99: =K97+J99 -> 1.2737956 | L99: =L97+K99 -> 1.5922445 | M99: =M97+L99 -> 1.9106934 | N99: =N97+M99 -> 2.016843 | O99: =O97+N99 -> 2.1229926 | P99: =P97+O99 -> 2.3324726 | ... BS99: =BS97+BR99 -> 48.611682

Sheet Progress_Summary
A1: =SCH!H1 -> 46060 | B1: =SCH!I1 -> 46067 | C1: =SCH!J1 -> 46074 | D1: =SCH!K1 -> 46081 | E1: =SCH!L1 -> 46088 | F1: =SCH!M1 -> 46095 | G1: =SCH!N1 -> 46102 | H1: =SCH!O1 -> 46109 | ... BX1: =SCH!CE1 -> 46585
A2: =SCH!H98 -> 0.26537408 | B2: =SCH!I98 -> 0.53074816 | C2: =SCH!J98 -> 0.79612224 | D2: =SCH!K98 -> 1.0614963 | E2: =SCH!L98 -> 1.3268704 | F2: =SCH!M98 -> 1.5922445 | G2: =SCH!N98 -> 1.8576186 | H2: =SCH!O98 -> 2.1229926 | ... BX2: =SCH!CE98 -> 100
A3: =SCH!H99 -> 0.3184489 | B3: =SCH!I99 -> 0.63689779 | C3: =SCH!J99 -> 0.95534669 | D3: =SCH!K99 -> 1.2737956 | E3: =SCH!L99 -> 1.5922445 | F3: =SCH!M99 -> 1.9106934 | G3: =SCH!N99 -> 2.016843 | H3: =SCH!O99 -> 2.1229926 | ... BX3: =SCH!CE99 -> 0

Sheet man_power
B7: 0.0024230454
D8: date | F8: 1to7 | G8: 8to14 | H8: 15to22 | I8: 23to30 | J8: 1to7 | K8: 8to14 | L8: 15to22 | M8: 23to30 | N8: 1to7 | O8: 8to14 | P8: 15to22 | Q8: 23to30 | R8: 1to7 | S8: 8to14 | T8: 15to22 | U8: 23to30 | V8: 1to7 | W8: 8to14 | X8: 15to22 | Y8: 23to30 | Z8: 1to7 | AA8: 8to14 | AB8: 15to22 | AC8: 23to30 | AD8: 1to7 | AE8: 8to14 | AF8: 15to22 | AG8: 23to30 | AH8: 1to7 | AI8: 8to14 | AJ8: 15to22 | AK8: 23to30 | AL8: 1to7 | AM8: 8to14 | AN8: 15to22 | AO8: 23to30 | AP8: 1to7 | AQ8: 8to14 | AR8: 15to22 | AS8: 23to30 | AT8: 1to7 | AU8: 8to14 | AV8: 15to22 | AW8: 23to30 | AX8: 1to7 | AY8: 8to14 | AZ8: 15to22 | BA8: 23to30 | BB8: 1to7 | BC8: 8to14 | BD8: 15to22 | BE8: 23to30 | BF8: 1to7 | BG8: 8to14 | BH8: 15to22 | BI8: 23to30 | BJ8: 1to7 | BK8: 8to14 | BL8: 15to22 | BM8: 23to30 | BN8: 1to7 | BO8: 8to14 | BP8: 15to22 | BQ8: 23to30
D9: Num | F9: 7 | G9: 7 | H9: 8 | I9: 8 | J9: 7 | K9: 7 | L9: 8 | M9: 8 | N9: 7 | O9: 7 | P9: 8 | Q9: 8 | R9: 7 | S9: 7 | T9: 8 | U9: 8 | V9: 7 | W9: 7 | X9: 8 | Y9: 8 | Z9: 7 | AA9: 7 | AB9: 8 | AC9: 8 | AD9: 7 | AE9: 7 | AF9: 8 | AG9: 8 | AH9: 7 | AI9: 7 | AJ9: 8 | AK9: 8 | AL9: 7 | AM9: 7 | AN9: 8 | AO9: 8 | AP9: 7 | AQ9: 7 | AR9: 8 | AS9: 8 | AT9: 7 | AU9: 7 | AV9: 8 | AW9: 8 | AX9: 7 | AY9: 7 | AZ9: 8 | BA9: 8 | BB9: 7 | BC9: 7 | BD9: 8 | BE9: 8 | BF9: 7 | BG9: 7 | BH9: 8 | BI9: 8 | BJ9: 7 | BK9: 7 | BL9: 8 | BM9: 8 | BN9: 7 | BO9: 7 | BP9: 8 | BQ9: 8
A10: ลำดับ | B10: รายการ | C10: Amount (THB) | D10: %W | F10: 1 | J10: 2 | N10: 3 | R10: 4 | V10: 5 | Z10: 6 | AD10: 7 | AH10: 8 | AL10: 9 | AP10: 10 | AT10: 11 | AX10: 12 | BB10: 13 | BF10: 14 | BJ10: 15 | BN10: 16 | BR10: Man-Hr | BS10: Remark
F11: 45139 | J11: 45170 | N11: 45200 | R11: 45231 | V11: 45261 | Z11: 45292 | AD11: 45323 | AH11: 45352 | AL11: 45383 | AP11: 45413 | AT11: 45444 | AX11: 45474 | BB11: 45505 | BF11: 45536 | BJ11: 45566 | BN11: 45597
F12: 1 | G12: 2 | H12: 3 | I12: 4 | J12: 5 | K12: 6 | L12: 7 | M12: 8 | N12: 9 | O12: 10 | P12: 11 | Q12: 12 | R12: 13 | S12: 14 | T12: 15 | U12: 16 | V12: 17 | W12: 18 | X12: 19 | Y12: 20 | Z12: 21 | AA12: 22 | AB12: 23 | AC12: 24 | AD12: 25 | AE12: 26 | AF12: 27 | AG12: 28 | AH12: 29 | AI12: 30 | AJ12: 31 | AK12: 32 | AL12: 33 | AM12: 34 | AN12: 35 | AO12: 36 | AP12: 37 | AQ12: 38 | AR12: 39 | AS12: 40 | AT12: 41 | AU12: 42 | AV12: 43 | AW12: 44 | AX12: 45 | AY12: 46 | AZ12: 47 | BA12: 48 | BB12: 49 | BC12: 50 | BD12: 51 | BE12: 52 | BF12: 53 | BG12: 54 | BH12: 55 | BI12: 56 | BJ12: 57 | BK12: 58 | BL12: 59 | BM12: 60 | BN12: 61 | BO12: 62 | BP12: 63 | BQ12: 64
A13: 1 | B13: งานเตรียมการและดำเนินงาน | C13: =SUM(C15:C20) -> 6269532.9
A15: 1.1 | B15: เตรียมการก่อสร้าง | C15: 2220160.6 | F15: 20 | G15: =F15 -> 20 | H15: =G15 -> 20 | I15: =H15 -> 20 | J15: =I15 -> 20 | K15: =J15 -> 20 | BR15: =SUM(F15:BQ15)*8 -> 960
BR16: =SUM(F16:BQ16)*8 -> 0 | BS16: =1-BR16 -> 1
A17: 1.2 | B17: ดำเนินการก่อสร้าง | C17: 3725346.6 | L17: 5 | M17: =L17 -> 5 | N17: =M17 -> 5 | O17: =N17 -> 5 | P17: =O17 -> 5 | Q17: =P17 -> 5 | R17: =Q17 -> 5 | S17: =R17 -> 5 | T17: =S17 -> 5 | ... X17: =W17 -> 5 | Z17: =X17 -> 5 | AA17: =Z17 -> 5 | AB17: =AA17 -> 5 | AC17: =AB17 -> 5 | AD17: =AC17 -> 5 | AE17: =AD17 -> 5 | AF17: =AE17 -> 5 | AG17: =AF17 -> 5 | AH17: =AG17 -> 5 | ... AL17: =AK17 -> 5 | AN17: =AL17 -> 5 | AO17: =AN17 -> 5 | AP17: =AO17 -> 5 | AQ17: =AP17 -> 5 | AR17: =AQ17 -> 5 | AS17: =AR17 -> 5 | AT17: =AS17 -> 5 | AU17: =AT17 -> 5 | AV17: =AU17 -> 5 | ... BI17: =BH17 -> 5 | BR17: =SUM(F17:BQ17)*8 -> 1920
BR18: =SUM(F18:BQ18)*8 -> 0
A19: 1.3 | B19: การส่งมอบงาน | C19: 324025.76 | BJ19: 5 | BK19: =BJ19 -> 5 | BL19: =BK19 -> 5 | BM19: =BL19 -> 5 | BN19: =BM19 -> 5 | BO19: =BN19 -> 5 | BP19: =BO19 -> 5 | BQ19: =BP19 -> 5 | BR19: =SUM(F19:BQ19)*8 -> 320
BR20: =SUM(F20:BQ20)*8 -> 0
A21: 2 | B21: งานโครสร้างอาคารโรงงาน | C21: =SUM(C23:C40) -> 54647766 | BR21: =SUM(F21:BQ21)*8 -> 0
BR22: =SUM(F22:BQ22)*8 -> 0
A23: 2.1 | B23: งานถมดินพร้อมบดอัด | C23: 0 | H23: =1/4 -> 0.25 | I23: =H23 -> 0.25 | J23: =I23 -> 0.25 | K23: =J23 -> 0.25 | BR23: =SUM(F23:BQ23)*8 -> 8
BR24: =SUM(F24:BQ24)*8 -> 0
A25: 2.2 | B25: งานเข็มตอก | C25: 15715922 | BR25: =SUM(F25:BQ25)*8 -> 0
BR26: =SUM(F26:BQ26)*8 -> 0
A27: 2.3 | B27: งานฐานรากและตอม่อ | C27: 1336651.7 | R27: 25 | S27: =R27 -> 25 | T27: =S27 -> 25 | U27: =T27 -> 25 | V27: =U27 -> 25 | W27: =V27 -> 25 | X27: =W27 -> 25 | BR27: =SUM(F27:BQ27)*8 -> 1400
BR28: =SUM(F28:BQ28)*8 -> 0
A29: 2.4 | B29: งานติดตั้งเสา | C29: 4751536.3 | V29: 7 | W29: =V29 -> 7 | X29: =W29 -> 7 | Z29: =X29 -> 7 | AA29: =Z29 -> 7 | AB29: =AA29 -> 7 | AC29: =AB29 -> 7 | AD29: =AC29 -> 7 | BR29: =SUM(F29:BQ29)*8 -> 448
BR30: =SUM(F30:BQ30)*8 -> 0
A31: 2.5 | B31: งานติดตั้งคาน | C31: 3464852.2 | AA31: 7 | AB31: =AA31 -> 7 | AC31: =AB31 -> 7 | AD31: =AC31 -> 7 | AE31: =AD31 -> 7 | AF31: =AE31 -> 7 | AG31: =AF31 -> 7 | AH31: =AG31 -> 7 | AI31: =AH31 -> 7 | AJ31: =AI31 -> 7 | BR31: =SUM(F31:BQ31)*8 -> 560
BR32: =SUM(F32:BQ32)*8 -> 0 | BS32: =1-BR32 -> 1
A33: 2.6 | B33: งานโครงสร้างหลังคา TRUSS | C33: 4819226.1 | AD33: 15 | AE33: =AD33 -> 15 | AF33: =AE33 -> 15 | AG33: =AF33 -> 15 | AH33: =AG33 -> 15 | AI33: =AH33 -> 15 | AJ33: =AI33 -> 15 | AK33: =AJ33 -> 15 | BR33: =SUM(F33:BQ33)*8 -> 960
BR34: =SUM(F34:BQ34)*8 -> 0
A35: 2.7 | B35: งานโครงสร้างพื้นชั้นที่ 1 | C35: 21495535 | AN35: 40 | AO35: =AN35 -> 40 | AP35: =AO35 -> 40 | AQ35: =AP35 -> 40 | AR35: =AQ35 -> 40 | AS35: =AR35 -> 40 | AT35: =AS35 -> 40 | AU35: =AT35 -> 40 | BR35: =SUM(F35:BQ35)*8 -> 2560
BR36: =SUM(F36:BQ36)*8 -> 0
A37: 2.8 | B37: งานบันได คสล | C37: 93301.39 | AQ37: 7 | AR37: =AQ37 -> 7 | AS37: =AR37 -> 7 | AT37: =AS37 -> 7 | AU37: =AT37 -> 7 | AV37: =AU37 -> 7 | AW37: =AV37 -> 7 | BR37: =SUM(F37:BQ37)*8 -> 392
BR38: =SUM(F38:BQ38)*8 -> 0
A39: 2.9 | B39: งานโครงสร้างอาคารสำนักงาน | C39: 2970741.4 | AN39: 25 | AO39: =AN39 -> 25 | AP39: =AO39 -> 25 | AQ39: =AP39 -> 25 | AR39: =AQ39 -> 25 | AS39: =AR39 -> 25 | AT39: =AS39 -> 25 | AU39: =AT39 -> 25 | AV39: =AU39 -> 25 | AW39: =AV39 -> 25 | BR39: =SUM(F39:BQ39)*8 -> 2000
BR40: =SUM(F40:BQ40)*8 -> 0
A41: 3 | B41: งานสถาปัตยกรรม | C41: =C43+C63 -> 22218557 | BR41: =SUM(F41:BQ41)*8 -> 0
BR42: =SUM(F42:BQ42)*8 -> 0
A43: B | B43: งานสถาปัตยกรรมโรงงาน | C43: =SUM(C45:C62) -> 17700507 | BR43: =SUM(F43:BQ43)*8 -> 0
BR44: =SUM(F44:BQ44)*8 -> 0
A45: 3.1 | B45: งานผนังและวัสดุตกแต่งผนัง | C45: 3350611.1 | AR45: 30 | AS45: =AR45 -> 30 | AT45: =AS45 -> 30 | AU45: =AT45 -> 30 | AV45: =AU45 -> 30 | AW45: =AV45 -> 30 | AX45: =AW45 -> 30 | AY45: =AX45 -> 30 | AZ45: =AY45 -> 30 | BA45: =AZ45 -> 30 | BR45: =SUM(F45:BQ45)*8 -> 2400
BR46: =SUM(F46:BQ46)*8 -> 0
A47: 3.2 | B47: งานพื้นและวัสดุตกแต่งพื้น | C47: 1378000 | AV47: 30 | AW47: =AV47 -> 30 | AX47: =AW47 -> 30 | AY47: =AX47 -> 30 | AZ47: =AY47 -> 30 | BA47: =AZ47 -> 30 | BB47: =BA47 -> 30 | BC47: =BB47 -> 30 | BD47: =BC47 -> 30 | BE47: =BD47 -> 30 | BR47: =SUM(F47:BQ47)*8 -> 2400
BR48: =SUM(F48:BQ48)*8 -> 0
A49: 3.3 | B49: Louver and Siding | C49: 3000000 | AN49: 15 | AO49: =AN49 -> 15 | AP49: =AO49 -> 15 | AQ49: =AP49 -> 15 | BR49: =SUM(F49:BQ49)*8 -> 480
BR50: =SUM(F50:BQ50)*8 -> 0
A51: 3.4 | B51: งานมุงหลังคา | C51: 9203888.9 | AH51: 15 | AI51: =AH51 -> 15 | AJ51: =AI51 -> 15 | AK51: =AJ51 -> 15 | AL51: =AK51 -> 15 | BR51: =SUM(F51:BQ51)*8 -> 600
BR52: =SUM(F52:BQ52)*8 -> 0
A53: 3.5 | B53: งานตกแต่งบันได | AZ53: =1/5 -> 0.2 | BA53: =AZ53 -> 0.2 | BB53: =BA53 -> 0.2 | BC53: =BB53 -> 0.2 | BD53: =BC53 -> 0.2 | BR53: =SUM(F53:BQ53)*8 -> 8
BR54: =SUM(F54:BQ54)*8 -> 0
A55: 3.6 | B55: งานประตูหน้าต่าง | C55: 524488.89 | AZ55: 7 | BA55: =AZ55 -> 7 | BB55: =BA55 -> 7 | BC55: =BB55 -> 7 | BD55: =BC55 -> 7 | BE55: =BD55 -> 7 | BF55: =BE55 -> 7 | BR55: =SUM(F55:BQ55)*8 -> 392
BR56: =SUM(F56:BQ56)*8 -> 0
A57: 3.7 | B57: งานติดตั้งสุขภัณฑ์ | BR57: =SUM(F57:BQ57)*8 -> 0
BR58: =SUM(F58:BQ58)*8 -> 0
A59: 3.8 | B59: งานทาสี | C59: 243518.52 | BB59: 10 | BC59: =BB59 -> 10 | BD59: =BC59 -> 10 | BE59: =BD59 -> 10 | BF59: =BE59 -> 10 | BG59: =BF59 -> 10 | BH59: =BG59 -> 10 | BI59: =BH59 -> 10 | BR59: =SUM(F59:BQ59)*8 -> 640
BR60: =SUM(F60:BQ60)*8 -> 0
A61: 3.9 | B61: งานเบ็ดเตล็ด | BR61: =SUM(F61:BQ61)*8 -> 0
BR62: =SUM(F62:BQ62)*8 -> 0
A63: B | B63: งานสถาปัตยกรรมอาคารสำนักงาน | C63: =SUM(C65:C82) -> 4518050 | BR63: =SUM(F63:BQ63)*8 -> 0
BR64: =SUM(F64:BQ64)*8 -> 0
A65: 3.1 | B65: งานผนังและวัสดุตกแต่งผนัง | C65: 1367470 | AT65: 30 | AU65: =AT65 -> 30 | AV65: =AU65 -> 30 | AW65: =AV65 -> 30 | AX65: =AW65 -> 30 | AY65: =AX65 -> 30 | AZ65: =AY65 -> 30 | BA65: =AZ65 -> 30 | BB65: =BA65 -> 30 | BC65: =BB65 -> 30 | BR65: =SUM(F65:BQ65)*8 -> 2400
BR66: =SUM(F66:BQ66)*8 -> 0
A67: 3.2 | B67: งานพื้นและวัสดุตกแต่งพื้น | C67: 770880 | AV67: 20 | AW67: =AV67 -> 20 | AX67: =AW67 -> 20 | AY67: =AX67 -> 20 | AZ67: =AY67 -> 20 | BA67: =AZ67 -> 20 | BB67: =BA67 -> 20 | BC67: =BB67 -> 20 | BD67: =BC67 -> 20 | ... BF67: =BE67 -> 20 | BR67: =SUM(F67:BQ67)*8 -> 1760
BR68: =SUM(F68:BQ68)*8 -> 0
A69: 3.3 | B69: งานฝ้าเพดาน | C69: 317220 | AW69: 8 | AX69: =AW69 -> 8 | AY69: =AX69 -> 8 | AZ69: =AY69 -> 8 | BA69: =AZ69 -> 8 | BB69: =BA69 -> 8 | BC69: =BB69 -> 8 | BD69: =BC69 -> 8 | BE69: =BD69 -> 8 | ... BG69: =BF69 -> 8 | BR69: =SUM(F69:BQ69)*8 -> 704
BR70: =SUM(F70:BQ70)*8 -> 0
A71: 3.4 | B71: งานมุงหลังคา | BR71: =SUM(F71:BQ71)*8 -> 0
BR72: =SUM(F72:BQ72)*8 -> 0
A73: 3.4 | B73: งานตกแต่งบันได | C73: 244820 | BB73: 7 | BC73: =BB73 -> 7 | BD73: =BC73 -> 7 | BE73: =BD73 -> 7 | BF73: =BE73 -> 7 | BG73: =BF73 -> 7 | BH73: =BG73 -> 7 | BR73: =SUM(F73:BQ73)*8 -> 392
BR74: =SUM(F74:BQ74)*8 -> 0
A75: 3.5 | B75: งานประตูหน้าต่าง | C75: 637740 | BB75: 10 | BC75: =BB75 -> 10 | BD75: =BC75 -> 10 | BE75: =BD75 -> 10 | BF75: =BE75 -> 10 | BG75: =BF75 -> 10 | BH75: =BG75 -> 10 | BR75: =SUM(F75:BQ75)*8 -> 560
BR76: =SUM(F76:BQ76)*8 -> 0
A77: 3.6 | B77: งานคิดตั้งสุขภัณฑ์ | C77: 1005870 | BG77: 5 | BH77: =BG77 -> 5 | BI77: =BH77 -> 5 | BR77: =SUM(F77:BQ77)*8 -> 120
BR78: =SUM(F78:BQ78)*8 -> 0
A79: 3.7 | B79: งานทาสี | C79: 174050 | BC79: 10 | BD79: =BC79 -> 10 | BE79: =BD79 -> 10 | BF79: =BE79 -> 10 | BG79: =BF79 -> 10 | BH79: =BG79 -> 10 | BI79: =BH79 -> 10 | BR79: =SUM(F79:BQ79)*8 -> 560
BR80: =SUM(F80:BQ80)*8 -> 0
A81: 3.9 | B81: งานเบ็ดเตล็ด | BR81: =SUM(F81:BQ81)*8 -> 0
BR82: =SUM(F82:BQ82)*8 -> 0
A83: 4 | B83: งานภายนอก | C83: =SUM(C85:C90) -> 8625020 | BR83: =SUM(F83:BQ83)*8 -> 0
BR84: =SUM(F84:BQ84)*8 -> 0
A85: 4.1 | BR85: =SUM(F85:BQ85)*8 -> 0
BR86: =SUM(F86:BQ86)*8 -> 0
A87: 4.1 | B87: งานภายนอกอาคาร | C87: 8625020 | AP87: 25 | AQ87: =AP87 -> 25 | AR87: =AQ87 -> 25 | AS87: =AR87 -> 25 | AT87: =AS87 -> 25 | AU87: =AT87 -> 25 | AV87: =AU87 -> 25 | AW87: =AV87 -> 25 | AX87: =AW87 -> 25 | ... BI87: =BH87 -> 25 | BR87: =SUM(F87:BQ87)*8 -> 4000
BR88: =SUM(F88:BQ88)*8 -> 0
A89: 4.3 | BR89: =SUM(F89:BQ89)*8 -> 0
BR90: =SUM(F90:BQ90)*8 -> 0
A91: 5 | B91: งานระบบประกอบอาคาร | C91: =SUM(C93:C96) -> 11766667 | BR91: =SUM(F91:BQ91)*8 -> 0
BR92: =SUM(F92:BQ92)*8 -> 0
A93: 5.1 | B93: งานระบบไฟฟ้ากำลังและแสงสว่าง | C93: 6787125 | BR93: =SUM(F93:BQ93)*8 -> 0
BR94: =SUM(F94:BQ94)*8 -> 0
A95: 5.2 | B95: ระบบสุขาภิบาลและป้องกันอัคคีภัย | C95: 4979542 | BR95: =SUM(F95:BQ95)*8 -> 0
BR96: =SUM(F96:BQ96)*8 -> 0
A97: 6 | B97: Defection & Hanover | C97: =SUM(C99:C100) -> 500000 | BR97: =SUM(F97:BQ97)*8 -> 0
BR98: =SUM(F98:BQ98)*8 -> 0
A99: 6.1 | B99: Defect & Handover | C99: 500000 | BJ99: 15 | BK99: =BJ99 -> 15 | BL99: =BK99 -> 15 | BM99: =BL99 -> 15 | BN99: =BM99 -> 15 | BO99: =BN99 -> 15 | BP99: =BO99 -> 15 | BQ99: =BP99 -> 15 | BR99: =SUM(F99:BQ99)*8 -> 960
B101: Q'ty | F101: =SUM(F15:F100) -> 20 | G101: =SUM(G15:G100) -> 20 | H101: =SUM(H15:H100) -> 20.25 | I101: =SUM(I15:I100) -> 20.25 | J101: =SUM(J15:J100) -> 20.25 | K101: =SUM(K15:K100) -> 20.25 | L101: =SUM(L15:L100) -> 5 | M101: =SUM(M15:M100) -> 5 | ... BQ101: =SUM(BQ15:BQ100) -> 20 | BR101: =SUM(BR15:BR99) -> 29904
B102: Per Month | F102: =SUM(F101:I101)/4 -> 20.125 | J102: =SUM(J101:M101)/4 -> 12.625 | N102: =SUM(N101:Q101)/4 -> 5 | R102: =SUM(R101:U101)/4 -> 30 | V102: =SUM(V101:Y101)/4 -> 27.75 | Z102: =SUM(Z101:AC101)/4 -> 17.25 | AD102: =SUM(AD101:AG101)/4 -> 28.75 | AH102: =SUM(AH101:AK101)/4 -> 40.25 | AL102: =SUM(AL101:AO101)/4 -> 47.5 | AP102: =SUM(AP101:AS101)/4 -> 122.75 | AT102: =SUM(AT101:AW101)/4 -> 169 | AX102: =SUM(AX101:BA101)/4 -> 151.6 | BB102: =SUM(BB101:BE101)/4 -> 144.65 | BF102: =SUM(BF101:BI101)/4 -> 77.25 | BJ102: =SUM(BJ101:BM101)/4 -> 20 | BN102: =SUM(BN101:BQ101)/4 -> 20
C103: =#REF! -> #REF!
